user_id,event_date,event_type
U00001,2024-09-18,feature_use
U00001,2024-11-18,login
U00001,2024-11-17,support_ticket
U00001,2024-11-05,feature_use
U00001,2024-11-12,feature_use
U00001,2024-11-25,login
U00001,2024-12-26,login
U00001,2024-12-27,support_ticket
U00001,2024-09-29,login
U00001,2024-10-10,login
U00001,2024-12-22,feature_use
U00001,2024-11-07,login
U00001,2024-09-08,support_ticket
U00001,2024-09-09,feature_use
U00001,2024-08-04,login
U00001,2024-11-17,feature_use
U00001,2024-09-05,support_ticket
U00001,2024-12-12,support_ticket
U00001,2024-10-21,feature_use
U00001,2024-10-17,feature_use
U00001,2024-12-23,support_ticket
U00001,2024-08-14,feature_use
U00001,2024-08-27,support_ticket
U00001,2024-09-12,login
U00001,2024-09-26,feature_use
U00001,2024-12-01,support_ticket
U00001,2024-08-26,feature_use
U00001,2024-10-26,feature_use
U00002,2023-07-21,support_ticket
U00002,2024-02-08,feature_use
U00002,2023-07-05,login
U00002,2023-09-12,login
U00002,2023-07-12,support_ticket
U00002,2024-03-29,login
U00002,2024-02-28,support_ticket
U00002,2024-05-13,support_ticket
U00002,2024-01-20,login
U00002,2024-09-24,feature_use
U00002,2023-07-16,feature_use
U00002,2024-06-06,support_ticket
U00002,2023-11-29,support_ticket
U00002,2023-10-18,login
U00002,2023-08-12,support_ticket
U00002,2023-05-07,feature_use
U00002,2024-04-24,login
U00002,2024-12-23,login
U00002,2024-05-03,feature_use
U00002,2023-09-22,support_ticket
U00002,2024-04-05,support_ticket
U00002,2023-09-05,login
U00002,2022-10-07,login
U00002,2023-07-04,login
U00002,2023-06-04,feature_use
U00002,2024-05-16,feature_use
U00002,2024-07-14,feature_use
U00002,2024-03-28,support_ticket
U00003,2023-04-21,feature_use
U00003,2023-10-26,support_ticket
U00003,2024-09-13,feature_use
U00003,2024-02-07,login
U00003,2022-10-24,login
U00003,2022-06-26,support_ticket
U00003,2023-02-05,support_ticket
U00003,2023-03-12,support_ticket
U00003,2022-03-25,login
U00003,2022-09-19,feature_use
U00003,2022-05-11,login
U00003,2022-02-20,feature_use
U00003,2024-11-09,login
U00003,2021-12-05,feature_use
U00003,2024-09-20,login
U00003,2022-05-13,feature_use
U00003,2022-08-27,login
U00003,2023-12-20,feature_use
U00003,2023-01-25,login
U00003,2023-05-17,feature_use
U00003,2022-06-28,login
U00003,2024-09-25,login
U00003,2021-12-10,login
U00003,2023-10-13,feature_use
U00003,2024-06-14,feature_use
U00003,2024-10-24,feature_use
U00003,2024-11-09,feature_use
U00003,2022-07-16,support_ticket
U00003,2024-10-21,login
U00003,2024-05-05,support_ticket
U00004,2024-11-05,feature_use
U00004,2024-10-16,support_ticket
U00004,2024-12-14,support_ticket
U00004,2024-06-28,feature_use
U00004,2024-09-24,support_ticket
U00004,2024-05-17,login
U00004,2024-09-04,feature_use
U00004,2024-07-27,feature_use
U00004,2024-06-03,login
U00004,2024-06-25,login
U00004,2024-01-22,support_ticket
U00004,2024-03-31,feature_use
U00004,2024-06-16,feature_use
U00004,2024-10-21,login
U00004,2024-09-29,feature_use
U00004,2024-06-23,login
U00004,2024-08-29,feature_use
U00004,2024-11-22,login
U00004,2024-01-25,support_ticket
U00004,2024-07-31,login
U00004,2024-08-19,support_ticket
U00004,2024-09-01,feature_use
U00004,2024-05-28,login
U00004,2024-12-17,feature_use
U00004,2024-08-02,login
U00004,2024-06-04,login
U00004,2024-08-25,support_ticket
U00004,2024-05-23,support_ticket
U00004,2024-11-30,support_ticket
U00004,2024-06-09,feature_use
U00004,2024-12-19,support_ticket
U00004,2024-10-20,feature_use
U00004,2024-08-20,login
U00004,2024-02-26,login
U00004,2024-03-31,feature_use
U00004,2024-03-18,support_ticket
U00004,2024-09-11,support_ticket
U00004,2024-09-09,feature_use
U00004,2024-12-05,feature_use
U00004,2024-04-27,feature_use
U00004,2024-01-31,login
U00004,2024-02-16,support_ticket
U00004,2024-02-02,login
U00004,2024-03-14,feature_use
U00004,2024-06-07,login
U00005,2024-08-05,support_ticket
U00005,2023-05-23,login
U00005,2023-08-15,login
U00005,2023-05-30,feature_use
U00005,2023-12-23,feature_use
U00005,2024-07-18,feature_use
U00005,2024-10-06,feature_use
U00005,2024-08-31,support_ticket
U00005,2023-06-16,feature_use
U00005,2023-08-05,login
U00005,2023-07-11,feature_use
U00005,2024-06-19,login
U00005,2024-11-21,feature_use
U00005,2023-11-16,login
U00005,2024-01-26,feature_use
U00005,2023-05-27,login
U00005,2024-01-24,feature_use
U00005,2024-08-10,login
U00005,2023-06-18,login
U00005,2024-08-28,support_ticket
U00005,2023-08-19,support_ticket
U00005,2023-12-14,feature_use
U00005,2024-06-16,support_ticket
U00005,2024-03-29,feature_use
U00005,2023-10-24,support_ticket
U00005,2023-06-27,support_ticket
U00005,2024-11-27,support_ticket
U00005,2023-09-17,feature_use
U00005,2024-09-18,support_ticket
U00005,2024-03-15,login
U00005,2024-05-18,login
U00005,2023-12-24,login
U00005,2024-01-11,support_ticket
U00005,2024-08-01,feature_use
U00005,2023-05-30,login
U00005,2024-02-21,support_ticket
U00005,2023-09-14,feature_use
U00005,2024-01-18,login
U00005,2023-06-27,support_ticket
U00005,2024-09-12,support_ticket
U00005,2023-10-20,feature_use
U00005,2023-08-14,login
U00005,2023-10-23,feature_use
U00005,2023-08-16,support_ticket
U00005,2024-04-25,support_ticket
U00005,2023-07-15,login
U00005,2024-05-13,support_ticket
U00005,2023-10-19,support_ticket
U00005,2024-11-14,login
U00005,2023-09-20,feature_use
U00006,2023-04-20,support_ticket
U00006,2023-06-22,feature_use
U00006,2022-08-10,login
U00006,2023-08-23,feature_use
U00006,2022-04-12,feature_use
U00006,2021-09-29,feature_use
U00006,2023-12-24,support_ticket
U00006,2023-03-06,support_ticket
U00006,2024-04-09,login
U00006,2024-09-13,login
U00006,2024-07-28,feature_use
U00006,2023-05-04,support_ticket
U00006,2024-02-25,feature_use
U00006,2024-11-18,support_ticket
U00006,2022-06-04,login
U00006,2024-07-02,login
U00006,2024-01-17,feature_use
U00006,2023-01-01,support_ticket
U00006,2023-08-01,feature_use
U00007,2024-12-02,support_ticket
U00007,2024-07-17,feature_use
U00007,2024-11-10,login
U00007,2023-11-10,support_ticket
U00007,2024-05-05,support_ticket
U00008,2024-08-06,support_ticket
U00008,2024-03-27,support_ticket
U00008,2024-11-25,feature_use
U00008,2024-05-31,support_ticket
U00008,2024-11-04,support_ticket
U00008,2024-05-12,support_ticket
U00008,2024-07-17,feature_use
U00008,2024-09-20,support_ticket
U00008,2024-08-06,login
U00008,2024-04-13,support_ticket
U00008,2024-03-29,login
U00008,2024-04-30,login
U00008,2024-03-11,login
U00008,2024-04-18,feature_use
U00008,2024-06-01,login
U00008,2024-03-11,support_ticket
U00008,2024-09-09,support_ticket
U00008,2024-10-31,support_ticket
U00008,2024-12-22,feature_use
U00008,2024-03-20,feature_use
U00009,2024-09-10,login
U00009,2024-10-15,support_ticket
U00009,2024-12-26,login
U00009,2024-12-20,support_ticket
U00009,2024-09-07,feature_use
U00009,2024-12-07,feature_use
U00009,2024-09-06,support_ticket
U00009,2024-10-30,support_ticket
U00009,2024-09-02,support_ticket
U00009,2024-09-10,feature_use
U00009,2024-09-11,login
U00009,2024-09-16,login
U00009,2024-10-21,support_ticket
U00009,2024-11-29,login
U00009,2024-10-11,support_ticket
U00009,2024-10-25,support_ticket
U00009,2024-10-07,support_ticket
U00009,2024-12-07,support_ticket
U00009,2024-09-19,support_ticket
U00010,2023-03-29,support_ticket
U00010,2023-07-10,support_ticket
U00010,2024-02-07,feature_use
U00010,2024-09-17,login
U00010,2022-09-14,login
U00010,2023-10-12,feature_use
U00010,2023-08-26,feature_use
U00010,2024-01-30,login
U00010,2023-09-25,support_ticket
U00010,2023-06-24,feature_use
U00010,2024-10-07,feature_use
U00010,2023-10-12,feature_use
U00010,2024-08-09,feature_use
U00010,2023-05-24,support_ticket
U00010,2023-06-11,support_ticket
U00010,2023-02-22,support_ticket
U00010,2022-11-29,support_ticket
U00010,2023-10-07,login
U00010,2023-04-16,support_ticket
U00010,2024-10-31,support_ticket
U00010,2022-12-13,feature_use
U00010,2024-12-06,feature_use
U00010,2023-06-29,feature_use
U00010,2022-03-28,support_ticket
U00010,2022-05-02,feature_use
U00010,2023-11-28,login
U00010,2023-09-09,login
U00010,2024-09-24,feature_use
U00010,2022-04-03,feature_use
U00010,2024-12-30,login
U00010,2022-11-02,feature_use
U00010,2022-04-19,support_ticket
U00010,2024-07-17,feature_use
U00010,2024-10-24,support_ticket
U00010,2023-09-02,support_ticket
U00010,2023-11-02,support_ticket
U00010,2022-09-02,login
U00010,2022-05-05,feature_use
U00010,2023-03-27,login
U00010,2022-08-16,feature_use
U00010,2023-04-07,support_ticket
U00011,2023-03-19,feature_use
U00011,2024-10-31,feature_use
U00011,2022-10-26,support_ticket
U00011,2023-09-06,support_ticket
U00011,2023-03-03,support_ticket
U00011,2022-10-11,support_ticket
U00011,2023-06-21,feature_use
U00011,2023-01-17,feature_use
U00011,2024-11-15,support_ticket
U00011,2024-07-12,support_ticket
U00011,2024-11-09,login
U00011,2024-03-24,support_ticket
U00011,2023-05-27,login
U00011,2024-08-10,support_ticket
U00011,2023-08-18,login
U00011,2024-09-29,login
U00011,2024-09-20,feature_use
U00011,2023-07-15,feature_use
U00011,2023-09-23,login
U00011,2024-12-30,login
U00012,2024-11-30,support_ticket
U00012,2024-12-24,login
U00012,2024-12-19,support_ticket
U00012,2024-12-02,feature_use
U00012,2024-12-09,feature_use
U00012,2024-12-14,login
U00012,2024-12-03,support_ticket
U00012,2024-12-25,feature_use
U00012,2024-12-05,login
U00012,2024-12-27,feature_use
U00012,2024-12-25,login
U00012,2024-12-08,feature_use
U00012,2024-12-05,feature_use
U00012,2024-12-03,support_ticket
U00012,2024-12-25,feature_use
U00012,2024-12-05,feature_use
U00012,2024-12-27,support_ticket
U00012,2024-12-08,login
U00012,2024-12-30,support_ticket
U00012,2024-12-12,feature_use
U00012,2024-12-25,support_ticket
U00012,2024-12-12,support_ticket
U00012,2024-12-15,login
U00012,2024-12-04,feature_use
U00012,2024-12-27,feature_use
U00012,2024-12-05,login
U00012,2024-12-26,feature_use
U00012,2024-12-23,feature_use
U00012,2024-12-12,feature_use
U00012,2024-12-22,support_ticket
U00012,2024-12-01,feature_use
U00012,2024-12-10,feature_use
U00012,2024-12-28,support_ticket
U00012,2024-12-09,feature_use
U00012,2024-12-02,login
U00012,2024-12-12,support_ticket
U00012,2024-12-23,login
U00012,2024-12-05,login
U00012,2024-12-03,login
U00012,2024-12-09,feature_use
U00012,2024-11-30,feature_use
U00012,2024-12-07,feature_use
U00012,2024-12-28,feature_use
U00012,2024-12-01,feature_use
U00012,2024-12-13,support_ticket
U00012,2024-12-13,login
U00013,2024-01-10,feature_use
U00013,2024-02-05,feature_use
U00013,2024-04-21,support_ticket
U00013,2022-12-15,support_ticket
U00013,2024-07-08,support_ticket
U00013,2022-08-11,feature_use
U00013,2024-03-11,support_ticket
U00013,2024-01-14,login
U00013,2023-04-11,login
U00013,2022-09-23,feature_use
U00013,2023-02-14,support_ticket
U00013,2024-04-16,feature_use
U00013,2022-09-16,feature_use
U00013,2024-05-24,login
U00013,2022-09-30,feature_use
U00013,2024-05-30,feature_use
U00013,2024-06-01,support_ticket
U00013,2023-07-27,login
U00013,2022-08-12,feature_use
U00013,2024-12-28,support_ticket
U00013,2023-08-23,login
U00013,2023-08-17,support_ticket
U00013,2024-07-19,login
U00013,2023-06-12,feature_use
U00013,2024-12-27,support_ticket
U00013,2024-01-19,login
U00013,2023-01-30,login
U00013,2023-12-18,feature_use
U00013,2024-02-18,support_ticket
U00013,2022-08-15,login
U00013,2023-04-03,support_ticket
U00013,2023-06-01,feature_use
U00013,2023-12-07,feature_use
U00013,2024-08-24,login
U00013,2022-08-11,feature_use
U00013,2024-06-23,feature_use
U00013,2023-07-22,support_ticket
U00013,2023-05-29,login
U00013,2023-12-19,feature_use
U00014,2024-08-22,feature_use
U00014,2023-12-22,login
U00014,2024-06-11,feature_use
U00014,2023-07-09,login
U00014,2023-11-05,feature_use
U00014,2024-09-23,login
U00014,2023-02-18,support_ticket
U00014,2023-12-17,support_ticket
U00015,2024-11-06,support_ticket
U00015,2023-10-08,feature_use
U00015,2023-10-22,support_ticket
U00015,2023-07-24,feature_use
U00015,2024-01-03,support_ticket
U00015,2024-01-21,feature_use
U00015,2024-08-26,login
U00015,2023-09-17,support_ticket
U00015,2023-07-09,support_ticket
U00015,2024-08-25,support_ticket
U00015,2023-09-13,login
U00015,2023-12-31,support_ticket
U00015,2024-08-07,login
U00015,2024-05-03,login
U00015,2024-12-20,support_ticket
U00015,2023-07-29,feature_use
U00015,2023-04-28,support_ticket
U00015,2024-08-16,support_ticket
U00015,2023-06-19,login
U00015,2024-01-09,login
U00015,2023-03-20,feature_use
U00015,2024-04-16,feature_use
U00015,2023-12-25,feature_use
U00015,2024-12-01,support_ticket
U00015,2023-11-25,login
U00015,2023-08-29,login
U00015,2023-07-02,login
U00015,2023-03-16,support_ticket
U00015,2024-11-10,feature_use
U00015,2024-10-30,support_ticket
U00015,2024-11-06,login
U00015,2024-10-20,login
U00015,2023-10-12,support_ticket
U00015,2023-03-16,feature_use
U00015,2023-05-10,support_ticket
U00015,2024-06-20,login
U00015,2024-07-16,support_ticket
U00015,2024-06-12,support_ticket
U00015,2024-12-14,feature_use
U00015,2023-08-25,feature_use
U00015,2024-07-05,feature_use
U00015,2023-07-08,login
U00015,2023-09-03,login
U00015,2023-03-23,feature_use
U00015,2023-03-05,feature_use
U00015,2024-04-15,login
U00015,2023-09-13,login
U00015,2023-04-26,login
U00016,2024-08-28,feature_use
U00016,2024-11-09,feature_use
U00016,2024-03-18,login
U00016,2024-02-16,feature_use
U00016,2023-01-17,support_ticket
U00016,2024-12-27,feature_use
U00016,2024-12-12,feature_use
U00016,2024-01-13,support_ticket
U00016,2024-07-13,support_ticket
U00016,2024-06-07,support_ticket
U00016,2024-09-22,support_ticket
U00016,2023-01-14,support_ticket
U00016,2023-03-27,feature_use
U00016,2024-03-17,login
U00016,2023-08-14,support_ticket
U00016,2024-06-08,feature_use
U00016,2024-12-27,login
U00016,2024-06-29,feature_use
U00016,2024-05-17,support_ticket
U00016,2023-01-25,login
U00016,2023-09-30,feature_use
U00016,2024-01-17,feature_use
U00016,2023-09-24,feature_use
U00016,2023-05-25,feature_use
U00016,2023-10-03,support_ticket
U00016,2023-01-30,support_ticket
U00016,2024-05-18,login
U00016,2024-03-24,support_ticket
U00016,2024-03-12,login
U00016,2024-12-14,support_ticket
U00016,2023-03-31,login
U00016,2024-07-27,support_ticket
U00016,2024-06-17,login
U00017,2023-07-24,feature_use
U00017,2023-10-09,login
U00017,2022-03-31,feature_use
U00017,2024-07-20,support_ticket
U00017,2022-05-17,feature_use
U00017,2021-09-30,feature_use
U00017,2023-01-22,support_ticket
U00017,2024-11-17,support_ticket
U00017,2022-02-28,support_ticket
U00017,2021-12-08,login
U00017,2021-11-18,support_ticket
U00017,2023-10-06,support_ticket
U00017,2023-04-12,login
U00017,2024-03-06,support_ticket
U00017,2023-05-25,support_ticket
U00017,2024-02-10,support_ticket
U00017,2022-02-20,feature_use
U00017,2024-04-30,feature_use
U00017,2021-06-27,login
U00017,2023-02-14,support_ticket
U00017,2024-12-09,login
U00017,2022-02-25,login
U00017,2022-03-31,support_ticket
U00017,2021-07-13,feature_use
U00017,2022-12-20,feature_use
U00017,2023-09-29,feature_use
U00017,2024-10-02,login
U00017,2021-11-25,login
U00017,2022-05-19,login
U00017,2024-09-25,feature_use
U00018,2024-04-09,feature_use
U00018,2024-06-30,support_ticket
U00018,2021-09-24,support_ticket
U00018,2024-06-19,login
U00018,2022-12-01,support_ticket
U00019,2024-10-05,feature_use
U00019,2024-09-01,feature_use
U00019,2024-03-16,support_ticket
U00019,2024-12-08,login
U00019,2024-06-09,support_ticket
U00019,2024-06-26,support_ticket
U00019,2024-12-22,support_ticket
U00019,2024-05-21,login
U00019,2024-05-09,login
U00019,2024-03-04,support_ticket
U00019,2024-08-01,login
U00019,2024-04-19,login
U00019,2024-11-26,support_ticket
U00019,2024-07-06,feature_use
U00019,2024-03-20,login
U00019,2024-03-31,feature_use
U00019,2024-05-06,login
U00019,2024-06-29,support_ticket
U00019,2024-12-05,support_ticket
U00019,2024-11-18,login
U00019,2024-09-25,support_ticket
U00019,2024-11-27,feature_use
U00019,2024-02-23,login
U00019,2024-07-07,feature_use
U00019,2024-08-11,feature_use
U00019,2024-03-10,feature_use
U00019,2024-11-12,login
U00019,2024-07-03,feature_use
U00019,2024-04-13,login
U00019,2024-06-24,feature_use
U00019,2024-10-31,feature_use
U00019,2024-10-30,login
U00019,2024-05-22,support_ticket
U00019,2024-03-05,login
U00019,2024-11-23,support_ticket
U00019,2024-12-23,support_ticket
U00019,2024-03-20,feature_use
U00019,2024-12-10,support_ticket
U00019,2024-07-01,feature_use
U00019,2024-12-12,feature_use
U00019,2024-06-16,support_ticket
U00019,2024-11-25,support_ticket
U00019,2024-08-04,login
U00019,2024-12-15,support_ticket
U00019,2024-10-16,support_ticket
U00019,2024-12-24,feature_use
U00019,2024-10-14,login
U00020,2024-08-18,support_ticket
U00020,2024-09-02,login
U00020,2024-06-20,login
U00020,2024-06-26,feature_use
U00020,2024-11-27,login
U00020,2024-12-25,login
U00020,2024-11-24,feature_use
U00020,2024-10-03,login
U00020,2024-09-13,feature_use
U00020,2024-11-10,support_ticket
U00020,2024-08-13,login
U00020,2024-11-30,login
U00020,2024-12-13,feature_use
U00020,2024-08-24,login
U00020,2024-09-06,feature_use
U00020,2024-10-27,support_ticket
U00020,2024-09-10,login
U00020,2024-07-19,support_ticket
U00020,2024-09-13,feature_use
U00020,2024-09-29,support_ticket
U00020,2024-11-12,support_ticket
U00020,2024-06-27,login
U00020,2024-08-08,feature_use
U00020,2024-09-14,support_ticket
U00020,2024-10-20,feature_use
U00020,2024-06-29,support_ticket
U00020,2024-07-24,feature_use
U00020,2024-07-29,support_ticket
U00020,2024-10-15,support_ticket
U00020,2024-09-13,feature_use
U00020,2024-10-03,support_ticket
U00020,2024-07-04,support_ticket
U00020,2024-09-04,support_ticket
U00020,2024-12-22,support_ticket
U00020,2024-09-08,support_ticket
U00020,2024-11-04,login
U00020,2024-08-12,support_ticket
U00020,2024-12-12,feature_use
U00020,2024-09-18,login
U00020,2024-07-28,feature_use
U00020,2024-06-27,feature_use
U00020,2024-09-24,support_ticket
U00020,2024-11-03,login
U00020,2024-11-13,support_ticket
U00021,2023-02-16,support_ticket
U00021,2022-09-25,feature_use
U00021,2023-11-04,support_ticket
U00021,2022-04-03,feature_use
U00021,2024-05-25,login
U00021,2024-11-11,login
U00021,2024-02-29,feature_use
U00021,2023-10-10,login
U00021,2023-10-10,login
U00021,2022-09-15,feature_use
U00021,2022-04-15,login
U00021,2022-08-06,feature_use
U00021,2024-11-30,login
U00021,2024-10-13,support_ticket
U00021,2022-12-10,login
U00021,2023-12-26,feature_use
U00021,2023-10-26,feature_use
U00021,2022-11-18,login
U00021,2024-12-21,support_ticket
U00021,2022-10-27,login
U00021,2022-04-13,feature_use
U00021,2024-04-01,support_ticket
U00021,2022-09-23,login
U00021,2023-10-27,login
U00021,2022-07-26,feature_use
U00021,2024-09-11,login
U00021,2022-08-28,support_ticket
U00021,2023-10-30,login
U00021,2023-10-30,support_ticket
U00022,2024-10-27,login
U00022,2024-10-10,feature_use
U00022,2024-10-21,support_ticket
U00022,2024-10-26,feature_use
U00022,2024-12-10,login
U00022,2024-10-20,login
U00022,2024-10-06,feature_use
U00022,2024-09-30,login
U00022,2024-12-04,support_ticket
U00022,2024-11-20,login
U00022,2024-10-12,support_ticket
U00022,2024-10-30,support_ticket
U00022,2024-10-26,feature_use
U00022,2024-10-04,support_ticket
U00022,2024-12-27,feature_use
U00022,2024-11-28,login
U00022,2024-10-07,login
U00022,2024-10-25,support_ticket
U00023,2024-06-24,feature_use
U00023,2021-09-24,login
U00023,2021-08-11,feature_use
U00023,2021-09-24,login
U00023,2023-08-07,login
U00023,2021-12-06,feature_use
U00023,2023-08-24,login
U00023,2024-10-15,support_ticket
U00023,2024-12-23,support_ticket
U00023,2023-12-13,support_ticket
U00023,2023-06-11,feature_use
U00023,2023-04-24,login
U00023,2024-06-09,login
U00023,2024-01-22,support_ticket
U00023,2022-03-09,login
U00023,2024-01-28,login
U00023,2024-01-02,feature_use
U00023,2024-01-22,feature_use
U00023,2022-09-30,login
U00023,2022-04-03,support_ticket
U00023,2022-11-23,feature_use
U00023,2023-08-24,login
U00023,2023-04-20,feature_use
U00023,2023-12-28,feature_use
U00023,2021-08-13,login
U00023,2024-02-11,login
U00024,2024-06-22,feature_use
U00024,2023-08-11,feature_use
U00024,2024-02-09,support_ticket
U00024,2024-09-28,login
U00024,2024-07-22,login
U00024,2024-04-08,support_ticket
U00024,2023-06-07,feature_use
U00024,2024-09-09,support_ticket
U00024,2023-05-01,feature_use
U00024,2024-08-16,feature_use
U00024,2024-04-03,support_ticket
U00024,2024-04-16,login
U00024,2024-11-14,login
U00024,2024-09-01,login
U00024,2024-06-25,feature_use
U00024,2023-04-26,feature_use
U00024,2023-09-19,support_ticket
U00024,2024-10-15,feature_use
U00024,2024-05-08,support_ticket
U00024,2024-02-03,support_ticket
U00024,2023-10-17,login
U00024,2024-12-27,support_ticket
U00024,2023-05-08,support_ticket
U00024,2024-09-27,feature_use
U00024,2023-06-15,support_ticket
U00024,2024-10-20,feature_use
U00024,2024-01-17,support_ticket
U00025,2024-11-15,login
U00025,2024-10-11,feature_use
U00025,2024-08-11,support_ticket
U00025,2024-08-21,support_ticket
U00025,2024-12-24,feature_use
U00025,2024-10-16,feature_use
U00025,2024-08-09,login
U00025,2024-09-18,login
U00025,2024-12-20,support_ticket
U00025,2024-07-25,login
U00025,2024-09-01,feature_use
U00026,2023-11-23,feature_use
U00026,2024-10-20,support_ticket
U00026,2024-04-30,login
U00026,2023-08-27,support_ticket
U00026,2023-12-19,feature_use
U00026,2024-09-03,support_ticket
U00026,2023-12-06,feature_use
U00026,2024-01-16,login
U00026,2024-09-16,login
U00026,2024-10-16,support_ticket
U00026,2024-03-17,login
U00026,2023-11-26,login
U00026,2024-02-11,support_ticket
U00026,2023-03-24,login
U00026,2024-08-24,feature_use
U00026,2023-05-21,feature_use
U00026,2023-03-01,login
U00026,2024-04-15,support_ticket
U00026,2024-09-24,feature_use
U00026,2024-10-30,feature_use
U00026,2024-02-24,feature_use
U00026,2024-02-23,feature_use
U00026,2024-08-09,login
U00026,2024-12-07,login
U00026,2024-05-29,login
U00026,2023-08-09,support_ticket
U00026,2024-02-26,feature_use
U00026,2024-03-31,login
U00026,2023-11-20,support_ticket
U00026,2023-06-06,login
U00026,2023-02-09,login
U00026,2024-11-22,login
U00026,2023-06-25,support_ticket
U00026,2024-06-10,support_ticket
U00026,2024-04-20,login
U00026,2023-04-25,login
U00026,2024-11-16,feature_use
U00026,2024-05-09,support_ticket
U00026,2024-10-08,feature_use
U00027,2024-10-27,feature_use
U00027,2024-12-08,feature_use
U00027,2024-12-13,feature_use
U00027,2024-11-22,feature_use
U00027,2024-11-01,login
U00027,2024-11-27,support_ticket
U00027,2024-10-04,support_ticket
U00027,2024-12-06,support_ticket
U00027,2024-11-03,support_ticket
U00027,2024-12-07,feature_use
U00027,2024-11-25,support_ticket
U00027,2024-12-16,feature_use
U00027,2024-10-08,login
U00027,2024-12-15,feature_use
U00027,2024-11-20,login
U00027,2024-12-17,feature_use
U00027,2024-12-31,login
U00027,2024-10-22,support_ticket
U00027,2024-12-10,feature_use
U00027,2024-12-02,support_ticket
U00027,2024-10-14,support_ticket
U00027,2024-12-21,login
U00027,2024-11-04,feature_use
U00027,2024-12-23,support_ticket
U00027,2024-12-27,support_ticket
U00027,2024-10-13,support_ticket
U00027,2024-12-24,support_ticket
U00027,2024-12-17,feature_use
U00027,2024-12-21,login
U00027,2024-11-16,support_ticket
U00027,2024-10-05,feature_use
U00027,2024-12-01,support_ticket
U00027,2024-12-03,support_ticket
U00027,2024-11-15,feature_use
U00027,2024-11-18,feature_use
U00027,2024-11-10,login
U00027,2024-10-08,support_ticket
U00027,2024-12-19,support_ticket
U00027,2024-11-11,support_ticket
U00027,2024-12-15,feature_use
U00027,2024-10-11,support_ticket
U00027,2024-12-03,support_ticket
U00027,2024-10-25,support_ticket
U00027,2024-10-10,support_ticket
U00028,2024-12-21,support_ticket
U00028,2024-12-09,login
U00028,2024-11-18,feature_use
U00028,2024-11-05,login
U00028,2024-12-02,login
U00028,2024-12-24,feature_use
U00028,2024-11-16,login
U00028,2024-12-09,feature_use
U00028,2024-11-17,feature_use
U00028,2024-10-31,support_ticket
U00028,2024-11-07,support_ticket
U00028,2024-11-11,support_ticket
U00028,2024-12-17,login
U00028,2024-12-12,feature_use
U00028,2024-11-23,login
U00028,2024-11-16,support_ticket
U00028,2024-11-15,feature_use
U00028,2024-11-11,support_ticket
U00028,2024-12-25,login
U00028,2024-11-21,login
U00028,2024-12-31,login
U00028,2024-12-08,login
U00028,2024-12-23,feature_use
U00029,2024-10-30,login
U00029,2024-11-13,support_ticket
U00029,2024-09-04,login
U00029,2024-12-18,support_ticket
U00029,2024-10-20,login
U00029,2024-09-29,login
U00029,2024-08-06,login
U00029,2024-11-19,feature_use
U00029,2024-11-22,feature_use
U00029,2024-11-22,support_ticket
U00029,2024-12-07,login
U00029,2024-10-29,support_ticket
U00029,2024-10-31,feature_use
U00029,2024-09-29,login
U00029,2024-12-06,feature_use
U00029,2024-07-27,feature_use
U00029,2024-11-15,feature_use
U00029,2024-10-12,support_ticket
U00029,2024-08-03,login
U00029,2024-12-07,support_ticket
U00029,2024-10-22,feature_use
U00029,2024-12-27,support_ticket
U00029,2024-10-01,feature_use
U00029,2024-10-01,feature_use
U00029,2024-08-18,feature_use
U00029,2024-12-20,feature_use
U00029,2024-11-19,support_ticket
U00029,2024-09-23,support_ticket
U00029,2024-12-21,login
U00029,2024-12-04,feature_use
U00029,2024-09-08,feature_use
U00030,2022-05-27,support_ticket
U00030,2022-05-25,login
U00030,2022-05-29,feature_use
U00030,2022-08-25,support_ticket
U00030,2022-08-31,support_ticket
U00030,2023-08-16,feature_use
U00030,2022-12-27,support_ticket
U00030,2023-03-03,feature_use
U00030,2022-11-30,login
U00030,2022-06-10,support_ticket
U00030,2022-08-19,login
U00030,2024-01-15,support_ticket
U00030,2024-11-17,login
U00030,2024-01-20,support_ticket
U00030,2022-09-18,support_ticket
U00030,2022-09-16,login
U00030,2024-10-09,support_ticket
U00030,2022-09-27,feature_use
U00030,2024-03-19,support_ticket
U00030,2023-12-17,login
U00030,2024-11-19,login
U00030,2024-04-28,login
U00030,2023-01-31,feature_use
U00030,2023-09-07,support_ticket
U00030,2024-12-30,login
U00030,2024-03-01,feature_use
U00030,2024-12-16,feature_use
U00030,2024-07-12,feature_use
U00030,2024-04-24,support_ticket
U00030,2024-07-13,feature_use
U00030,2023-02-04,login
U00030,2024-07-24,login
U00030,2023-02-24,login
U00030,2023-06-12,feature_use
U00030,2023-04-22,login
U00030,2023-02-05,feature_use
U00030,2022-11-15,feature_use
U00030,2022-07-27,feature_use
U00030,2024-12-22,login
U00030,2024-01-31,feature_use
U00031,2024-12-08,feature_use
U00031,2023-06-08,login
U00031,2024-08-23,feature_use
U00031,2023-09-28,support_ticket
U00031,2024-12-06,login
U00031,2024-05-14,support_ticket
U00031,2023-11-09,login
U00031,2023-03-24,login
U00031,2023-04-30,support_ticket
U00031,2023-10-31,feature_use
U00031,2023-03-08,feature_use
U00031,2023-07-19,support_ticket
U00031,2024-12-03,login
U00031,2023-03-27,support_ticket
U00031,2024-03-22,feature_use
U00031,2023-07-22,support_ticket
U00032,2024-12-05,support_ticket
U00032,2024-11-10,support_ticket
U00032,2024-12-25,feature_use
U00032,2024-12-10,feature_use
U00032,2024-12-05,support_ticket
U00032,2024-12-29,login
U00032,2024-12-14,login
U00032,2024-11-10,feature_use
U00032,2024-12-24,feature_use
U00032,2024-11-17,support_ticket
U00032,2024-12-14,feature_use
U00032,2024-12-01,support_ticket
U00032,2024-11-29,feature_use
U00032,2024-11-13,support_ticket
U00032,2024-12-21,login
U00032,2024-12-03,support_ticket
U00032,2024-12-01,login
U00032,2024-12-09,feature_use
U00032,2024-12-21,login
U00032,2024-11-21,support_ticket
U00032,2024-11-12,feature_use
U00032,2024-12-22,login
U00032,2024-11-29,support_ticket
U00032,2024-12-04,login
U00032,2024-12-20,support_ticket
U00032,2024-12-02,feature_use
U00033,2024-12-29,support_ticket
U00033,2024-12-01,support_ticket
U00033,2024-11-15,login
U00033,2024-11-05,login
U00033,2024-11-04,support_ticket
U00033,2024-12-10,login
U00033,2024-12-04,feature_use
U00033,2024-11-07,support_ticket
U00033,2024-12-14,feature_use
U00033,2024-12-04,support_ticket
U00034,2024-12-29,login
U00034,2022-05-22,feature_use
U00034,2022-06-11,feature_use
U00034,2024-06-29,support_ticket
U00034,2022-05-28,feature_use
U00034,2022-08-14,login
U00034,2024-07-19,support_ticket
U00034,2024-02-27,support_ticket
U00034,2023-07-28,support_ticket
U00034,2024-09-22,support_ticket
U00034,2022-09-14,support_ticket
U00034,2023-11-29,login
U00034,2024-11-17,login
U00034,2022-05-22,support_ticket
U00034,2022-09-06,feature_use
U00034,2024-02-13,login
U00034,2023-08-10,support_ticket
U00034,2022-05-31,login
U00034,2024-04-02,support_ticket
U00034,2022-08-26,login
U00034,2022-10-08,support_ticket
U00034,2022-06-05,feature_use
U00034,2024-08-02,login
U00034,2023-07-26,support_ticket
U00034,2022-10-06,support_ticket
U00034,2022-06-19,login
U00034,2022-08-09,feature_use
U00034,2023-12-15,support_ticket
U00034,2022-11-26,login
U00034,2024-07-16,login
U00034,2023-06-25,feature_use
U00034,2024-07-23,support_ticket
U00034,2024-03-09,feature_use
U00035,2023-08-03,support_ticket
U00035,2024-11-11,support_ticket
U00035,2023-08-20,feature_use
U00035,2023-11-06,login
U00035,2024-11-29,login
U00035,2024-03-10,login
U00035,2023-08-03,feature_use
U00035,2023-08-24,feature_use
U00035,2023-09-21,support_ticket
U00035,2024-04-14,support_ticket
U00035,2023-09-17,feature_use
U00035,2023-12-07,support_ticket
U00035,2023-05-13,login
U00035,2023-07-13,support_ticket
U00035,2024-12-19,feature_use
U00035,2023-09-10,login
U00035,2024-08-12,login
U00035,2023-04-08,login
U00035,2023-10-02,login
U00035,2024-11-29,feature_use
U00035,2024-06-01,support_ticket
U00035,2024-08-01,support_ticket
U00035,2023-08-09,login
U00035,2023-08-26,support_ticket
U00035,2024-01-04,support_ticket
U00036,2024-06-29,login
U00036,2023-03-01,support_ticket
U00036,2022-05-25,support_ticket
U00036,2023-03-12,support_ticket
U00036,2024-12-26,support_ticket
U00036,2022-09-05,support_ticket
U00036,2023-11-15,feature_use
U00036,2024-07-13,login
U00036,2023-07-04,login
U00036,2022-11-04,support_ticket
U00036,2022-09-20,support_ticket
U00036,2024-03-19,support_ticket
U00036,2023-06-01,feature_use
U00036,2023-05-09,feature_use
U00036,2022-06-25,login
U00036,2022-10-25,login
U00036,2024-11-04,feature_use
U00036,2023-03-05,login
U00036,2022-06-05,login
U00036,2024-03-23,feature_use
U00036,2023-05-12,feature_use
U00036,2023-08-05,feature_use
U00036,2024-09-22,login
U00036,2022-10-08,support_ticket
U00036,2022-06-24,support_ticket
U00036,2023-03-04,login
U00036,2022-05-07,feature_use
U00036,2022-11-01,login
U00036,2023-07-03,support_ticket
U00036,2024-09-04,support_ticket
U00036,2024-01-05,feature_use
U00036,2023-04-20,support_ticket
U00036,2024-01-05,login
U00037,2023-09-05,login
U00037,2023-01-15,login
U00037,2024-10-31,feature_use
U00037,2023-04-29,feature_use
U00037,2023-05-20,login
U00037,2024-02-01,support_ticket
U00037,2024-02-15,login
U00037,2023-12-27,login
U00037,2023-05-16,support_ticket
U00037,2024-01-15,login
U00037,2023-11-07,feature_use
U00037,2023-02-23,feature_use
U00038,2024-09-07,feature_use
U00038,2024-03-06,login
U00038,2024-04-08,login
U00038,2023-11-05,support_ticket
U00038,2024-08-06,login
U00038,2024-03-11,login
U00038,2023-12-15,feature_use
U00038,2024-06-10,feature_use
U00038,2024-01-15,feature_use
U00038,2024-02-09,feature_use
U00038,2024-08-24,login
U00038,2024-11-27,support_ticket
U00038,2024-08-28,login
U00038,2024-08-10,support_ticket
U00038,2024-12-30,login
U00038,2023-12-03,feature_use
U00038,2024-12-31,support_ticket
U00039,2024-03-06,support_ticket
U00039,2024-11-24,feature_use
U00039,2024-05-09,login
U00039,2024-10-09,support_ticket
U00039,2024-04-06,login
U00039,2024-06-28,feature_use
U00039,2024-03-12,support_ticket
U00039,2023-12-28,support_ticket
U00039,2023-08-03,feature_use
U00039,2023-09-12,login
U00039,2024-11-21,support_ticket
U00039,2024-12-26,login
U00039,2024-10-06,support_ticket
U00039,2024-09-04,feature_use
U00039,2023-11-06,feature_use
U00039,2024-12-17,login
U00039,2023-10-22,support_ticket
U00039,2023-08-10,support_ticket
U00039,2024-09-17,login
U00039,2023-12-11,feature_use
U00039,2024-05-26,login
U00039,2023-10-29,login
U00039,2024-12-01,support_ticket
U00039,2024-06-05,login
U00039,2024-11-10,support_ticket
U00039,2023-08-22,feature_use
U00039,2024-11-14,login
U00039,2024-09-16,login
U00039,2024-08-11,support_ticket
U00039,2024-11-15,support_ticket
U00039,2023-07-30,support_ticket
U00039,2023-10-09,feature_use
U00039,2024-07-03,support_ticket
U00039,2023-08-31,feature_use
U00039,2024-10-07,feature_use
U00039,2024-02-26,support_ticket
U00040,2023-08-31,support_ticket
U00040,2022-02-02,support_ticket
U00040,2023-10-28,login
U00040,2022-05-28,feature_use
U00040,2023-10-31,feature_use
U00040,2022-01-04,feature_use
U00040,2023-11-02,login
U00040,2024-11-30,support_ticket
U00040,2022-02-27,support_ticket
U00040,2022-12-06,login
U00041,2024-06-25,support_ticket
U00041,2024-04-22,support_ticket
U00041,2024-10-25,support_ticket
U00041,2024-12-17,support_ticket
U00041,2024-06-10,support_ticket
U00041,2024-06-18,feature_use
U00041,2024-08-22,feature_use
U00041,2024-11-07,support_ticket
U00041,2024-09-27,feature_use
U00041,2024-03-22,login
U00041,2024-09-01,feature_use
U00041,2024-10-12,feature_use
U00041,2024-11-06,support_ticket
U00041,2024-04-26,feature_use
U00041,2024-11-22,support_ticket
U00041,2024-11-22,feature_use
U00041,2024-10-12,support_ticket
U00041,2024-08-30,support_ticket
U00041,2024-03-28,login
U00041,2024-10-15,login
U00041,2024-04-05,feature_use
U00041,2024-05-25,feature_use
U00041,2024-04-03,login
U00041,2024-05-18,feature_use
U00041,2024-04-21,support_ticket
U00041,2024-05-09,feature_use
U00042,2024-07-25,support_ticket
U00042,2024-04-23,feature_use
U00042,2024-11-11,support_ticket
U00042,2024-06-18,feature_use
U00042,2024-10-06,feature_use
U00042,2024-11-25,support_ticket
U00042,2024-04-22,feature_use
U00042,2024-07-17,login
U00042,2024-04-23,login
U00042,2024-09-30,feature_use
U00042,2024-10-04,support_ticket
U00042,2024-09-26,feature_use
U00042,2024-11-25,feature_use
U00042,2024-09-14,support_ticket
U00043,2024-02-05,login
U00043,2023-12-20,login
U00043,2024-08-05,feature_use
U00043,2024-01-18,login
U00043,2023-08-27,feature_use
U00043,2024-01-14,feature_use
U00043,2023-09-15,support_ticket
U00043,2023-09-09,support_ticket
U00043,2024-09-27,feature_use
U00043,2023-10-01,login
U00043,2023-09-02,login
U00043,2023-11-27,login
U00043,2023-05-10,feature_use
U00044,2022-06-27,feature_use
U00044,2023-03-28,feature_use
U00044,2022-10-23,login
U00044,2024-12-05,support_ticket
U00044,2021-12-21,support_ticket
U00044,2023-07-22,feature_use
U00044,2022-08-09,feature_use
U00044,2024-04-16,support_ticket
U00044,2022-09-08,support_ticket
U00044,2023-06-20,login
U00044,2021-12-01,feature_use
U00044,2024-07-29,login
U00044,2024-05-06,feature_use
U00044,2022-08-26,login
U00044,2024-11-02,support_ticket
U00044,2023-08-20,support_ticket
U00044,2023-06-08,feature_use
U00044,2023-05-27,support_ticket
U00044,2022-08-08,support_ticket
U00044,2024-04-03,feature_use
U00044,2022-05-29,support_ticket
U00044,2024-06-17,login
U00044,2022-07-23,support_ticket
U00044,2024-11-12,login
U00044,2023-07-03,login
U00044,2024-01-11,support_ticket
U00044,2023-01-05,feature_use
U00044,2023-10-12,login
U00044,2023-08-10,login
U00044,2022-11-14,support_ticket
U00044,2024-09-23,login
U00044,2023-05-03,login
U00044,2021-11-26,login
U00044,2024-10-17,feature_use
U00044,2022-04-07,support_ticket
U00044,2023-12-27,login
U00044,2024-07-11,feature_use
U00044,2024-08-23,login
U00044,2023-10-20,feature_use
U00044,2022-08-09,support_ticket
U00044,2024-03-04,feature_use
U00045,2023-08-08,login
U00045,2023-02-08,feature_use
U00045,2023-06-25,feature_use
U00045,2024-01-04,support_ticket
U00045,2022-01-01,login
U00045,2024-01-01,support_ticket
U00045,2023-11-04,feature_use
U00045,2023-02-17,login
U00045,2023-11-21,support_ticket
U00045,2023-11-01,login
U00045,2024-10-20,support_ticket
U00045,2021-12-29,login
U00045,2022-09-04,feature_use
U00045,2024-03-04,support_ticket
U00045,2023-05-23,login
U00045,2024-10-27,feature_use
U00045,2022-01-03,login
U00045,2023-10-22,support_ticket
U00045,2023-01-16,feature_use
U00045,2022-06-29,support_ticket
U00045,2024-02-07,support_ticket
U00045,2024-09-11,login
U00045,2022-08-18,login
U00045,2023-08-26,feature_use
U00045,2024-08-13,feature_use
U00045,2021-09-30,feature_use
U00045,2024-10-16,feature_use
U00045,2024-04-12,support_ticket
U00045,2024-02-10,login
U00046,2021-11-15,login
U00046,2023-05-01,feature_use
U00046,2024-07-04,login
U00046,2023-06-22,feature_use
U00046,2022-11-12,feature_use
U00046,2023-03-26,login
U00047,2024-02-22,feature_use
U00047,2023-07-22,support_ticket
U00047,2024-05-19,support_ticket
U00047,2024-09-18,support_ticket
U00047,2024-08-03,feature_use
U00047,2024-09-13,support_ticket
U00047,2023-09-14,feature_use
U00047,2024-10-20,support_ticket
U00047,2024-12-24,login
U00047,2024-02-04,login
U00047,2024-12-30,login
U00047,2023-10-11,feature_use
U00048,2023-07-16,feature_use
U00048,2023-08-14,login
U00048,2023-12-04,feature_use
U00048,2024-05-02,support_ticket
U00048,2024-02-27,login
U00048,2023-12-21,feature_use
U00048,2024-08-23,support_ticket
U00048,2023-05-17,support_ticket
U00048,2023-09-14,support_ticket
U00048,2023-09-03,login
U00048,2024-11-02,login
U00048,2024-09-06,feature_use
U00048,2024-01-17,support_ticket
U00048,2024-01-02,feature_use
U00048,2024-03-05,login
U00048,2024-08-28,support_ticket
U00048,2024-02-23,login
U00048,2023-03-13,login
U00048,2024-08-11,feature_use
U00048,2024-03-15,feature_use
U00048,2024-04-24,feature_use
U00048,2023-08-13,login
U00048,2023-10-09,login
U00048,2024-07-27,login
U00048,2023-09-08,support_ticket
U00048,2024-11-17,support_ticket
U00048,2024-08-19,support_ticket
U00048,2024-09-14,support_ticket
U00048,2023-06-24,feature_use
U00048,2024-06-13,login
U00048,2023-06-27,login
U00048,2023-03-17,feature_use
U00048,2024-02-19,feature_use
U00048,2024-03-05,login
U00049,2024-11-14,support_ticket
U00049,2024-05-10,feature_use
U00049,2023-11-13,support_ticket
U00049,2024-01-19,login
U00049,2024-09-01,login
U00049,2023-12-08,login
U00049,2024-10-28,support_ticket
U00049,2023-10-28,support_ticket
U00049,2023-12-11,feature_use
U00049,2023-10-20,login
U00049,2023-10-22,login
U00049,2024-03-21,support_ticket
U00049,2024-09-10,login
U00049,2023-09-25,login
U00049,2024-09-16,feature_use
U00049,2024-09-07,feature_use
U00049,2023-09-07,login
U00049,2023-10-11,login
U00049,2024-09-26,support_ticket
U00049,2024-05-05,support_ticket
U00049,2023-09-16,feature_use
U00049,2023-10-16,feature_use
U00049,2023-09-08,login
U00049,2024-01-18,support_ticket
U00049,2023-08-22,login
U00049,2024-09-20,login
U00049,2024-11-30,support_ticket
U00049,2023-11-30,support_ticket
U00049,2024-11-20,login
U00049,2023-11-19,support_ticket
U00049,2024-02-12,login
U00049,2023-10-02,login
U00049,2024-10-23,support_ticket
U00050,2024-11-30,feature_use
U00050,2024-08-06,login
U00050,2024-10-21,support_ticket
U00050,2024-12-17,login
U00050,2024-10-23,support_ticket
U00050,2024-03-13,login
U00050,2024-11-30,login
U00050,2024-11-04,login
U00050,2024-05-16,feature_use
U00050,2024-05-05,support_ticket
U00050,2024-02-10,support_ticket
U00050,2024-03-29,login
U00050,2024-10-23,support_ticket
U00050,2024-10-08,feature_use
U00050,2024-12-05,login
U00050,2024-09-20,support_ticket
U00050,2024-04-02,login
U00050,2024-08-07,feature_use
U00050,2024-09-12,login
U00050,2024-10-28,login
U00050,2024-09-03,login
U00050,2024-07-17,login
U00051,2022-04-05,support_ticket
U00051,2022-05-28,feature_use
U00051,2023-09-01,support_ticket
U00051,2023-04-05,support_ticket
U00051,2021-11-14,login
U00051,2023-06-25,feature_use
U00051,2022-04-16,feature_use
U00051,2023-03-26,feature_use
U00051,2023-05-23,support_ticket
U00051,2024-02-18,login
U00051,2024-09-30,feature_use
U00051,2023-04-10,feature_use
U00051,2022-09-13,login
U00051,2024-04-23,support_ticket
U00051,2023-09-14,login
U00051,2021-09-18,support_ticket
U00051,2024-05-25,support_ticket
U00051,2022-03-26,feature_use
U00051,2024-02-06,support_ticket
U00051,2022-02-13,login
U00051,2022-06-12,feature_use
U00051,2023-11-21,support_ticket
U00051,2024-12-14,login
U00051,2022-08-03,login
U00051,2023-09-06,login
U00051,2023-07-17,login
U00051,2024-12-23,feature_use
U00051,2022-05-01,login
U00051,2024-01-09,support_ticket
U00051,2024-06-10,feature_use
U00051,2024-11-26,support_ticket
U00051,2023-03-05,support_ticket
U00051,2023-11-20,feature_use
U00051,2024-04-23,support_ticket
U00052,2024-11-16,feature_use
U00052,2024-12-13,feature_use
U00052,2024-09-11,feature_use
U00052,2024-09-01,login
U00052,2024-10-08,feature_use
U00052,2024-12-10,login
U00052,2024-09-08,login
U00052,2024-08-30,support_ticket
U00052,2024-08-18,login
U00052,2024-12-10,support_ticket
U00052,2024-08-11,login
U00052,2024-11-10,support_ticket
U00052,2024-10-27,login
U00052,2024-10-21,support_ticket
U00052,2024-08-29,login
U00052,2024-12-16,feature_use
U00052,2024-12-02,login
U00052,2024-10-19,support_ticket
U00052,2024-12-10,feature_use
U00052,2024-12-12,feature_use
U00052,2024-12-21,feature_use
U00052,2024-12-21,support_ticket
U00052,2024-08-09,login
U00052,2024-11-23,login
U00052,2024-11-11,feature_use
U00052,2024-10-24,feature_use
U00052,2024-11-26,feature_use
U00052,2024-08-14,login
U00052,2024-09-19,support_ticket
U00052,2024-10-21,support_ticket
U00052,2024-09-16,feature_use
U00052,2024-11-23,login
U00052,2024-10-23,support_ticket
U00052,2024-11-12,feature_use
U00052,2024-09-02,support_ticket
U00052,2024-12-08,support_ticket
U00052,2024-12-24,support_ticket
U00052,2024-12-21,support_ticket
U00052,2024-12-03,feature_use
U00052,2024-12-26,login
U00052,2024-12-12,login
U00052,2024-11-13,feature_use
U00052,2024-12-09,support_ticket
U00053,2024-05-17,support_ticket
U00053,2023-08-21,feature_use
U00053,2023-07-19,login
U00053,2022-09-22,support_ticket
U00053,2022-10-10,login
U00053,2024-12-29,feature_use
U00053,2023-08-17,support_ticket
U00053,2024-04-13,login
U00053,2024-10-16,support_ticket
U00053,2023-08-09,feature_use
U00053,2022-12-02,feature_use
U00053,2023-08-13,feature_use
U00053,2023-10-20,feature_use
U00053,2022-10-21,support_ticket
U00053,2023-05-02,login
U00053,2023-04-22,support_ticket
U00053,2023-07-10,support_ticket
U00053,2022-11-19,support_ticket
U00053,2022-10-31,feature_use
U00053,2022-12-20,feature_use
U00053,2023-02-14,login
U00053,2024-02-27,feature_use
U00053,2022-10-02,feature_use
U00053,2024-06-28,feature_use
U00053,2024-03-28,support_ticket
U00053,2023-10-30,feature_use
U00053,2022-09-14,support_ticket
U00053,2023-12-18,support_ticket
U00053,2022-09-16,feature_use
U00054,2024-08-21,feature_use
U00054,2023-10-27,feature_use
U00054,2023-10-29,support_ticket
U00054,2024-02-14,feature_use
U00054,2024-12-08,support_ticket
U00054,2024-06-30,login
U00054,2024-05-20,feature_use
U00054,2024-10-07,login
U00054,2024-12-08,support_ticket
U00054,2023-10-04,support_ticket
U00054,2024-02-23,feature_use
U00054,2024-04-15,login
U00054,2024-05-18,support_ticket
U00054,2024-09-02,login
U00054,2023-10-21,support_ticket
U00054,2023-10-24,support_ticket
U00054,2024-06-27,feature_use
U00054,2023-09-25,support_ticket
U00054,2024-11-16,feature_use
U00054,2024-02-18,feature_use
U00054,2023-10-05,support_ticket
U00054,2024-05-23,support_ticket
U00054,2024-05-21,feature_use
U00054,2024-06-03,login
U00054,2024-09-15,feature_use
U00054,2024-04-01,support_ticket
U00054,2024-12-27,feature_use
U00054,2024-01-19,login
U00054,2024-12-28,login
U00055,2023-11-17,login
U00055,2024-04-30,support_ticket
U00055,2023-10-15,feature_use
U00055,2024-04-07,support_ticket
U00055,2024-09-29,support_ticket
U00055,2024-11-13,feature_use
U00055,2024-01-24,support_ticket
U00055,2024-03-26,login
U00055,2023-12-10,login
U00055,2023-07-02,feature_use
U00055,2022-11-22,login
U00055,2022-11-25,support_ticket
U00055,2024-05-25,feature_use
U00055,2024-11-04,feature_use
U00055,2023-08-18,feature_use
U00055,2024-11-20,login
U00055,2024-04-03,login
U00055,2024-11-06,feature_use
U00055,2023-03-24,feature_use
U00055,2024-04-15,login
U00055,2023-03-13,support_ticket
U00055,2024-02-29,login
U00055,2023-08-13,login
U00055,2022-10-18,login
U00055,2023-01-06,login
U00055,2023-03-02,feature_use
U00055,2023-10-12,feature_use
U00055,2024-01-18,feature_use
U00055,2023-08-30,support_ticket
U00055,2022-07-31,login
U00055,2022-12-04,feature_use
U00055,2022-11-10,login
U00055,2023-03-15,feature_use
U00055,2024-04-28,support_ticket
U00055,2022-12-21,support_ticket
U00055,2024-11-12,login
U00055,2024-07-02,feature_use
U00055,2024-09-02,login
U00055,2022-08-19,login
U00055,2023-05-11,support_ticket
U00055,2023-04-25,login
U00056,2024-05-10,support_ticket
U00056,2024-10-07,login
U00056,2024-05-27,support_ticket
U00056,2024-01-16,login
U00056,2024-01-02,support_ticket
U00056,2024-11-16,support_ticket
U00056,2024-01-06,support_ticket
U00056,2024-10-11,support_ticket
U00056,2024-12-06,support_ticket
U00056,2024-03-13,feature_use
U00056,2023-12-22,login
U00056,2024-09-08,login
U00056,2024-12-05,feature_use
U00056,2024-04-22,support_ticket
U00056,2024-11-17,feature_use
U00056,2024-12-22,support_ticket
U00056,2024-11-20,login
U00056,2024-06-09,login
U00056,2024-01-18,login
U00056,2024-02-03,login
U00056,2024-03-25,feature_use
U00056,2024-06-02,feature_use
U00056,2024-09-02,login
U00056,2024-07-14,support_ticket
U00056,2024-05-15,support_ticket
U00056,2024-01-02,feature_use
U00056,2024-08-11,feature_use
U00056,2024-07-06,support_ticket
U00056,2024-03-11,feature_use
U00056,2024-12-11,login
U00056,2024-05-09,feature_use
U00057,2023-09-15,feature_use
U00057,2022-09-25,support_ticket
U00057,2024-05-16,login
U00057,2024-09-30,support_ticket
U00057,2024-11-30,login
U00057,2024-08-11,support_ticket
U00057,2023-05-07,feature_use
U00057,2024-03-22,feature_use
U00057,2023-07-17,support_ticket
U00057,2024-08-21,feature_use
U00057,2024-12-13,support_ticket
U00057,2023-01-06,support_ticket
U00057,2023-05-04,feature_use
U00057,2023-10-06,login
U00057,2023-10-11,feature_use
U00057,2023-07-09,login
U00057,2024-12-24,login
U00057,2023-07-05,login
U00057,2023-02-15,feature_use
U00057,2024-06-11,feature_use
U00057,2024-12-13,support_ticket
U00057,2023-10-25,login
U00057,2023-06-11,login
U00057,2024-12-24,feature_use
U00057,2023-12-30,support_ticket
U00057,2023-10-31,feature_use
U00057,2024-09-07,feature_use
U00057,2024-12-21,login
U00057,2024-12-26,login
U00057,2024-08-19,feature_use
U00057,2024-02-04,login
U00057,2023-08-30,feature_use
U00057,2024-05-12,support_ticket
U00057,2024-12-14,support_ticket
U00057,2024-09-28,feature_use
U00057,2023-12-12,support_ticket
U00057,2022-10-02,login
U00057,2024-06-21,support_ticket
U00057,2023-03-11,support_ticket
U00057,2023-12-02,support_ticket
U00057,2023-01-21,login
U00057,2023-10-19,login
U00057,2024-06-08,feature_use
U00057,2023-07-22,support_ticket
U00057,2022-11-27,login
U00057,2023-02-12,login
U00057,2024-02-14,support_ticket
U00057,2024-10-29,support_ticket
U00057,2024-10-24,login
U00057,2024-05-04,support_ticket
U00058,2023-11-28,feature_use
U00058,2024-10-18,support_ticket
U00058,2022-11-12,feature_use
U00058,2023-02-02,support_ticket
U00058,2023-12-14,feature_use
U00058,2023-03-25,login
U00058,2024-06-09,feature_use
U00058,2023-02-19,feature_use
U00058,2024-03-25,support_ticket
U00058,2023-05-17,login
U00058,2022-03-31,support_ticket
U00058,2023-05-26,login
U00058,2024-09-16,login
U00058,2023-08-02,support_ticket
U00058,2023-01-23,login
U00058,2024-05-13,support_ticket
U00058,2024-07-09,support_ticket
U00058,2023-07-29,login
U00058,2022-08-13,feature_use
U00058,2023-01-26,support_ticket
U00058,2022-10-10,login
U00058,2024-07-22,feature_use
U00058,2024-11-20,login
U00058,2023-05-17,support_ticket
U00058,2023-04-04,login
U00058,2023-08-11,feature_use
U00058,2024-11-20,feature_use
U00058,2022-11-05,feature_use
U00058,2023-04-11,support_ticket
U00058,2023-04-29,feature_use
U00058,2023-03-06,feature_use
U00059,2024-03-12,login
U00059,2022-01-24,feature_use
U00059,2023-05-17,login
U00059,2024-06-07,login
U00059,2023-12-24,support_ticket
U00059,2024-06-22,login
U00059,2021-12-18,feature_use
U00059,2022-08-26,feature_use
U00059,2024-02-19,support_ticket
U00059,2023-02-04,support_ticket
U00059,2024-01-21,support_ticket
U00059,2024-04-11,support_ticket
U00059,2023-05-05,login
U00059,2022-06-10,support_ticket
U00059,2022-03-27,login
U00059,2023-10-09,login
U00060,2022-12-28,support_ticket
U00060,2024-10-06,support_ticket
U00060,2024-12-25,support_ticket
U00060,2021-04-05,login
U00060,2022-06-05,support_ticket
U00060,2024-06-24,feature_use
U00060,2022-09-13,feature_use
U00060,2024-10-07,feature_use
U00060,2021-09-29,support_ticket
U00060,2021-03-27,support_ticket
U00060,2022-01-04,feature_use
U00060,2021-12-15,support_ticket
U00060,2023-10-08,feature_use
U00060,2023-08-18,login
U00060,2021-07-04,feature_use
U00060,2024-12-26,support_ticket
U00060,2023-06-07,login
U00060,2022-06-19,login
U00060,2022-10-05,login
U00060,2021-09-20,feature_use
U00060,2022-07-31,support_ticket
U00060,2023-01-10,feature_use
U00060,2022-08-04,feature_use
U00060,2024-06-10,feature_use
U00060,2023-11-26,feature_use
U00060,2023-06-13,login
U00060,2022-10-10,support_ticket
U00060,2023-10-05,login
U00060,2024-02-14,support_ticket
U00060,2024-07-28,feature_use
U00060,2021-04-20,login
U00060,2021-11-02,login
U00060,2022-04-17,login
U00060,2021-03-16,feature_use
U00060,2022-06-18,login
U00061,2024-05-24,feature_use
U00061,2023-11-26,feature_use
U00061,2023-10-18,feature_use
U00061,2024-03-28,support_ticket
U00061,2024-07-11,feature_use
U00061,2024-05-19,feature_use
U00061,2023-11-24,support_ticket
U00061,2024-12-14,login
U00061,2023-11-30,feature_use
U00061,2023-11-14,login
U00061,2024-12-15,feature_use
U00061,2023-12-29,login
U00061,2024-10-15,support_ticket
U00061,2024-11-22,feature_use
U00061,2024-07-12,support_ticket
U00061,2024-07-23,login
U00061,2024-07-22,login
U00061,2024-06-23,support_ticket
U00061,2023-12-29,feature_use
U00061,2023-11-06,login
U00061,2024-10-25,feature_use
U00061,2024-09-08,login
U00061,2024-12-25,feature_use
U00061,2023-10-11,feature_use
U00061,2024-09-10,support_ticket
U00061,2023-11-29,feature_use
U00061,2024-04-06,support_ticket
U00061,2023-11-21,feature_use
U00061,2023-12-15,login
U00061,2023-11-08,feature_use
U00061,2024-11-26,support_ticket
U00061,2024-08-30,feature_use
U00061,2024-05-17,support_ticket
U00061,2024-02-12,support_ticket
U00061,2024-08-29,login
U00061,2024-03-14,login
U00061,2024-08-28,support_ticket
U00061,2024-05-16,feature_use
U00061,2024-10-06,support_ticket
U00061,2024-11-09,support_ticket
U00061,2023-12-03,login
U00061,2024-12-12,login
U00061,2024-11-11,support_ticket
U00061,2024-02-19,feature_use
U00061,2024-11-09,login
U00061,2024-10-12,login
U00061,2024-07-04,support_ticket
U00061,2024-04-10,login
U00061,2024-04-19,feature_use
U00061,2023-12-28,login
U00062,2023-04-15,login
U00062,2023-08-15,login
U00062,2024-02-15,feature_use
U00062,2023-11-01,support_ticket
U00062,2024-11-13,login
U00062,2023-05-17,feature_use
U00062,2024-05-30,feature_use
U00062,2023-11-27,support_ticket
U00062,2024-09-22,login
U00062,2024-01-16,support_ticket
U00062,2023-04-22,feature_use
U00062,2024-06-21,login
U00062,2024-05-29,feature_use
U00062,2024-02-15,feature_use
U00062,2023-10-15,support_ticket
U00062,2024-09-19,feature_use
U00062,2023-04-16,feature_use
U00062,2024-01-26,support_ticket
U00062,2023-07-23,feature_use
U00062,2024-10-20,feature_use
U00062,2023-04-19,login
U00062,2024-06-22,feature_use
U00062,2024-05-02,support_ticket
U00062,2023-08-31,support_ticket
U00062,2024-12-16,support_ticket
U00062,2023-06-21,feature_use
U00062,2024-07-06,support_ticket
U00062,2024-11-06,support_ticket
U00062,2023-04-09,feature_use
U00062,2024-05-07,feature_use
U00063,2024-01-02,feature_use
U00063,2022-02-27,login
U00063,2023-01-04,login
U00063,2024-04-04,feature_use
U00063,2022-12-25,support_ticket
U00063,2021-08-04,support_ticket
U00063,2021-10-02,login
U00063,2024-03-15,login
U00063,2024-03-09,feature_use
U00063,2023-08-22,login
U00064,2024-08-18,feature_use
U00064,2023-06-08,feature_use
U00064,2024-09-22,login
U00064,2024-04-07,login
U00064,2022-01-30,support_ticket
U00064,2024-01-14,login
U00064,2022-06-19,feature_use
U00064,2021-09-11,login
U00064,2023-10-11,support_ticket
U00064,2023-02-10,feature_use
U00064,2024-09-25,support_ticket
U00064,2023-12-29,support_ticket
U00064,2023-12-19,support_ticket
U00064,2022-12-05,feature_use
U00064,2022-06-29,login
U00064,2022-06-25,login
U00064,2024-10-30,feature_use
U00064,2022-01-14,feature_use
U00064,2024-06-09,login
U00064,2021-06-22,feature_use
U00064,2022-02-04,login
U00064,2022-05-28,support_ticket
U00064,2024-02-13,feature_use
U00064,2023-09-18,support_ticket
U00064,2024-10-25,support_ticket
U00064,2024-03-03,feature_use
U00064,2024-11-28,support_ticket
U00064,2023-06-19,support_ticket
U00064,2023-08-28,feature_use
U00064,2021-12-07,login
U00064,2022-03-14,login
U00064,2022-07-06,login
U00064,2021-07-13,support_ticket
U00064,2022-07-01,login
U00065,2024-05-26,support_ticket
U00065,2023-12-06,support_ticket
U00065,2024-01-24,feature_use
U00065,2024-11-27,support_ticket
U00065,2024-12-05,support_ticket
U00065,2023-12-29,login
U00065,2024-02-24,feature_use
U00065,2023-12-07,feature_use
U00065,2024-04-26,login
U00065,2023-11-21,login
U00065,2024-12-28,login
U00065,2024-10-05,support_ticket
U00065,2024-05-07,feature_use
U00065,2024-05-21,login
U00065,2024-12-06,feature_use
U00065,2024-07-18,login
U00065,2024-01-04,feature_use
U00065,2024-07-10,feature_use
U00066,2023-07-30,login
U00066,2022-04-13,support_ticket
U00066,2024-02-16,feature_use
U00066,2024-06-26,support_ticket
U00066,2024-12-13,support_ticket
U00066,2024-10-24,feature_use
U00066,2021-11-29,feature_use
U00066,2023-12-12,feature_use
U00067,2024-06-29,support_ticket
U00067,2024-07-10,support_ticket
U00067,2024-12-07,feature_use
U00067,2023-12-28,support_ticket
U00067,2023-10-02,support_ticket
U00067,2023-09-10,feature_use
U00067,2024-06-22,feature_use
U00067,2024-06-10,login
U00067,2024-01-16,support_ticket
U00067,2024-04-01,feature_use
U00067,2023-10-30,feature_use
U00067,2024-07-15,support_ticket
U00067,2024-02-25,feature_use
U00067,2024-08-23,feature_use
U00067,2023-09-11,login
U00067,2024-01-26,support_ticket
U00067,2023-12-08,feature_use
U00067,2024-02-24,feature_use
U00067,2023-12-28,support_ticket
U00067,2023-12-22,support_ticket
U00067,2024-12-09,support_ticket
U00067,2024-02-21,support_ticket
U00067,2024-11-10,support_ticket
U00067,2024-08-02,feature_use
U00067,2023-11-07,feature_use
U00067,2024-09-05,support_ticket
U00067,2024-03-18,feature_use
U00067,2024-10-31,support_ticket
U00067,2024-07-31,support_ticket
U00067,2024-03-03,feature_use
U00067,2024-10-14,login
U00067,2024-07-15,login
U00067,2024-01-23,support_ticket
U00067,2024-09-18,login
U00067,2024-08-07,feature_use
U00067,2023-11-06,login
U00067,2023-12-12,login
U00068,2023-11-12,login
U00068,2024-09-16,feature_use
U00068,2023-11-14,feature_use
U00068,2023-02-22,login
U00068,2024-01-18,login
U00068,2022-07-15,feature_use
U00068,2024-12-15,feature_use
U00068,2023-06-27,support_ticket
U00068,2022-12-06,login
U00068,2024-10-21,support_ticket
U00068,2022-07-29,login
U00068,2023-06-07,feature_use
U00068,2022-10-21,support_ticket
U00068,2023-02-14,login
U00068,2024-01-23,login
U00068,2023-11-07,feature_use
U00068,2023-06-10,feature_use
U00068,2024-08-22,login
U00068,2024-08-23,support_ticket
U00068,2023-03-27,login
U00068,2024-11-16,support_ticket
U00068,2024-12-07,support_ticket
U00068,2024-03-06,support_ticket
U00068,2022-10-11,support_ticket
U00068,2022-08-17,feature_use
U00068,2024-09-22,feature_use
U00068,2024-11-04,login
U00068,2022-10-13,support_ticket
U00068,2024-03-12,login
U00068,2024-10-17,support_ticket
U00068,2022-08-08,support_ticket
U00068,2022-10-12,login
U00068,2024-04-02,login
U00068,2024-12-04,login
U00068,2023-07-02,login
U00068,2024-07-11,feature_use
U00068,2024-06-21,feature_use
U00068,2024-08-15,support_ticket
U00068,2023-11-19,support_ticket
U00068,2024-12-04,login
U00068,2022-12-01,support_ticket
U00068,2023-07-04,feature_use
U00068,2024-10-12,login
U00069,2023-12-09,feature_use
U00069,2024-07-15,login
U00069,2024-01-23,feature_use
U00069,2024-04-30,feature_use
U00069,2024-10-15,login
U00069,2023-08-12,feature_use
U00069,2024-06-01,support_ticket
U00069,2024-07-14,feature_use
U00069,2024-01-23,login
U00069,2024-11-09,feature_use
U00069,2024-01-05,login
U00069,2024-07-29,feature_use
U00070,2024-12-12,support_ticket
U00070,2024-12-26,feature_use
U00070,2024-11-14,feature_use
U00070,2024-11-22,login
U00070,2024-12-28,support_ticket
U00070,2024-11-17,login
U00070,2024-12-04,feature_use
U00070,2024-12-08,login
U00070,2024-12-10,login
U00070,2024-12-08,login
U00070,2024-12-25,support_ticket
U00070,2024-11-22,support_ticket
U00070,2024-11-16,support_ticket
U00070,2024-12-28,support_ticket
U00070,2024-12-16,feature_use
U00070,2024-12-09,feature_use
U00070,2024-12-26,support_ticket
U00070,2024-12-18,feature_use
U00070,2024-12-29,support_ticket
U00070,2024-12-03,feature_use
U00070,2024-11-13,feature_use
U00070,2024-12-16,support_ticket
U00070,2024-11-22,support_ticket
U00070,2024-12-08,feature_use
U00070,2024-12-24,login
U00070,2024-12-17,support_ticket
U00070,2024-12-22,support_ticket
U00070,2024-12-11,support_ticket
U00070,2024-12-05,support_ticket
U00070,2024-12-08,login
U00070,2024-12-02,login
U00071,2024-04-03,feature_use
U00071,2023-11-04,support_ticket
U00071,2024-10-06,support_ticket
U00071,2023-02-07,support_ticket
U00071,2024-04-06,feature_use
U00071,2023-05-07,login
U00071,2024-03-07,support_ticket
U00072,2024-11-18,support_ticket
U00072,2024-10-02,login
U00072,2024-08-30,support_ticket
U00072,2024-10-28,login
U00072,2024-11-08,support_ticket
U00072,2024-12-09,support_ticket
U00072,2024-09-20,support_ticket
U00072,2024-09-07,feature_use
U00072,2024-10-28,support_ticket
U00072,2024-12-30,feature_use
U00072,2024-09-23,login
U00072,2024-09-23,feature_use
U00072,2024-11-07,support_ticket
U00072,2024-08-24,feature_use
U00072,2024-11-17,login
U00072,2024-10-21,feature_use
U00072,2024-11-07,feature_use
U00072,2024-09-27,support_ticket
U00072,2024-11-27,support_ticket
U00072,2024-10-25,login
U00072,2024-11-14,support_ticket
U00072,2024-10-11,feature_use
U00072,2024-12-17,login
U00072,2024-09-29,support_ticket
U00073,2024-06-23,login
U00073,2024-01-12,login
U00073,2024-06-30,login
U00073,2024-07-26,login
U00073,2024-07-11,login
U00073,2024-06-02,support_ticket
U00073,2024-08-21,feature_use
U00073,2024-09-22,support_ticket
U00073,2024-08-17,feature_use
U00073,2024-04-09,support_ticket
U00073,2024-08-07,support_ticket
U00073,2024-06-29,feature_use
U00073,2024-11-12,feature_use
U00073,2024-12-04,feature_use
U00073,2024-02-17,login
U00073,2024-08-10,login
U00073,2024-07-31,support_ticket
U00073,2024-07-17,login
U00073,2024-11-20,support_ticket
U00073,2024-08-22,login
U00073,2024-11-15,login
U00073,2024-07-16,feature_use
U00073,2023-12-12,support_ticket
U00073,2024-02-14,support_ticket
U00073,2024-06-02,login
U00073,2024-09-29,feature_use
U00073,2024-01-21,login
U00073,2024-06-02,support_ticket
U00073,2024-04-22,login
U00073,2024-08-19,login
U00073,2024-01-25,feature_use
U00073,2024-04-30,feature_use
U00074,2023-03-20,feature_use
U00074,2022-06-20,login
U00074,2022-10-15,support_ticket
U00074,2023-07-28,login
U00074,2024-11-23,feature_use
U00074,2024-11-18,feature_use
U00074,2022-12-29,login
U00074,2024-09-07,support_ticket
U00074,2023-10-05,login
U00074,2022-09-25,support_ticket
U00074,2023-05-15,login
U00074,2024-10-30,login
U00074,2023-07-24,feature_use
U00074,2023-12-30,feature_use
U00074,2023-12-23,feature_use
U00074,2024-11-29,feature_use
U00074,2024-07-31,feature_use
U00074,2023-09-21,support_ticket
U00074,2024-09-22,support_ticket
U00074,2022-10-05,login
U00074,2023-10-21,support_ticket
U00074,2023-09-06,feature_use
U00074,2024-04-05,feature_use
U00074,2022-10-22,support_ticket
U00075,2023-02-23,support_ticket
U00075,2024-10-04,support_ticket
U00075,2024-01-17,feature_use
U00075,2023-07-20,feature_use
U00075,2023-11-06,support_ticket
U00075,2023-01-09,support_ticket
U00075,2024-02-20,support_ticket
U00075,2023-09-04,support_ticket
U00075,2023-02-22,login
U00075,2024-11-17,login
U00075,2024-07-01,support_ticket
U00075,2024-11-17,feature_use
U00075,2024-06-20,support_ticket
U00075,2023-03-30,support_ticket
U00075,2024-06-18,login
U00075,2023-06-09,support_ticket
U00075,2024-05-31,support_ticket
U00075,2023-01-17,support_ticket
U00075,2024-05-11,login
U00075,2024-12-31,feature_use
U00075,2024-04-21,login
U00075,2023-03-27,support_ticket
U00075,2024-05-21,login
U00075,2022-12-13,feature_use
U00075,2023-06-22,login
U00076,2024-12-01,feature_use
U00076,2024-03-23,support_ticket
U00076,2024-12-15,feature_use
U00076,2024-09-01,support_ticket
U00076,2024-03-03,feature_use
U00076,2024-02-20,feature_use
U00076,2024-09-19,login
U00076,2024-09-08,login
U00076,2024-11-05,feature_use
U00076,2024-08-22,feature_use
U00076,2024-03-26,login
U00076,2024-03-30,support_ticket
U00076,2024-05-05,feature_use
U00076,2024-04-22,login
U00076,2024-06-18,login
U00076,2024-04-27,feature_use
U00076,2024-09-04,support_ticket
U00076,2024-05-05,login
U00076,2024-12-19,feature_use
U00076,2024-05-11,login
U00076,2024-03-09,feature_use
U00076,2024-08-26,login
U00076,2024-07-21,login
U00076,2024-09-07,feature_use
U00076,2024-06-20,feature_use
U00076,2024-04-10,login
U00076,2024-05-22,login
U00076,2024-12-10,support_ticket
U00076,2024-06-09,feature_use
U00076,2024-10-26,support_ticket
U00076,2024-08-24,login
U00076,2024-06-25,login
U00076,2024-07-20,feature_use
U00076,2024-11-18,feature_use
U00076,2024-03-13,feature_use
U00076,2024-02-23,feature_use
U00076,2024-12-29,login
U00076,2024-02-18,feature_use
U00076,2024-11-18,support_ticket
U00076,2024-03-31,login
U00076,2024-11-19,support_ticket
U00076,2024-04-13,feature_use
U00076,2024-11-25,feature_use
U00076,2024-09-24,login
U00076,2024-12-30,support_ticket
U00076,2024-05-23,login
U00076,2024-08-18,support_ticket
U00076,2024-05-05,login
U00076,2024-11-10,feature_use
U00076,2024-11-19,feature_use
U00077,2022-03-29,feature_use
U00077,2024-12-06,support_ticket
U00077,2023-01-18,support_ticket
U00077,2024-12-17,login
U00077,2022-03-28,login
U00077,2024-11-07,feature_use
U00077,2023-01-01,support_ticket
U00078,2024-12-30,feature_use
U00078,2024-12-25,support_ticket
U00078,2024-12-23,support_ticket
U00078,2024-12-28,feature_use
U00078,2024-12-20,login
U00078,2024-12-31,support_ticket
U00078,2024-12-29,login
U00078,2024-12-24,login
U00078,2024-12-26,support_ticket
U00078,2024-12-21,login
U00078,2024-12-31,support_ticket
U00078,2024-12-24,feature_use
U00078,2024-12-23,support_ticket
U00078,2024-12-28,feature_use
U00078,2024-12-30,feature_use
U00078,2024-12-30,feature_use
U00078,2024-12-31,feature_use
U00078,2024-12-24,login
U00078,2024-12-30,feature_use
U00078,2024-12-25,login
U00078,2024-12-27,support_ticket
U00079,2021-06-20,support_ticket
U00079,2022-02-16,support_ticket
U00079,2021-05-23,support_ticket
U00079,2024-01-19,login
U00079,2021-06-07,support_ticket
U00079,2022-05-09,feature_use
U00079,2024-06-30,support_ticket
U00079,2024-02-14,feature_use
U00079,2024-05-25,login
U00079,2021-10-24,support_ticket
U00079,2021-07-21,support_ticket
U00079,2023-11-16,support_ticket
U00079,2022-01-26,feature_use
U00079,2023-06-28,support_ticket
U00079,2023-05-22,feature_use
U00079,2022-05-16,support_ticket
U00079,2021-06-05,login
U00079,2023-12-22,feature_use
U00079,2022-06-18,feature_use
U00079,2021-06-07,login
U00079,2021-06-28,feature_use
U00079,2023-05-21,login
U00079,2021-11-19,support_ticket
U00079,2024-11-19,feature_use
U00079,2022-08-14,login
U00079,2024-02-24,feature_use
U00080,2022-12-21,feature_use
U00080,2024-10-18,login
U00080,2021-06-09,login
U00080,2024-12-23,feature_use
U00080,2022-01-08,feature_use
U00080,2024-08-03,support_ticket
U00080,2024-03-02,login
U00081,2023-02-08,support_ticket
U00081,2024-08-19,support_ticket
U00081,2024-06-12,support_ticket
U00081,2024-04-02,support_ticket
U00081,2023-01-20,login
U00081,2024-03-18,login
U00081,2024-08-26,login
U00081,2022-12-02,feature_use
U00081,2024-02-28,login
U00081,2024-01-11,support_ticket
U00081,2024-10-03,feature_use
U00081,2023-02-06,support_ticket
U00081,2022-08-17,support_ticket
U00081,2024-06-18,support_ticket
U00081,2024-04-14,feature_use
U00081,2024-06-21,support_ticket
U00081,2023-11-01,login
U00081,2023-10-05,support_ticket
U00081,2024-06-13,support_ticket
U00081,2022-09-16,feature_use
U00081,2023-10-10,feature_use
U00081,2023-05-01,login
U00081,2024-06-20,support_ticket
U00081,2023-11-14,feature_use
U00081,2023-07-30,support_ticket
U00081,2024-09-09,login
U00081,2024-08-01,login
U00081,2022-09-11,feature_use
U00081,2023-09-28,support_ticket
U00081,2023-10-27,feature_use
U00081,2022-07-30,feature_use
U00081,2023-02-09,feature_use
U00081,2022-10-16,support_ticket
U00081,2024-10-29,login
U00081,2024-08-18,login
U00081,2024-06-30,feature_use
U00081,2022-10-09,login
U00081,2023-02-11,login
U00081,2023-06-27,feature_use
U00081,2022-09-27,support_ticket
U00082,2024-02-28,login
U00082,2024-09-11,feature_use
U00082,2024-01-22,support_ticket
U00082,2024-11-25,feature_use
U00082,2024-05-17,login
U00082,2024-03-05,feature_use
U00082,2024-05-11,feature_use
U00082,2024-02-06,feature_use
U00082,2024-10-02,login
U00082,2024-02-16,support_ticket
U00082,2024-11-22,feature_use
U00082,2024-02-27,support_ticket
U00082,2024-08-25,support_ticket
U00082,2024-03-13,login
U00082,2024-02-10,login
U00082,2024-07-21,feature_use
U00082,2024-12-30,login
U00082,2024-03-15,login
U00082,2024-08-23,login
U00082,2024-06-12,support_ticket
U00082,2024-11-25,feature_use
U00082,2024-02-12,login
U00082,2024-12-21,login
U00082,2024-10-22,login
U00082,2024-06-08,feature_use
U00082,2024-08-02,login
U00082,2024-11-21,feature_use
U00082,2024-05-08,support_ticket
U00082,2024-12-12,support_ticket
U00082,2024-01-15,feature_use
U00082,2024-07-24,feature_use
U00082,2024-08-16,support_ticket
U00082,2024-11-22,login
U00082,2024-07-01,support_ticket
U00082,2024-12-20,login
U00082,2024-08-29,support_ticket
U00082,2024-06-26,support_ticket
U00082,2024-04-17,login
U00082,2024-03-02,login
U00082,2024-11-09,support_ticket
U00082,2024-02-13,support_ticket
U00082,2024-04-18,support_ticket
U00082,2024-03-14,support_ticket
U00082,2024-09-26,feature_use
U00082,2024-07-09,feature_use
U00083,2024-10-28,login
U00083,2024-07-17,login
U00083,2024-04-06,login
U00083,2024-05-19,feature_use
U00083,2024-10-24,support_ticket
U00083,2024-09-14,feature_use
U00083,2024-12-17,login
U00083,2024-05-29,feature_use
U00083,2024-08-20,support_ticket
U00083,2024-09-06,feature_use
U00083,2024-09-19,login
U00083,2024-12-05,support_ticket
U00083,2024-05-28,login
U00083,2024-07-14,support_ticket
U00083,2024-12-26,login
U00083,2024-10-17,feature_use
U00083,2024-06-23,login
U00083,2024-06-26,login
U00083,2024-09-05,login
U00083,2024-11-13,support_ticket
U00083,2024-11-09,support_ticket
U00083,2024-08-31,support_ticket
U00083,2024-12-29,feature_use
U00083,2024-08-15,feature_use
U00083,2024-08-30,login
U00083,2024-05-07,feature_use
U00083,2024-04-05,feature_use
U00083,2024-07-05,login
U00083,2024-07-07,support_ticket
U00083,2024-07-10,feature_use
U00083,2024-07-02,login
U00083,2024-11-16,support_ticket
U00083,2024-08-31,support_ticket
U00083,2024-09-23,login
U00083,2024-10-05,login
U00084,2023-05-19,login
U00084,2022-07-27,feature_use
U00084,2022-06-12,support_ticket
U00084,2022-09-07,login
U00084,2023-03-06,feature_use
U00085,2024-02-01,login
U00085,2022-03-26,login
U00085,2023-03-06,feature_use
U00085,2023-01-16,login
U00085,2023-07-15,support_ticket
U00085,2023-01-16,feature_use
U00085,2023-06-12,login
U00085,2023-03-02,login
U00085,2023-01-20,feature_use
U00085,2022-08-20,login
U00085,2022-11-02,feature_use
U00085,2022-09-09,feature_use
U00085,2023-03-31,feature_use
U00085,2024-08-16,login
U00085,2024-02-21,feature_use
U00085,2023-01-10,support_ticket
U00085,2024-07-01,support_ticket
U00086,2024-09-26,login
U00086,2024-09-27,login
U00086,2024-10-05,support_ticket
U00086,2024-10-29,support_ticket
U00086,2024-10-28,feature_use
U00086,2024-11-26,feature_use
U00086,2024-12-01,login
U00086,2024-09-16,support_ticket
U00086,2024-11-25,login
U00087,2024-03-14,login
U00087,2024-04-17,login
U00087,2023-07-11,support_ticket
U00087,2024-02-28,login
U00087,2024-10-19,support_ticket
U00087,2024-09-29,login
U00087,2023-08-09,feature_use
U00087,2023-07-23,login
U00087,2024-10-19,feature_use
U00087,2024-10-20,feature_use
U00087,2024-10-09,support_ticket
U00087,2024-09-04,login
U00087,2024-04-11,support_ticket
U00087,2024-06-03,support_ticket
U00087,2024-09-23,support_ticket
U00087,2024-10-05,feature_use
U00087,2024-02-16,support_ticket
U00087,2024-07-01,support_ticket
U00087,2023-06-24,login
U00087,2023-12-28,login
U00087,2024-08-22,login
U00087,2024-06-26,login
U00087,2024-03-26,feature_use
U00087,2024-06-07,support_ticket
U00087,2023-10-25,feature_use
U00087,2024-02-02,support_ticket
U00087,2023-08-12,login
U00087,2023-08-12,feature_use
U00087,2024-08-15,support_ticket
U00087,2024-05-12,login
U00087,2023-06-29,feature_use
U00087,2024-10-23,support_ticket
U00087,2024-04-26,feature_use
U00087,2024-08-21,feature_use
U00087,2024-08-02,feature_use
U00087,2024-05-28,feature_use
U00087,2024-04-06,feature_use
U00087,2024-06-12,login
U00087,2023-11-17,feature_use
U00088,2022-10-16,support_ticket
U00088,2021-09-23,feature_use
U00088,2021-10-06,feature_use
U00088,2024-02-12,support_ticket
U00088,2024-05-14,support_ticket
U00088,2021-09-28,feature_use
U00088,2022-07-31,login
U00088,2021-12-19,login
U00088,2023-04-28,login
U00088,2024-05-13,login
U00088,2023-03-05,login
U00088,2023-02-24,feature_use
U00088,2022-12-31,support_ticket
U00088,2022-11-04,login
U00088,2024-09-09,login
U00088,2024-05-07,feature_use
U00088,2021-05-08,feature_use
U00088,2022-11-19,feature_use
U00088,2023-07-27,feature_use
U00089,2023-04-17,feature_use
U00089,2024-09-10,login
U00089,2024-05-16,login
U00089,2023-11-23,support_ticket
U00089,2023-11-05,feature_use
U00089,2023-11-30,support_ticket
U00089,2024-11-26,support_ticket
U00089,2024-07-27,support_ticket
U00089,2024-07-20,feature_use
U00089,2023-07-01,feature_use
U00089,2023-10-14,feature_use
U00089,2024-06-05,login
U00089,2024-06-27,feature_use
U00089,2024-10-27,login
U00089,2024-04-22,login
U00089,2024-11-16,login
U00089,2024-02-11,support_ticket
U00089,2023-04-14,feature_use
U00089,2024-04-02,feature_use
U00089,2023-11-21,feature_use
U00089,2024-06-13,support_ticket
U00089,2024-05-22,support_ticket
U00089,2024-10-06,feature_use
U00089,2024-03-03,support_ticket
U00089,2023-04-28,support_ticket
U00089,2023-05-07,login
U00089,2023-09-09,feature_use
U00089,2024-11-06,support_ticket
U00089,2024-12-12,support_ticket
U00089,2024-11-12,feature_use
U00089,2024-04-29,login
U00089,2024-05-09,login
U00089,2024-10-03,feature_use
U00089,2023-10-14,feature_use
U00089,2023-07-25,feature_use
U00089,2024-11-08,feature_use
U00089,2024-02-10,login
U00089,2023-09-27,login
U00089,2024-10-22,login
U00089,2023-05-07,support_ticket
U00089,2024-12-12,feature_use
U00089,2023-05-02,login
U00090,2022-08-04,feature_use
U00090,2023-03-11,login
U00090,2023-01-18,feature_use
U00090,2024-03-30,support_ticket
U00090,2022-08-04,feature_use
U00090,2022-07-22,feature_use
U00090,2023-11-06,login
U00090,2022-11-16,feature_use
U00090,2024-10-21,feature_use
U00090,2023-06-29,login
U00090,2022-09-15,login
U00090,2023-11-25,feature_use
U00090,2023-09-26,support_ticket
U00090,2022-08-03,feature_use
U00090,2024-12-05,login
U00090,2022-10-05,login
U00090,2023-04-07,feature_use
U00091,2024-12-09,feature_use
U00091,2024-03-25,support_ticket
U00091,2024-10-24,feature_use
U00091,2024-10-30,login
U00091,2024-09-17,support_ticket
U00091,2024-12-19,feature_use
U00091,2024-05-24,login
U00091,2024-01-07,login
U00091,2024-08-19,login
U00091,2024-07-26,support_ticket
U00091,2024-05-09,support_ticket
U00091,2024-06-20,support_ticket
U00091,2024-09-11,feature_use
U00091,2024-08-27,support_ticket
U00091,2024-01-24,support_ticket
U00091,2024-02-19,feature_use
U00091,2024-11-29,feature_use
U00091,2024-06-29,support_ticket
U00091,2024-06-04,feature_use
U00091,2024-11-12,login
U00091,2024-08-03,login
U00091,2024-04-04,support_ticket
U00091,2024-08-12,feature_use
U00091,2024-07-18,support_ticket
U00091,2024-04-06,support_ticket
U00091,2024-10-21,login
U00091,2024-07-23,support_ticket
U00091,2024-01-26,login
U00091,2024-03-24,feature_use
U00091,2024-11-20,support_ticket
U00091,2024-06-01,support_ticket
U00091,2024-02-07,support_ticket
U00091,2024-04-24,feature_use
U00091,2024-08-01,support_ticket
U00091,2024-03-06,feature_use
U00091,2024-02-12,login
U00091,2024-09-18,feature_use
U00091,2024-07-31,feature_use
U00091,2024-03-28,feature_use
U00091,2024-04-19,support_ticket
U00091,2024-01-26,feature_use
U00091,2024-01-17,login
U00091,2024-11-26,support_ticket
U00091,2024-12-14,support_ticket
U00091,2024-08-27,feature_use
U00091,2024-06-27,support_ticket
U00091,2024-07-26,login
U00091,2024-07-25,login
U00091,2024-01-09,feature_use
U00091,2024-03-02,support_ticket
U00092,2024-04-13,support_ticket
U00092,2024-09-01,feature_use
U00092,2024-08-29,login
U00092,2023-08-07,support_ticket
U00092,2024-01-18,support_ticket
U00092,2024-08-05,login
U00092,2024-09-08,feature_use
U00092,2023-10-27,login
U00092,2023-06-02,support_ticket
U00092,2023-08-25,login
U00092,2024-03-11,login
U00092,2024-11-12,support_ticket
U00092,2024-06-18,login
U00093,2023-08-17,support_ticket
U00093,2024-05-11,login
U00093,2024-10-30,feature_use
U00093,2024-02-04,login
U00093,2023-09-10,support_ticket
U00093,2024-03-14,feature_use
U00093,2023-09-23,support_ticket
U00093,2023-11-19,feature_use
U00093,2024-06-16,feature_use
U00094,2023-07-01,login
U00094,2024-07-17,login
U00094,2024-03-08,feature_use
U00094,2024-02-26,login
U00094,2023-09-28,login
U00094,2024-08-31,login
U00094,2023-07-11,feature_use
U00094,2024-01-09,support_ticket
U00095,2021-08-21,login
U00095,2021-10-28,support_ticket
U00095,2022-03-23,support_ticket
U00095,2022-03-22,login
U00095,2023-08-13,support_ticket
U00095,2021-11-20,feature_use
U00095,2023-02-03,support_ticket
U00095,2024-10-18,login
U00095,2024-10-14,login
U00095,2024-04-27,feature_use
U00095,2023-09-07,login
U00095,2022-08-02,login
U00095,2021-11-16,feature_use
U00095,2023-02-05,login
U00095,2021-05-14,feature_use
U00095,2024-12-13,feature_use
U00095,2021-05-08,feature_use
U00095,2022-06-23,feature_use
U00095,2022-07-08,login
U00095,2024-12-21,feature_use
U00095,2024-12-05,support_ticket
U00095,2023-05-09,login
U00095,2021-08-29,login
U00095,2023-08-03,feature_use
U00095,2024-08-22,feature_use
U00095,2021-11-08,support_ticket
U00095,2024-04-16,support_ticket
U00095,2022-03-31,feature_use
U00095,2021-10-25,support_ticket
U00095,2023-02-07,support_ticket
U00095,2023-06-18,support_ticket
U00095,2022-01-11,feature_use
U00095,2022-04-08,support_ticket
U00095,2023-01-25,support_ticket
U00095,2023-12-27,login
U00095,2023-03-01,login
U00095,2024-09-11,support_ticket
U00095,2023-10-20,feature_use
U00095,2024-02-24,support_ticket
U00095,2022-08-03,support_ticket
U00095,2024-07-30,support_ticket
U00095,2021-05-11,login
U00095,2021-05-27,support_ticket
U00095,2021-12-24,feature_use
U00095,2022-08-11,support_ticket
U00095,2023-09-08,login
U00095,2024-10-04,login
U00096,2022-04-18,feature_use
U00096,2024-04-27,feature_use
U00096,2022-08-28,login
U00096,2023-08-19,login
U00096,2021-09-26,login
U00096,2024-11-16,feature_use
U00096,2023-05-15,login
U00096,2023-01-31,feature_use
U00097,2023-05-23,support_ticket
U00097,2024-06-10,support_ticket
U00097,2024-02-02,login
U00097,2023-12-03,support_ticket
U00097,2024-03-17,feature_use
U00097,2023-12-17,login
U00097,2024-10-16,login
U00097,2023-12-23,support_ticket
U00097,2023-11-26,support_ticket
U00097,2024-05-07,support_ticket
U00097,2024-03-07,login
U00097,2024-07-08,support_ticket
U00097,2023-04-19,login
U00097,2024-08-28,login
U00097,2023-10-27,login
U00097,2023-09-04,login
U00097,2023-08-19,login
U00097,2023-10-07,support_ticket
U00097,2024-10-26,login
U00097,2023-12-10,support_ticket
U00097,2023-07-02,feature_use
U00097,2024-08-03,feature_use
U00097,2023-09-28,support_ticket
U00097,2023-11-01,login
U00097,2024-06-20,login
U00097,2024-12-23,login
U00097,2024-02-17,feature_use
U00097,2024-11-23,feature_use
U00097,2023-11-05,feature_use
U00097,2024-08-17,login
U00097,2024-04-15,feature_use
U00097,2024-05-03,login
U00097,2024-08-07,feature_use
U00097,2024-06-18,support_ticket
U00097,2024-12-27,support_ticket
U00097,2024-06-29,login
U00097,2024-08-18,login
U00097,2024-05-07,feature_use
U00097,2023-07-07,feature_use
U00097,2024-12-12,support_ticket
U00097,2023-09-16,support_ticket
U00097,2023-10-09,feature_use
U00097,2024-05-06,feature_use
U00097,2024-02-20,feature_use
U00097,2024-01-28,feature_use
U00097,2024-11-08,support_ticket
U00098,2022-08-08,feature_use
U00098,2022-12-18,support_ticket
U00098,2024-10-30,login
U00098,2023-01-24,login
U00098,2022-03-22,login
U00098,2024-04-18,feature_use
U00098,2024-06-19,feature_use
U00098,2024-05-30,support_ticket
U00098,2024-04-16,feature_use
U00098,2024-12-10,feature_use
U00098,2022-08-06,feature_use
U00098,2022-06-01,login
U00098,2024-05-10,support_ticket
U00098,2023-02-09,login
U00098,2024-08-23,feature_use
U00098,2024-02-25,support_ticket
U00098,2024-12-08,support_ticket
U00098,2024-04-06,support_ticket
U00098,2022-07-10,support_ticket
U00098,2024-05-11,feature_use
U00098,2023-08-01,login
U00098,2024-11-16,login
U00098,2024-03-23,support_ticket
U00098,2022-05-10,support_ticket
U00098,2023-01-10,feature_use
U00098,2024-10-01,support_ticket
U00098,2023-01-09,feature_use
U00098,2023-08-02,support_ticket
U00098,2023-02-07,login
U00098,2022-11-08,login
U00098,2024-05-09,feature_use
U00098,2022-08-25,support_ticket
U00098,2023-04-04,feature_use
U00098,2023-02-16,feature_use
U00098,2023-08-13,support_ticket
U00099,2024-09-24,support_ticket
U00099,2024-01-26,support_ticket
U00099,2023-08-26,support_ticket
U00099,2024-03-25,support_ticket
U00099,2022-06-04,login
U00099,2023-11-09,login
U00099,2023-06-07,support_ticket
U00099,2023-02-06,support_ticket
U00099,2024-02-27,support_ticket
U00099,2023-08-26,login
U00099,2022-11-13,feature_use
U00099,2021-12-07,login
U00099,2022-04-26,support_ticket
U00099,2024-04-07,support_ticket
U00099,2024-04-05,support_ticket
U00099,2023-07-17,support_ticket
U00099,2024-05-04,login
U00099,2022-11-30,feature_use
U00099,2022-12-20,support_ticket
U00099,2022-09-05,login
U00099,2024-08-26,login
U00099,2024-09-28,login
U00099,2024-06-13,support_ticket
U00099,2023-02-12,login
U00100,2023-05-10,support_ticket
U00100,2023-09-14,login
U00100,2023-12-01,feature_use
U00100,2024-06-04,support_ticket
U00100,2024-12-09,login
U00100,2024-12-21,login
U00100,2023-05-31,feature_use
U00100,2023-06-06,feature_use
U00100,2023-07-16,feature_use
U00100,2023-05-15,feature_use
U00100,2023-04-10,support_ticket
U00100,2023-11-06,feature_use
U00100,2024-07-19,support_ticket
U00100,2023-06-22,login
U00100,2023-05-12,feature_use
U00100,2023-03-18,support_ticket
U00100,2024-10-27,login
U00101,2023-03-12,support_ticket
U00101,2024-10-26,login
U00101,2023-08-27,support_ticket
U00101,2024-01-22,feature_use
U00101,2023-12-18,feature_use
U00101,2024-09-21,feature_use
U00101,2024-04-17,feature_use
U00101,2023-07-18,feature_use
U00101,2024-07-06,feature_use
U00101,2023-06-26,login
U00101,2023-08-12,support_ticket
U00102,2024-08-24,support_ticket
U00102,2024-03-13,feature_use
U00102,2024-07-31,login
U00102,2024-02-14,feature_use
U00102,2024-09-05,support_ticket
U00102,2024-04-24,login
U00102,2024-12-17,login
U00102,2024-11-10,feature_use
U00102,2024-06-19,feature_use
U00102,2024-10-01,support_ticket
U00102,2024-10-13,support_ticket
U00102,2024-09-11,support_ticket
U00102,2024-05-19,login
U00102,2024-07-26,login
U00102,2024-08-15,login
U00102,2024-07-28,support_ticket
U00102,2024-09-27,login
U00102,2024-12-19,feature_use
U00102,2024-09-04,support_ticket
U00102,2024-12-22,login
U00102,2024-08-09,feature_use
U00102,2024-10-13,support_ticket
U00102,2024-04-04,support_ticket
U00102,2024-08-28,feature_use
U00102,2024-12-19,login
U00102,2024-04-26,support_ticket
U00102,2024-12-01,support_ticket
U00102,2024-10-28,login
U00102,2024-04-18,feature_use
U00102,2024-03-28,feature_use
U00103,2024-09-06,login
U00103,2024-07-25,login
U00103,2024-10-07,support_ticket
U00103,2023-06-01,login
U00103,2023-04-02,login
U00103,2022-07-26,login
U00103,2024-07-02,support_ticket
U00103,2022-03-24,login
U00103,2023-11-23,feature_use
U00103,2023-08-21,login
U00103,2023-07-05,support_ticket
U00103,2024-09-25,support_ticket
U00103,2022-10-03,support_ticket
U00103,2022-10-29,support_ticket
U00103,2024-10-27,login
U00103,2023-12-06,login
U00103,2022-06-05,support_ticket
U00103,2023-12-27,feature_use
U00103,2024-03-15,support_ticket
U00103,2024-07-06,login
U00103,2023-04-26,feature_use
U00103,2022-09-17,feature_use
U00103,2022-07-22,login
U00103,2022-07-25,feature_use
U00103,2023-02-13,support_ticket
U00103,2022-09-18,support_ticket
U00103,2024-02-16,login
U00103,2023-10-27,feature_use
U00103,2022-01-27,feature_use
U00103,2022-05-30,support_ticket
U00103,2023-02-16,feature_use
U00103,2024-06-09,feature_use
U00103,2024-02-10,support_ticket
U00103,2022-10-09,support_ticket
U00103,2023-04-23,login
U00103,2024-04-12,login
U00103,2024-08-24,feature_use
U00103,2022-11-16,feature_use
U00103,2023-04-17,feature_use
U00103,2024-08-14,login
U00103,2023-08-27,login
U00103,2022-04-04,support_ticket
U00103,2023-11-10,feature_use
U00103,2024-11-17,support_ticket
U00103,2022-10-03,feature_use
U00103,2024-09-29,support_ticket
U00103,2023-04-10,feature_use
U00103,2023-09-12,support_ticket
U00104,2021-08-28,feature_use
U00104,2022-03-08,support_ticket
U00104,2022-07-05,support_ticket
U00104,2022-08-03,support_ticket
U00104,2021-08-15,login
U00104,2024-01-23,support_ticket
U00104,2023-07-11,feature_use
U00104,2022-03-22,login
U00104,2024-05-26,feature_use
U00104,2023-03-22,feature_use
U00104,2023-12-25,feature_use
U00104,2023-07-10,feature_use
U00104,2021-09-24,support_ticket
U00104,2022-11-30,feature_use
U00104,2022-06-03,support_ticket
U00104,2024-05-26,feature_use
U00104,2021-11-15,login
U00104,2023-02-21,support_ticket
U00104,2021-08-18,support_ticket
U00104,2023-01-12,feature_use
U00104,2024-12-30,login
U00104,2024-07-25,login
U00104,2023-10-21,support_ticket
U00104,2024-01-13,feature_use
U00104,2022-02-20,login
U00104,2022-07-20,support_ticket
U00104,2022-06-04,support_ticket
U00104,2024-12-23,login
U00104,2023-05-11,support_ticket
U00105,2024-03-08,support_ticket
U00105,2024-03-31,feature_use
U00105,2024-08-21,support_ticket
U00105,2024-04-11,login
U00105,2024-03-05,feature_use
U00105,2024-09-14,login
U00105,2024-02-11,login
U00105,2024-10-05,support_ticket
U00105,2024-07-07,support_ticket
U00105,2024-08-25,login
U00105,2024-12-02,support_ticket
U00105,2024-08-09,login
U00105,2024-02-02,login
U00105,2024-05-18,feature_use
U00105,2024-09-22,feature_use
U00105,2024-11-16,login
U00105,2024-12-15,support_ticket
U00105,2024-07-26,support_ticket
U00105,2024-12-24,support_ticket
U00105,2024-03-01,feature_use
U00105,2024-12-13,feature_use
U00105,2024-06-04,support_ticket
U00105,2024-12-15,feature_use
U00105,2024-07-22,login
U00105,2024-03-17,login
U00105,2024-02-27,login
U00105,2024-09-22,support_ticket
U00105,2024-12-23,support_ticket
U00105,2024-05-10,login
U00105,2024-11-11,support_ticket
U00105,2024-11-04,feature_use
U00105,2024-06-04,support_ticket
U00105,2024-03-04,support_ticket
U00105,2024-04-17,feature_use
U00105,2024-09-19,support_ticket
U00105,2024-08-25,feature_use
U00105,2024-11-03,login
U00105,2024-03-06,feature_use
U00105,2024-02-17,support_ticket
U00105,2024-10-17,login
U00105,2024-08-10,support_ticket
U00106,2023-11-12,support_ticket
U00106,2024-04-06,support_ticket
U00106,2024-02-17,login
U00106,2024-03-19,support_ticket
U00106,2024-04-08,support_ticket
U00106,2024-12-22,support_ticket
U00107,2024-07-26,support_ticket
U00107,2024-06-10,login
U00107,2024-07-12,login
U00107,2024-11-25,feature_use
U00107,2024-06-12,login
U00107,2024-06-15,support_ticket
U00107,2024-07-25,support_ticket
U00107,2024-07-02,login
U00107,2024-08-20,login
U00107,2024-05-24,login
U00107,2024-12-26,feature_use
U00107,2024-10-14,support_ticket
U00108,2024-07-27,support_ticket
U00108,2023-12-24,login
U00108,2024-05-25,login
U00108,2024-09-14,feature_use
U00108,2024-11-25,support_ticket
U00108,2024-08-07,login
U00108,2024-10-14,feature_use
U00108,2024-12-13,feature_use
U00108,2024-09-16,feature_use
U00108,2024-10-29,support_ticket
U00108,2024-09-10,login
U00108,2024-12-10,login
U00108,2024-11-27,login
U00108,2024-04-23,login
U00108,2024-03-29,login
U00109,2024-02-25,login
U00109,2024-09-10,support_ticket
U00109,2024-02-25,support_ticket
U00109,2024-05-08,feature_use
U00109,2024-01-11,support_ticket
U00109,2024-09-20,feature_use
U00109,2023-12-15,support_ticket
U00109,2024-03-16,feature_use
U00109,2024-05-20,support_ticket
U00109,2024-01-29,feature_use
U00109,2024-06-27,login
U00109,2024-03-16,support_ticket
U00109,2024-06-11,support_ticket
U00109,2024-01-19,support_ticket
U00109,2024-02-19,login
U00109,2024-09-24,support_ticket
U00109,2024-03-23,support_ticket
U00109,2024-10-28,support_ticket
U00109,2024-02-13,support_ticket
U00109,2024-05-15,support_ticket
U00109,2024-10-08,support_ticket
U00109,2024-12-31,support_ticket
U00109,2024-09-11,login
U00109,2024-06-08,login
U00110,2023-10-26,feature_use
U00110,2021-07-13,support_ticket
U00110,2022-10-09,login
U00110,2022-11-25,login
U00110,2024-05-13,login
U00110,2024-06-17,feature_use
U00110,2021-10-03,feature_use
U00110,2024-12-22,login
U00110,2023-06-03,feature_use
U00110,2022-12-01,login
U00110,2022-08-26,feature_use
U00110,2021-06-10,login
U00110,2023-07-02,login
U00110,2023-07-05,login
U00110,2022-01-28,login
U00110,2024-05-03,support_ticket
U00110,2023-02-07,support_ticket
U00110,2024-02-17,login
U00110,2024-05-08,feature_use
U00110,2024-08-04,feature_use
U00110,2024-06-23,feature_use
U00110,2024-10-16,login
U00110,2021-08-27,login
U00110,2023-03-03,feature_use
U00110,2022-05-26,feature_use
U00111,2024-12-21,support_ticket
U00111,2024-12-29,feature_use
U00111,2024-12-14,support_ticket
U00111,2024-10-30,feature_use
U00111,2024-10-15,support_ticket
U00111,2024-12-18,support_ticket
U00111,2024-11-02,support_ticket
U00111,2024-10-30,login
U00111,2024-12-01,support_ticket
U00111,2024-11-17,login
U00111,2024-11-30,support_ticket
U00111,2024-11-14,support_ticket
U00111,2024-12-30,feature_use
U00111,2024-12-11,login
U00111,2024-12-09,feature_use
U00111,2024-12-12,support_ticket
U00111,2024-11-19,feature_use
U00111,2024-12-07,support_ticket
U00111,2024-11-12,feature_use
U00111,2024-10-25,feature_use
U00111,2024-12-05,feature_use
U00111,2024-10-25,support_ticket
U00111,2024-10-24,login
U00111,2024-11-13,login
U00111,2024-11-04,support_ticket
U00111,2024-10-21,login
U00111,2024-11-19,support_ticket
U00111,2024-12-16,login
U00111,2024-12-07,support_ticket
U00111,2024-12-18,support_ticket
U00111,2024-10-31,feature_use
U00111,2024-12-16,support_ticket
U00111,2024-12-21,support_ticket
U00111,2024-10-29,feature_use
U00111,2024-10-15,support_ticket
U00111,2024-11-07,support_ticket
U00111,2024-10-14,support_ticket
U00111,2024-12-07,support_ticket
U00111,2024-12-21,support_ticket
U00111,2024-11-27,login
U00111,2024-12-20,support_ticket
U00111,2024-12-30,login
U00111,2024-12-30,feature_use
U00111,2024-11-04,support_ticket
U00111,2024-12-20,login
U00111,2024-11-05,login
U00111,2024-11-29,login
U00111,2024-12-18,feature_use
U00112,2024-01-16,feature_use
U00112,2023-10-19,login
U00112,2023-10-07,login
U00112,2023-07-27,support_ticket
U00112,2023-01-27,support_ticket
U00112,2022-05-02,feature_use
U00112,2023-05-08,feature_use
U00112,2023-04-27,feature_use
U00113,2024-04-01,support_ticket
U00113,2024-10-18,login
U00113,2024-09-03,support_ticket
U00113,2024-12-19,login
U00113,2024-11-23,support_ticket
U00113,2024-12-05,login
U00113,2024-09-29,login
U00113,2024-11-21,feature_use
U00113,2024-08-30,feature_use
U00113,2024-05-24,login
U00113,2024-09-26,support_ticket
U00113,2024-07-04,feature_use
U00113,2024-09-28,login
U00113,2024-05-21,feature_use
U00113,2024-12-07,login
U00113,2024-05-13,support_ticket
U00113,2024-12-19,login
U00113,2024-10-27,login
U00114,2024-06-23,login
U00114,2024-12-07,feature_use
U00114,2024-08-18,feature_use
U00114,2024-10-01,feature_use
U00114,2024-09-06,feature_use
U00114,2024-10-09,login
U00114,2024-11-06,feature_use
U00114,2024-07-19,feature_use
U00114,2024-12-07,feature_use
U00114,2024-08-02,login
U00114,2024-09-20,support_ticket
U00114,2024-10-11,login
U00114,2024-09-21,support_ticket
U00114,2024-08-11,login
U00114,2024-08-09,feature_use
U00114,2024-07-02,login
U00114,2024-10-01,feature_use
U00114,2024-12-29,feature_use
U00114,2024-06-30,login
U00114,2024-12-09,login
U00114,2024-10-22,support_ticket
U00114,2024-08-29,login
U00114,2024-10-07,feature_use
U00114,2024-11-09,feature_use
U00114,2024-12-13,support_ticket
U00114,2024-07-24,feature_use
U00114,2024-12-31,feature_use
U00114,2024-10-28,support_ticket
U00114,2024-12-28,feature_use
U00114,2024-07-25,login
U00114,2024-07-19,login
U00114,2024-07-24,login
U00114,2024-09-18,support_ticket
U00114,2024-06-25,support_ticket
U00114,2024-08-21,login
U00114,2024-12-12,feature_use
U00115,2024-11-23,support_ticket
U00115,2024-09-09,feature_use
U00115,2024-11-08,feature_use
U00115,2024-10-14,feature_use
U00115,2024-09-18,feature_use
U00115,2024-10-09,support_ticket
U00115,2024-09-27,support_ticket
U00115,2024-11-12,login
U00115,2024-10-09,feature_use
U00115,2024-12-15,login
U00115,2024-12-27,feature_use
U00115,2024-12-06,login
U00115,2024-12-02,feature_use
U00115,2024-10-03,feature_use
U00115,2024-12-07,login
U00115,2024-12-06,support_ticket
U00115,2024-11-11,support_ticket
U00115,2024-10-01,login
U00115,2024-12-26,support_ticket
U00115,2024-11-27,support_ticket
U00115,2024-09-27,login
U00115,2024-09-23,login
U00115,2024-10-29,login
U00115,2024-10-13,login
U00115,2024-09-26,feature_use
U00115,2024-09-10,support_ticket
U00115,2024-10-03,login
U00115,2024-12-27,login
U00115,2024-10-26,feature_use
U00115,2024-11-14,feature_use
U00115,2024-12-06,support_ticket
U00115,2024-10-07,login
U00116,2024-07-12,feature_use
U00116,2024-01-07,support_ticket
U00116,2024-07-12,support_ticket
U00116,2024-01-02,feature_use
U00116,2024-02-01,feature_use
U00116,2024-06-10,feature_use
U00116,2024-06-03,support_ticket
U00116,2024-07-08,login
U00116,2024-05-18,login
U00116,2024-03-09,login
U00116,2023-12-07,login
U00116,2024-11-09,support_ticket
U00116,2024-05-19,login
U00116,2024-05-01,feature_use
U00116,2024-04-28,support_ticket
U00116,2024-01-27,feature_use
U00116,2024-03-10,feature_use
U00116,2024-08-14,feature_use
U00116,2024-05-26,feature_use
U00116,2024-02-02,login
U00116,2024-11-13,login
U00116,2024-11-20,support_ticket
U00116,2024-02-11,feature_use
U00116,2024-06-08,support_ticket
U00116,2024-06-09,support_ticket
U00116,2024-10-03,support_ticket
U00117,2024-03-25,login
U00117,2023-09-11,login
U00117,2024-04-19,login
U00117,2022-09-28,login
U00117,2022-10-27,login
U00117,2023-03-20,login
U00117,2024-08-23,login
U00117,2022-07-26,support_ticket
U00117,2024-01-26,feature_use
U00117,2024-10-21,login
U00117,2023-01-03,login
U00117,2022-11-11,login
U00117,2024-06-28,support_ticket
U00117,2023-07-25,support_ticket
U00117,2024-02-04,feature_use
U00117,2024-08-29,support_ticket
U00117,2022-10-21,feature_use
U00117,2022-07-11,feature_use
U00117,2024-06-30,support_ticket
U00117,2024-12-20,login
U00117,2023-01-30,support_ticket
U00117,2023-09-07,support_ticket
U00117,2022-11-14,feature_use
U00117,2022-05-27,support_ticket
U00117,2022-06-27,support_ticket
U00117,2023-03-19,support_ticket
U00117,2024-05-17,feature_use
U00117,2022-07-26,login
U00117,2024-08-07,support_ticket
U00117,2024-04-19,support_ticket
U00117,2024-05-02,feature_use
U00117,2023-09-02,login
U00117,2023-03-06,login
U00117,2023-01-16,support_ticket
U00117,2023-05-15,support_ticket
U00117,2022-03-13,support_ticket
U00117,2024-09-12,support_ticket
U00117,2023-08-07,feature_use
U00117,2023-05-20,feature_use
U00117,2023-08-26,support_ticket
U00117,2022-10-24,login
U00117,2023-05-27,login
U00117,2023-06-25,feature_use
U00118,2024-04-12,login
U00118,2024-12-18,feature_use
U00118,2022-11-11,feature_use
U00118,2024-12-08,login
U00118,2024-04-15,login
U00118,2024-10-18,login
U00118,2023-12-27,login
U00119,2024-12-29,feature_use
U00119,2024-12-26,support_ticket
U00119,2024-11-23,feature_use
U00119,2024-10-17,support_ticket
U00119,2024-12-16,feature_use
U00120,2023-12-02,support_ticket
U00120,2023-08-07,feature_use
U00120,2022-12-07,support_ticket
U00120,2022-10-20,feature_use
U00120,2023-05-22,support_ticket
U00120,2023-07-23,login
U00120,2023-06-29,login
U00120,2024-04-12,support_ticket
U00120,2024-12-14,support_ticket
U00120,2023-01-26,support_ticket
U00120,2024-11-11,support_ticket
U00120,2023-11-05,support_ticket
U00120,2023-06-30,support_ticket
U00121,2024-02-24,feature_use
U00121,2024-03-09,feature_use
U00121,2024-04-28,login
U00121,2024-09-04,login
U00121,2024-10-26,login
U00121,2024-10-14,feature_use
U00121,2023-12-26,feature_use
U00121,2023-10-31,feature_use
U00121,2024-01-29,feature_use
U00121,2024-02-02,login
U00121,2024-02-06,support_ticket
U00121,2024-12-11,support_ticket
U00121,2024-01-28,support_ticket
U00121,2024-05-11,login
U00121,2024-06-09,login
U00121,2024-01-25,feature_use
U00121,2024-02-05,login
U00121,2023-12-21,login
U00121,2024-10-06,login
U00121,2024-11-04,support_ticket
U00121,2024-09-12,login
U00121,2023-12-15,support_ticket
U00121,2023-08-09,support_ticket
U00121,2023-11-07,feature_use
U00121,2024-08-24,login
U00121,2023-11-17,login
U00121,2023-09-10,login
U00121,2024-04-07,login
U00121,2024-04-27,login
U00121,2023-08-10,login
U00121,2023-11-13,support_ticket
U00121,2024-07-08,support_ticket
U00121,2023-10-23,login
U00121,2023-12-17,feature_use
U00121,2024-10-24,login
U00121,2024-06-06,feature_use
U00121,2024-11-29,login
U00121,2024-04-02,login
U00121,2024-04-26,support_ticket
U00121,2023-12-01,login
U00121,2023-09-11,login
U00121,2024-05-26,login
U00121,2024-09-25,login
U00121,2023-07-29,login
U00121,2023-08-21,login
U00122,2023-09-21,login
U00122,2023-07-17,support_ticket
U00122,2023-03-03,login
U00122,2023-09-19,support_ticket
U00122,2022-03-11,feature_use
U00122,2022-07-06,login
U00122,2022-10-26,login
U00122,2023-02-21,feature_use
U00122,2021-12-27,support_ticket
U00122,2023-06-07,login
U00122,2023-08-01,login
U00122,2021-10-20,support_ticket
U00122,2022-05-29,login
U00122,2023-12-18,support_ticket
U00122,2023-06-09,support_ticket
U00122,2022-07-30,support_ticket
U00122,2023-12-11,login
U00122,2023-04-02,support_ticket
U00122,2023-03-03,feature_use
U00122,2022-02-21,feature_use
U00122,2024-05-11,support_ticket
U00122,2023-08-18,feature_use
U00122,2021-12-27,login
U00122,2022-05-24,support_ticket
U00122,2022-05-20,feature_use
U00122,2022-05-22,feature_use
U00122,2024-01-24,support_ticket
U00122,2024-03-29,login
U00122,2022-03-12,support_ticket
U00122,2023-12-16,support_ticket
U00122,2023-02-14,login
U00122,2022-01-25,feature_use
U00123,2023-03-20,feature_use
U00123,2024-03-04,feature_use
U00123,2024-12-19,feature_use
U00123,2024-11-22,support_ticket
U00123,2024-07-07,support_ticket
U00123,2024-01-24,login
U00123,2023-07-29,feature_use
U00123,2024-07-17,support_ticket
U00123,2024-12-25,support_ticket
U00123,2024-12-15,support_ticket
U00123,2023-06-27,feature_use
U00123,2022-08-31,support_ticket
U00123,2024-07-23,support_ticket
U00124,2022-12-22,support_ticket
U00124,2022-03-26,login
U00124,2023-10-09,login
U00124,2022-11-19,login
U00124,2023-10-11,support_ticket
U00124,2024-05-26,login
U00124,2022-05-12,login
U00124,2023-09-14,feature_use
U00124,2022-07-11,feature_use
U00124,2024-04-28,login
U00124,2024-11-01,feature_use
U00124,2023-02-07,login
U00124,2023-01-01,login
U00124,2022-07-08,login
U00124,2022-07-19,feature_use
U00124,2021-11-21,support_ticket
U00124,2024-02-15,feature_use
U00124,2022-01-17,support_ticket
U00124,2022-05-04,support_ticket
U00124,2022-02-27,feature_use
U00124,2022-08-18,login
U00124,2022-07-26,feature_use
U00124,2022-07-15,login
U00124,2023-02-12,login
U00124,2021-10-24,support_ticket
U00124,2024-01-29,login
U00124,2022-10-07,feature_use
U00124,2022-07-12,support_ticket
U00124,2024-09-13,support_ticket
U00124,2023-06-04,feature_use
U00124,2024-01-19,support_ticket
U00124,2023-08-20,feature_use
U00124,2021-10-26,feature_use
U00124,2022-05-14,login
U00124,2022-01-29,support_ticket
U00124,2021-12-03,support_ticket
U00124,2022-09-19,support_ticket
U00124,2022-08-23,login
U00124,2023-12-19,feature_use
U00124,2024-04-16,support_ticket
U00124,2023-03-11,support_ticket
U00125,2023-03-25,support_ticket
U00125,2023-01-03,feature_use
U00125,2024-12-24,login
U00125,2023-02-18,login
U00125,2023-11-01,feature_use
U00125,2022-09-21,support_ticket
U00125,2022-12-18,feature_use
U00125,2024-02-08,login
U00125,2022-12-26,feature_use
U00125,2022-11-20,support_ticket
U00125,2023-12-09,support_ticket
U00125,2024-09-23,login
U00125,2024-08-29,support_ticket
U00125,2023-09-07,feature_use
U00125,2023-04-01,support_ticket
U00125,2024-03-03,feature_use
U00125,2024-09-09,feature_use
U00125,2022-10-31,login
U00125,2024-08-15,feature_use
U00125,2024-03-08,feature_use
U00125,2022-12-01,feature_use
U00125,2022-09-04,login
U00125,2022-08-03,feature_use
U00125,2024-01-23,feature_use
U00125,2022-06-13,login
U00125,2023-02-28,login
U00125,2023-11-21,login
U00125,2022-07-21,login
U00125,2024-01-17,login
U00125,2024-06-28,feature_use
U00125,2022-11-24,support_ticket
U00125,2022-12-08,support_ticket
U00125,2024-12-22,login
U00125,2023-01-17,feature_use
U00125,2022-08-11,support_ticket
U00125,2023-12-15,login
U00125,2023-12-14,feature_use
U00126,2022-02-26,feature_use
U00126,2022-05-29,feature_use
U00126,2021-12-07,feature_use
U00126,2023-06-21,feature_use
U00126,2024-09-09,login
U00126,2023-08-26,feature_use
U00126,2023-11-18,login
U00127,2024-12-14,feature_use
U00127,2024-12-24,support_ticket
U00127,2024-12-27,login
U00127,2024-12-27,login
U00127,2024-12-11,support_ticket
U00127,2024-12-23,feature_use
U00127,2024-12-29,login
U00127,2024-12-20,login
U00127,2024-12-15,support_ticket
U00127,2024-12-25,login
U00127,2024-12-31,login
U00127,2024-12-18,login
U00127,2024-12-31,login
U00127,2024-12-16,support_ticket
U00127,2024-12-27,support_ticket
U00127,2024-12-30,support_ticket
U00127,2024-12-27,feature_use
U00127,2024-12-25,login
U00127,2024-12-21,feature_use
U00127,2024-12-22,support_ticket
U00127,2024-12-24,login
U00127,2024-12-23,login
U00127,2024-12-17,support_ticket
U00127,2024-12-30,login
U00127,2024-12-15,support_ticket
U00127,2024-12-31,feature_use
U00127,2024-12-14,login
U00127,2024-12-15,feature_use
U00127,2024-12-28,login
U00127,2024-12-26,login
U00127,2024-12-25,feature_use
U00127,2024-12-16,feature_use
U00127,2024-12-16,login
U00127,2024-12-19,support_ticket
U00127,2024-12-22,feature_use
U00127,2024-12-13,login
U00127,2024-12-16,support_ticket
U00127,2024-12-25,feature_use
U00127,2024-12-26,feature_use
U00127,2024-12-25,support_ticket
U00127,2024-12-15,login
U00127,2024-12-29,feature_use
U00127,2024-12-12,feature_use
U00127,2024-12-20,feature_use
U00127,2024-12-24,support_ticket
U00127,2024-12-15,feature_use
U00127,2024-12-22,support_ticket
U00127,2024-12-30,feature_use
U00127,2024-12-22,login
U00128,2024-10-23,support_ticket
U00128,2024-10-28,feature_use
U00128,2024-12-22,support_ticket
U00128,2024-09-06,support_ticket
U00128,2024-11-22,login
U00128,2024-12-04,login
U00128,2024-11-29,support_ticket
U00128,2024-09-02,login
U00128,2024-12-19,login
U00128,2024-10-08,feature_use
U00128,2024-09-21,support_ticket
U00128,2024-10-22,login
U00128,2024-09-29,feature_use
U00128,2024-12-21,feature_use
U00128,2024-11-25,login
U00128,2024-10-15,feature_use
U00128,2024-10-30,support_ticket
U00128,2024-11-08,feature_use
U00128,2024-09-14,login
U00128,2024-09-24,support_ticket
U00128,2024-09-14,feature_use
U00128,2024-12-08,feature_use
U00128,2024-09-26,feature_use
U00128,2024-10-13,login
U00128,2024-10-11,feature_use
U00128,2024-11-17,feature_use
U00128,2024-09-28,support_ticket
U00128,2024-12-04,feature_use
U00128,2024-09-15,feature_use
U00128,2024-10-29,login
U00128,2024-11-09,login
U00128,2024-12-31,feature_use
U00128,2024-09-19,support_ticket
U00128,2024-09-28,feature_use
U00128,2024-11-12,login
U00128,2024-11-16,feature_use
U00128,2024-09-08,feature_use
U00128,2024-12-11,feature_use
U00128,2024-10-31,login
U00128,2024-09-07,login
U00128,2024-12-21,login
U00128,2024-12-31,support_ticket
U00128,2024-10-25,feature_use
U00128,2024-10-03,support_ticket
U00128,2024-09-23,login
U00128,2024-09-19,login
U00128,2024-10-06,feature_use
U00128,2024-09-11,feature_use
U00129,2024-11-25,feature_use
U00129,2024-12-05,login
U00129,2024-12-23,feature_use
U00129,2024-10-22,login
U00129,2024-10-10,feature_use
U00129,2024-11-11,feature_use
U00129,2024-10-20,login
U00129,2024-11-12,feature_use
U00129,2024-11-29,feature_use
U00129,2024-12-06,support_ticket
U00129,2024-10-19,support_ticket
U00129,2024-11-23,feature_use
U00129,2024-12-26,support_ticket
U00129,2024-11-17,login
U00129,2024-12-09,support_ticket
U00129,2024-10-24,login
U00129,2024-12-30,support_ticket
U00129,2024-12-12,support_ticket
U00129,2024-10-17,feature_use
U00129,2024-12-23,support_ticket
U00129,2024-12-31,feature_use
U00129,2024-09-30,login
U00129,2024-11-26,login
U00129,2024-12-01,feature_use
U00129,2024-10-13,support_ticket
U00129,2024-11-20,feature_use
U00129,2024-12-04,support_ticket
U00129,2024-09-29,feature_use
U00129,2024-10-15,support_ticket
U00129,2024-11-25,support_ticket
U00129,2024-12-12,login
U00129,2024-10-03,login
U00129,2024-10-23,feature_use
U00129,2024-12-27,support_ticket
U00129,2024-10-20,support_ticket
U00129,2024-11-16,login
U00129,2024-11-12,login
U00129,2024-10-23,support_ticket
U00129,2024-12-11,login
U00129,2024-11-15,feature_use
U00129,2024-10-01,feature_use
U00129,2024-11-07,support_ticket
U00129,2024-10-14,support_ticket
U00129,2024-12-01,support_ticket
U00129,2024-11-26,feature_use
U00129,2024-11-20,feature_use
U00129,2024-11-13,support_ticket
U00129,2024-11-22,support_ticket
U00129,2024-11-10,login
U00129,2024-10-21,feature_use
U00130,2024-11-06,login
U00130,2024-11-29,support_ticket
U00130,2024-10-10,support_ticket
U00130,2024-11-14,feature_use
U00130,2024-10-26,support_ticket
U00130,2024-12-17,support_ticket
U00130,2024-11-14,support_ticket
U00130,2024-10-26,support_ticket
U00130,2024-12-08,login
U00130,2024-10-01,login
U00130,2024-10-01,support_ticket
U00130,2024-09-22,support_ticket
U00130,2024-11-11,login
U00130,2024-11-22,support_ticket
U00130,2024-12-25,support_ticket
U00130,2024-11-28,login
U00130,2024-12-10,feature_use
U00130,2024-11-23,support_ticket
U00130,2024-09-24,support_ticket
U00130,2024-10-27,feature_use
U00130,2024-10-17,login
U00130,2024-12-28,feature_use
U00130,2024-11-29,feature_use
U00130,2024-10-04,login
U00130,2024-11-19,login
U00130,2024-11-03,feature_use
U00130,2024-11-11,support_ticket
U00130,2024-12-19,support_ticket
U00130,2024-11-09,login
U00130,2024-11-06,login
U00130,2024-11-23,feature_use
U00130,2024-10-24,support_ticket
U00131,2023-05-06,feature_use
U00131,2024-05-15,login
U00131,2022-06-30,feature_use
U00131,2022-07-29,login
U00131,2022-07-22,login
U00131,2024-09-12,feature_use
U00131,2024-11-02,support_ticket
U00131,2024-10-12,support_ticket
U00131,2024-03-01,feature_use
U00131,2023-06-04,login
U00131,2024-02-01,feature_use
U00131,2023-02-28,support_ticket
U00131,2023-07-31,login
U00131,2024-03-18,support_ticket
U00131,2023-08-02,login
U00131,2024-09-23,support_ticket
U00131,2023-09-08,login
U00131,2024-04-07,feature_use
U00131,2024-07-10,login
U00131,2023-08-12,feature_use
U00131,2023-12-07,login
U00132,2024-06-05,login
U00132,2024-04-12,support_ticket
U00132,2024-04-08,support_ticket
U00132,2024-11-29,feature_use
U00132,2024-12-25,feature_use
U00132,2024-11-17,login
U00132,2024-07-22,login
U00132,2024-03-26,login
U00132,2024-02-21,feature_use
U00132,2024-02-13,support_ticket
U00132,2024-12-07,login
U00132,2024-02-22,support_ticket
U00132,2024-11-12,login
U00132,2024-11-26,feature_use
U00132,2024-02-20,support_ticket
U00132,2024-04-14,feature_use
U00132,2024-12-28,support_ticket
U00132,2024-08-09,login
U00132,2024-06-09,support_ticket
U00132,2024-05-31,feature_use
U00132,2024-05-17,support_ticket
U00132,2024-06-12,support_ticket
U00132,2024-08-19,feature_use
U00132,2024-03-05,feature_use
U00132,2024-03-21,login
U00132,2024-12-25,login
U00132,2024-12-30,support_ticket
U00132,2024-03-31,login
U00132,2024-09-30,support_ticket
U00132,2024-04-10,login
U00132,2024-04-20,feature_use
U00132,2024-06-21,login
U00133,2022-10-19,feature_use
U00133,2024-12-12,feature_use
U00133,2024-12-06,login
U00133,2023-09-05,login
U00133,2023-12-16,login
U00133,2023-09-28,login
U00133,2023-12-12,support_ticket
U00133,2022-10-18,login
U00133,2024-07-04,feature_use
U00133,2023-08-20,feature_use
U00134,2024-03-09,login
U00134,2023-06-06,feature_use
U00134,2022-12-14,login
U00134,2024-10-09,support_ticket
U00134,2024-09-10,support_ticket
U00134,2023-01-05,login
U00134,2023-11-20,feature_use
U00134,2024-04-12,support_ticket
U00134,2024-08-09,support_ticket
U00134,2022-12-09,login
U00134,2024-05-21,support_ticket
U00134,2023-08-21,login
U00134,2023-06-19,support_ticket
U00134,2023-01-03,support_ticket
U00134,2022-12-27,support_ticket
U00134,2024-05-11,login
U00134,2023-07-13,feature_use
U00134,2023-03-31,login
U00134,2023-01-03,feature_use
U00134,2023-04-24,login
U00134,2023-02-27,support_ticket
U00134,2024-11-11,login
U00134,2023-09-04,feature_use
U00134,2024-04-10,login
U00134,2023-03-08,feature_use
U00134,2024-11-28,support_ticket
U00134,2024-10-01,feature_use
U00134,2024-03-26,support_ticket
U00134,2024-04-24,feature_use
U00134,2024-05-11,feature_use
U00134,2023-06-19,feature_use
U00134,2023-05-30,login
U00134,2024-11-06,support_ticket
U00134,2023-09-17,feature_use
U00134,2023-03-19,support_ticket
U00134,2024-07-27,feature_use
U00134,2023-05-22,login
U00134,2024-12-12,feature_use
U00134,2024-02-20,feature_use
U00134,2024-02-10,support_ticket
U00134,2023-09-08,feature_use
U00134,2024-09-01,login
U00134,2024-08-16,feature_use
U00134,2024-02-16,login
U00134,2024-07-06,feature_use
U00135,2024-12-30,login
U00135,2024-11-14,login
U00135,2024-07-30,support_ticket
U00135,2024-09-24,support_ticket
U00135,2024-11-03,feature_use
U00135,2024-12-23,support_ticket
U00135,2024-12-04,feature_use
U00135,2024-10-31,login
U00135,2024-08-20,login
U00135,2024-10-12,feature_use
U00135,2024-09-07,feature_use
U00135,2024-09-22,login
U00135,2024-09-15,support_ticket
U00135,2024-10-25,feature_use
U00135,2024-08-28,feature_use
U00135,2024-08-22,login
U00135,2024-10-11,support_ticket
U00135,2024-07-24,support_ticket
U00135,2024-10-14,login
U00135,2024-11-18,support_ticket
U00135,2024-10-12,login
U00135,2024-12-12,login
U00135,2024-10-28,feature_use
U00135,2024-12-23,login
U00135,2024-12-03,login
U00135,2024-08-17,support_ticket
U00135,2024-10-01,support_ticket
U00135,2024-12-24,support_ticket
U00136,2024-07-17,support_ticket
U00136,2024-04-30,support_ticket
U00136,2024-10-19,feature_use
U00136,2024-03-08,feature_use
U00136,2024-01-07,login
U00136,2023-10-23,feature_use
U00136,2024-06-09,login
U00136,2024-02-15,feature_use
U00136,2023-11-28,login
U00137,2022-06-24,support_ticket
U00137,2023-05-09,support_ticket
U00137,2023-09-01,login
U00137,2024-10-01,login
U00137,2023-02-12,login
U00137,2024-09-30,login
U00137,2024-02-09,feature_use
U00137,2022-04-03,feature_use
U00137,2021-09-22,support_ticket
U00137,2024-06-23,login
U00137,2023-05-30,support_ticket
U00137,2021-08-11,login
U00137,2024-02-26,login
U00137,2023-11-06,support_ticket
U00137,2023-03-17,feature_use
U00137,2023-04-19,feature_use
U00137,2023-10-06,login
U00137,2024-08-21,feature_use
U00137,2024-04-15,support_ticket
U00137,2021-10-13,feature_use
U00137,2023-03-12,support_ticket
U00137,2024-01-25,feature_use
U00137,2022-03-14,feature_use
U00137,2024-12-25,login
U00137,2021-09-06,login
U00137,2021-10-14,login
U00137,2022-04-19,login
U00137,2023-05-01,support_ticket
U00137,2023-12-18,login
U00137,2022-06-22,login
U00137,2022-08-04,support_ticket
U00137,2023-08-03,support_ticket
U00137,2021-07-19,support_ticket
U00138,2022-09-14,login
U00138,2021-11-13,login
U00138,2022-12-15,login
U00138,2022-09-23,feature_use
U00138,2024-09-06,feature_use
U00138,2022-10-05,support_ticket
U00138,2022-03-15,login
U00138,2024-07-08,feature_use
U00139,2022-06-10,feature_use
U00139,2022-07-25,support_ticket
U00139,2024-01-19,support_ticket
U00139,2024-03-28,support_ticket
U00139,2022-06-02,support_ticket
U00139,2024-09-09,login
U00139,2024-12-21,feature_use
U00139,2024-06-24,feature_use
U00139,2023-07-16,support_ticket
U00139,2024-06-09,login
U00139,2022-04-01,feature_use
U00139,2023-05-24,support_ticket
U00140,2024-06-19,support_ticket
U00140,2024-02-27,support_ticket
U00140,2024-01-20,support_ticket
U00140,2023-09-11,login
U00140,2024-11-11,login
U00140,2024-01-27,login
U00140,2024-01-31,feature_use
U00140,2024-07-22,login
U00140,2024-11-04,login
U00140,2024-06-06,login
U00141,2024-11-16,support_ticket
U00141,2024-04-10,feature_use
U00141,2024-09-01,support_ticket
U00141,2023-10-30,support_ticket
U00141,2023-09-11,login
U00141,2024-01-05,feature_use
U00141,2024-06-23,feature_use
U00141,2024-11-01,login
U00141,2024-07-08,login
U00141,2023-08-04,feature_use
U00141,2024-08-01,login
U00141,2024-04-04,support_ticket
U00141,2023-09-07,login
U00141,2024-09-09,login
U00141,2023-09-15,login
U00141,2023-06-11,feature_use
U00141,2023-12-03,feature_use
U00141,2023-06-24,feature_use
U00141,2024-11-19,feature_use
U00141,2024-05-20,feature_use
U00141,2023-09-24,support_ticket
U00141,2023-08-20,feature_use
U00141,2024-08-09,login
U00141,2023-10-27,feature_use
U00141,2024-10-21,feature_use
U00141,2024-10-27,feature_use
U00141,2023-07-19,feature_use
U00141,2024-02-29,feature_use
U00141,2023-09-03,login
U00141,2024-06-20,support_ticket
U00141,2024-07-31,login
U00141,2024-03-22,login
U00141,2024-07-11,login
U00141,2024-03-03,support_ticket
U00141,2024-10-12,support_ticket
U00141,2024-08-11,login
U00141,2023-07-16,support_ticket
U00141,2024-02-04,login
U00141,2024-01-05,login
U00141,2023-07-19,login
U00141,2024-02-22,login
U00141,2023-08-01,support_ticket
U00142,2023-03-05,login
U00142,2023-11-24,feature_use
U00142,2023-10-31,login
U00142,2022-11-11,support_ticket
U00142,2023-02-18,feature_use
U00142,2022-10-13,login
U00142,2022-10-08,feature_use
U00142,2023-03-30,support_ticket
U00142,2024-12-21,feature_use
U00142,2021-08-24,login
U00142,2022-09-01,support_ticket
U00143,2024-07-05,support_ticket
U00143,2023-07-20,support_ticket
U00143,2023-03-05,login
U00143,2023-08-09,support_ticket
U00143,2022-03-24,login
U00143,2022-11-20,feature_use
U00143,2024-05-22,login
U00143,2021-11-28,support_ticket
U00143,2024-06-30,feature_use
U00143,2023-09-17,login
U00143,2022-10-31,feature_use
U00143,2022-04-08,login
U00143,2021-11-21,support_ticket
U00143,2023-10-24,feature_use
U00143,2021-11-04,feature_use
U00143,2023-03-23,feature_use
U00143,2022-06-14,login
U00143,2021-12-07,support_ticket
U00143,2023-06-20,login
U00143,2024-10-12,support_ticket
U00143,2022-10-10,login
U00143,2022-05-13,login
U00143,2023-07-18,support_ticket
U00143,2023-09-20,feature_use
U00143,2024-08-02,support_ticket
U00143,2023-10-21,support_ticket
U00143,2023-04-13,support_ticket
U00143,2024-07-25,feature_use
U00143,2023-11-18,feature_use
U00143,2021-11-29,feature_use
U00143,2023-07-11,support_ticket
U00143,2023-09-16,support_ticket
U00143,2024-07-20,login
U00143,2023-05-08,support_ticket
U00143,2024-09-30,support_ticket
U00143,2021-12-14,login
U00143,2024-02-20,login
U00143,2022-08-19,feature_use
U00143,2024-08-17,login
U00143,2023-03-17,support_ticket
U00143,2024-04-02,feature_use
U00143,2022-12-29,support_ticket
U00143,2022-05-03,login
U00143,2023-12-15,support_ticket
U00143,2022-06-11,feature_use
U00143,2024-11-21,feature_use
U00143,2024-10-16,login
U00143,2023-04-29,support_ticket
U00143,2023-10-17,feature_use
U00144,2024-09-21,feature_use
U00144,2023-11-05,feature_use
U00144,2023-08-10,login
U00144,2024-09-11,support_ticket
U00144,2024-01-13,support_ticket
U00144,2023-06-01,feature_use
U00144,2024-05-06,support_ticket
U00144,2024-01-17,feature_use
U00144,2023-05-19,login
U00144,2024-06-20,support_ticket
U00144,2023-06-26,feature_use
U00144,2024-12-24,login
U00144,2024-07-15,feature_use
U00144,2024-10-26,support_ticket
U00144,2024-12-07,login
U00144,2023-12-03,feature_use
U00144,2023-11-18,login
U00144,2023-11-24,login
U00144,2024-05-05,login
U00144,2023-09-06,feature_use
U00144,2024-09-25,login
U00144,2023-03-22,feature_use
U00144,2023-12-06,login
U00144,2024-04-11,feature_use
U00144,2024-12-03,login
U00144,2023-03-19,feature_use
U00144,2023-06-17,feature_use
U00144,2023-11-13,support_ticket
U00144,2024-12-08,support_ticket
U00144,2023-07-04,login
U00145,2023-05-08,login
U00145,2022-12-07,feature_use
U00145,2022-04-14,feature_use
U00145,2023-01-22,login
U00145,2024-06-26,feature_use
U00145,2023-03-24,support_ticket
U00145,2023-12-31,feature_use
U00145,2024-01-26,login
U00145,2023-04-19,feature_use
U00145,2023-07-29,login
U00145,2024-12-28,feature_use
U00145,2023-08-22,support_ticket
U00145,2022-08-12,support_ticket
U00145,2022-12-13,feature_use
U00145,2022-08-04,feature_use
U00145,2024-12-09,login
U00145,2023-07-09,feature_use
U00145,2022-04-24,feature_use
U00145,2024-06-01,support_ticket
U00145,2022-11-10,feature_use
U00145,2024-04-12,login
U00145,2022-08-10,support_ticket
U00145,2024-04-23,support_ticket
U00145,2023-08-03,support_ticket
U00145,2023-11-02,feature_use
U00145,2023-10-26,feature_use
U00145,2024-06-12,feature_use
U00145,2024-02-18,feature_use
U00145,2021-12-26,support_ticket
U00145,2021-12-24,feature_use
U00145,2022-04-30,login
U00145,2023-07-12,login
U00145,2024-09-13,feature_use
U00145,2022-07-18,support_ticket
U00145,2024-11-16,support_ticket
U00145,2023-06-23,login
U00145,2024-01-13,login
U00145,2024-02-03,support_ticket
U00145,2021-11-12,feature_use
U00145,2024-09-25,feature_use
U00145,2022-02-19,login
U00145,2022-02-20,feature_use
U00145,2022-06-07,feature_use
U00145,2022-05-18,feature_use
U00145,2024-07-13,support_ticket
U00145,2023-09-09,login
U00145,2022-07-06,support_ticket
U00145,2024-09-11,support_ticket
U00145,2022-02-16,support_ticket
U00145,2022-12-24,support_ticket
U00146,2024-05-21,support_ticket
U00146,2024-01-05,login
U00146,2022-06-27,support_ticket
U00146,2024-10-27,login
U00146,2022-12-03,support_ticket
U00146,2022-12-23,support_ticket
U00146,2021-04-09,feature_use
U00146,2024-09-24,support_ticket
U00146,2022-05-12,login
U00146,2021-08-11,login
U00146,2022-02-03,support_ticket
U00146,2021-11-29,support_ticket
U00146,2021-10-11,login
U00146,2022-05-19,login
U00147,2021-05-12,support_ticket
U00147,2023-09-17,feature_use
U00147,2021-07-14,login
U00147,2022-11-27,feature_use
U00147,2023-12-08,login
U00147,2022-07-17,support_ticket
U00147,2022-09-07,support_ticket
U00147,2023-09-08,support_ticket
U00147,2024-09-06,login
U00147,2023-08-25,login
U00147,2024-10-15,login
U00147,2022-04-05,login
U00147,2024-11-28,login
U00147,2022-03-07,support_ticket
U00147,2024-04-15,login
U00147,2023-11-23,feature_use
U00147,2022-11-06,feature_use
U00147,2024-12-19,login
U00147,2024-07-10,feature_use
U00147,2023-04-14,support_ticket
U00147,2022-10-07,feature_use
U00147,2023-05-22,support_ticket
U00147,2021-10-28,feature_use
U00147,2023-07-24,feature_use
U00147,2022-01-20,login
U00147,2022-10-24,feature_use
U00147,2021-11-24,support_ticket
U00147,2023-05-29,login
U00147,2024-06-23,feature_use
U00147,2021-05-31,support_ticket
U00147,2024-11-14,support_ticket
U00147,2024-09-12,feature_use
U00147,2021-06-18,feature_use
U00147,2022-01-02,feature_use
U00147,2023-10-17,feature_use
U00148,2024-11-17,feature_use
U00148,2024-12-31,support_ticket
U00148,2024-11-23,feature_use
U00148,2024-12-16,support_ticket
U00148,2024-11-05,login
U00149,2022-06-05,feature_use
U00149,2024-09-25,feature_use
U00149,2024-02-26,support_ticket
U00149,2022-05-12,feature_use
U00149,2023-04-11,feature_use
U00149,2021-12-16,support_ticket
U00149,2024-04-15,feature_use
U00149,2024-03-22,support_ticket
U00149,2022-08-03,support_ticket
U00149,2024-06-02,support_ticket
U00149,2024-07-10,feature_use
U00149,2022-04-21,support_ticket
U00149,2023-05-24,support_ticket
U00149,2024-10-31,feature_use
U00149,2024-11-08,support_ticket
U00149,2023-11-03,login
U00149,2021-10-30,login
U00149,2022-06-20,login
U00149,2022-02-12,support_ticket
U00149,2022-03-04,feature_use
U00149,2024-03-31,feature_use
U00149,2022-11-16,support_ticket
U00149,2022-11-26,login
U00149,2022-07-21,support_ticket
U00149,2023-09-24,feature_use
U00149,2021-12-08,login
U00149,2022-12-24,login
U00149,2021-10-14,support_ticket
U00149,2021-12-26,feature_use
U00149,2023-09-04,support_ticket
U00149,2021-09-28,login
U00149,2023-05-18,login
U00149,2024-02-05,feature_use
U00149,2022-04-28,support_ticket
U00149,2024-10-17,support_ticket
U00149,2022-09-12,login
U00149,2022-12-29,feature_use
U00149,2024-01-12,support_ticket
U00149,2023-03-07,login
U00149,2022-09-15,support_ticket
U00149,2022-06-26,feature_use
U00149,2024-07-16,login
U00149,2022-01-22,support_ticket
U00149,2021-09-17,support_ticket
U00149,2022-02-12,login
U00149,2021-10-06,login
U00150,2024-04-15,feature_use
U00150,2024-11-14,support_ticket
U00150,2023-06-25,feature_use
U00150,2023-10-19,support_ticket
U00150,2024-10-04,feature_use
U00151,2023-01-11,support_ticket
U00151,2024-07-10,support_ticket
U00151,2023-11-04,feature_use
U00151,2024-12-31,login
U00151,2022-03-30,feature_use
U00151,2024-04-06,support_ticket
U00151,2023-12-23,login
U00151,2022-04-22,login
U00151,2024-10-07,feature_use
U00151,2022-06-07,login
U00151,2024-08-30,login
U00151,2022-02-26,support_ticket
U00151,2024-11-24,feature_use
U00151,2021-12-29,login
U00151,2023-06-29,feature_use
U00151,2024-01-21,support_ticket
U00151,2023-11-15,login
U00152,2023-08-10,login
U00152,2024-12-27,support_ticket
U00152,2023-05-07,support_ticket
U00152,2024-10-18,feature_use
U00152,2024-03-25,support_ticket
U00152,2022-04-24,support_ticket
U00152,2022-08-13,support_ticket
U00152,2024-08-19,feature_use
U00152,2022-02-28,login
U00152,2023-11-21,feature_use
U00152,2023-06-16,login
U00152,2023-11-14,login
U00152,2022-10-10,login
U00152,2023-11-04,support_ticket
U00152,2022-05-05,login
U00153,2022-06-01,support_ticket
U00153,2022-03-16,feature_use
U00153,2022-05-27,feature_use
U00153,2022-06-17,support_ticket
U00153,2024-09-09,login
U00153,2023-07-11,support_ticket
U00153,2022-03-29,login
U00153,2022-03-16,feature_use
U00153,2024-11-07,login
U00153,2023-12-21,feature_use
U00153,2024-09-07,feature_use
U00153,2023-04-14,login
U00153,2022-04-26,login
U00153,2023-02-08,support_ticket
U00153,2024-02-18,support_ticket
U00153,2022-02-09,support_ticket
U00153,2024-09-16,login
U00153,2024-03-05,feature_use
U00153,2022-09-16,feature_use
U00153,2024-05-26,support_ticket
U00153,2022-10-12,login
U00153,2024-06-17,login
U00153,2024-01-26,feature_use
U00153,2023-02-03,feature_use
U00153,2024-06-15,login
U00153,2023-05-05,login
U00153,2022-07-10,support_ticket
U00153,2022-01-23,login
U00153,2024-04-27,support_ticket
U00153,2022-04-06,login
U00153,2023-05-29,login
U00153,2022-06-08,login
U00153,2022-09-19,feature_use
U00153,2023-01-07,feature_use
U00153,2022-04-02,feature_use
U00153,2023-12-20,support_ticket
U00154,2024-11-03,feature_use
U00154,2024-10-19,support_ticket
U00154,2024-11-22,feature_use
U00154,2024-12-26,login
U00154,2024-12-26,login
U00154,2024-10-12,feature_use
U00154,2024-12-11,login
U00154,2024-12-05,support_ticket
U00154,2024-11-17,login
U00154,2024-11-28,support_ticket
U00154,2024-11-10,feature_use
U00154,2024-12-12,feature_use
U00154,2024-12-25,login
U00154,2024-12-09,feature_use
U00154,2024-11-12,support_ticket
U00154,2024-12-11,support_ticket
U00154,2024-10-16,login
U00154,2024-11-16,feature_use
U00154,2024-12-21,feature_use
U00154,2024-11-07,login
U00154,2024-10-29,login
U00154,2024-12-08,login
U00154,2024-11-11,support_ticket
U00154,2024-12-12,login
U00154,2024-10-18,feature_use
U00154,2024-10-21,login
U00154,2024-11-02,support_ticket
U00154,2024-11-28,support_ticket
U00154,2024-11-30,login
U00154,2024-10-05,feature_use
U00154,2024-10-07,feature_use
U00154,2024-11-07,support_ticket
U00154,2024-11-21,feature_use
U00154,2024-10-13,login
U00154,2024-11-07,support_ticket
U00154,2024-11-21,feature_use
U00154,2024-10-05,feature_use
U00154,2024-11-21,feature_use
U00154,2024-10-08,login
U00154,2024-10-29,feature_use
U00154,2024-10-26,support_ticket
U00154,2024-11-27,support_ticket
U00154,2024-10-09,support_ticket
U00154,2024-11-11,login
U00154,2024-12-11,feature_use
U00154,2024-10-06,support_ticket
U00155,2023-05-14,support_ticket
U00155,2023-02-09,login
U00155,2023-10-22,support_ticket
U00155,2024-04-29,feature_use
U00155,2022-03-19,login
U00155,2024-12-30,feature_use
U00155,2023-07-04,support_ticket
U00155,2024-06-29,feature_use
U00155,2024-10-20,feature_use
U00155,2022-10-21,feature_use
U00155,2024-07-07,support_ticket
U00155,2023-03-25,login
U00155,2021-12-24,feature_use
U00155,2023-06-07,login
U00155,2023-04-18,support_ticket
U00155,2023-07-21,feature_use
U00155,2024-02-09,login
U00155,2023-06-07,feature_use
U00155,2023-05-27,support_ticket
U00155,2023-04-20,support_ticket
U00155,2021-12-18,login
U00155,2023-08-13,support_ticket
U00155,2023-09-11,feature_use
U00155,2022-11-24,feature_use
U00155,2024-06-27,login
U00155,2024-05-11,login
U00156,2021-06-04,feature_use
U00156,2023-11-29,support_ticket
U00156,2024-05-03,login
U00156,2023-07-05,login
U00156,2024-06-19,login
U00156,2022-10-08,support_ticket
U00156,2024-04-23,feature_use
U00156,2021-07-30,feature_use
U00156,2022-03-24,feature_use
U00156,2022-10-07,feature_use
U00156,2023-12-29,login
U00156,2022-06-29,support_ticket
U00156,2022-03-13,login
U00156,2024-09-06,support_ticket
U00156,2021-06-30,login
U00156,2021-11-10,support_ticket
U00156,2021-06-07,login
U00156,2024-01-22,feature_use
U00156,2024-06-20,feature_use
U00156,2021-06-14,support_ticket
U00156,2022-06-30,login
U00156,2022-09-02,feature_use
U00156,2021-04-23,support_ticket
U00156,2023-03-14,support_ticket
U00156,2021-06-20,support_ticket
U00156,2022-07-14,feature_use
U00156,2021-10-30,login
U00156,2024-01-23,feature_use
U00156,2021-11-07,support_ticket
U00156,2021-08-26,login
U00156,2022-05-12,feature_use
U00156,2024-06-01,feature_use
U00156,2023-07-20,login
U00156,2024-10-25,feature_use
U00157,2022-12-03,login
U00157,2023-12-13,support_ticket
U00157,2024-02-20,feature_use
U00157,2024-05-28,support_ticket
U00157,2024-03-21,feature_use
U00157,2023-10-08,support_ticket
U00157,2022-04-17,login
U00157,2024-03-08,login
U00157,2023-10-01,login
U00157,2022-04-06,login
U00157,2023-04-22,feature_use
U00157,2024-12-25,support_ticket
U00157,2024-12-19,support_ticket
U00157,2024-01-18,login
U00157,2024-03-29,support_ticket
U00157,2022-04-20,support_ticket
U00157,2022-12-17,feature_use
U00157,2022-07-23,login
U00157,2023-05-18,support_ticket
U00157,2024-12-10,support_ticket
U00157,2024-06-18,support_ticket
U00157,2022-10-19,support_ticket
U00157,2022-05-29,support_ticket
U00158,2024-07-24,support_ticket
U00158,2024-03-03,feature_use
U00158,2023-08-08,feature_use
U00158,2023-04-05,support_ticket
U00158,2023-07-15,login
U00158,2023-08-20,login
U00158,2024-12-14,feature_use
U00158,2023-05-12,feature_use
U00158,2023-08-06,support_ticket
U00158,2023-01-14,support_ticket
U00158,2023-05-22,feature_use
U00158,2024-10-07,feature_use
U00158,2023-09-23,login
U00158,2023-09-13,support_ticket
U00158,2024-02-17,login
U00158,2023-09-23,support_ticket
U00158,2024-01-26,support_ticket
U00158,2023-05-11,feature_use
U00158,2024-12-01,feature_use
U00158,2023-05-11,support_ticket
U00158,2023-01-24,support_ticket
U00158,2023-05-26,feature_use
U00158,2024-08-08,support_ticket
U00158,2024-07-30,login
U00158,2024-05-30,feature_use
U00158,2024-12-10,feature_use
U00158,2023-09-02,feature_use
U00158,2023-01-16,login
U00158,2023-11-10,feature_use
U00158,2024-02-17,login
U00158,2024-04-29,feature_use
U00158,2024-06-26,login
U00158,2023-03-21,feature_use
U00158,2022-10-03,login
U00158,2023-01-19,feature_use
U00159,2024-03-29,support_ticket
U00159,2023-10-08,support_ticket
U00159,2021-09-12,login
U00159,2021-04-28,feature_use
U00159,2021-04-08,support_ticket
U00159,2022-01-25,login
U00159,2021-11-16,support_ticket
U00159,2024-02-07,feature_use
U00159,2023-07-02,feature_use
U00159,2021-11-06,feature_use
U00159,2024-04-03,login
U00159,2022-10-11,login
U00159,2023-01-08,feature_use
U00159,2024-06-13,support_ticket
U00159,2024-08-03,login
U00159,2021-05-21,login
U00159,2023-02-14,feature_use
U00159,2023-06-05,support_ticket
U00159,2023-08-28,support_ticket
U00159,2023-07-30,feature_use
U00159,2023-10-23,support_ticket
U00160,2024-11-24,login
U00160,2024-11-14,support_ticket
U00160,2024-04-08,login
U00160,2023-04-08,login
U00160,2024-07-03,support_ticket
U00160,2023-11-17,support_ticket
U00160,2024-08-29,feature_use
U00160,2023-11-27,feature_use
U00160,2024-01-27,login
U00160,2024-04-07,support_ticket
U00160,2024-06-28,feature_use
U00160,2023-02-11,login
U00160,2023-09-04,feature_use
U00161,2022-09-13,support_ticket
U00161,2024-01-07,support_ticket
U00161,2024-03-10,support_ticket
U00161,2024-12-06,feature_use
U00161,2023-05-14,feature_use
U00161,2023-08-23,feature_use
U00161,2024-09-08,login
U00161,2022-12-19,login
U00161,2024-11-05,support_ticket
U00161,2024-08-12,login
U00161,2023-10-09,support_ticket
U00161,2023-05-06,support_ticket
U00161,2024-04-16,feature_use
U00161,2022-11-04,feature_use
U00161,2023-05-13,login
U00161,2022-11-24,feature_use
U00161,2023-05-02,feature_use
U00161,2023-10-18,login
U00161,2023-01-15,feature_use
U00161,2023-04-17,support_ticket
U00161,2024-09-04,login
U00161,2023-03-20,support_ticket
U00161,2023-05-07,login
U00161,2022-11-01,login
U00161,2024-02-11,support_ticket
U00161,2024-09-05,login
U00162,2024-09-11,login
U00162,2024-08-12,support_ticket
U00162,2024-12-23,login
U00162,2023-11-13,feature_use
U00162,2023-11-23,feature_use
U00162,2024-02-22,feature_use
U00163,2024-08-09,support_ticket
U00163,2024-08-18,support_ticket
U00163,2024-03-08,feature_use
U00163,2024-06-03,login
U00163,2024-12-30,login
U00163,2024-08-18,feature_use
U00163,2024-09-12,feature_use
U00163,2024-02-17,login
U00163,2024-05-25,support_ticket
U00163,2024-12-11,login
U00163,2024-07-03,login
U00163,2024-04-26,support_ticket
U00163,2024-02-11,feature_use
U00163,2024-03-24,support_ticket
U00163,2024-06-23,feature_use
U00163,2024-08-23,support_ticket
U00163,2024-09-22,support_ticket
U00163,2024-02-10,support_ticket
U00163,2024-12-21,feature_use
U00163,2024-01-23,feature_use
U00163,2024-02-24,support_ticket
U00163,2024-09-26,feature_use
U00163,2024-04-10,support_ticket
U00163,2024-12-07,support_ticket
U00163,2024-01-22,support_ticket
U00163,2024-11-20,login
U00163,2024-05-08,login
U00163,2024-10-30,feature_use
U00163,2024-04-25,support_ticket
U00163,2024-04-13,feature_use
U00163,2024-08-31,login
U00163,2024-09-08,login
U00163,2024-09-14,feature_use
U00163,2024-03-11,login
U00163,2024-11-24,login
U00163,2024-09-24,support_ticket
U00163,2024-04-22,login
U00163,2024-08-13,login
U00163,2024-09-11,support_ticket
U00163,2024-11-11,login
U00163,2024-04-04,login
U00164,2023-02-14,support_ticket
U00164,2023-10-12,support_ticket
U00164,2024-12-02,login
U00164,2023-08-09,feature_use
U00164,2024-08-15,support_ticket
U00164,2022-08-28,feature_use
U00164,2022-12-12,feature_use
U00164,2024-05-14,feature_use
U00164,2023-11-06,support_ticket
U00164,2023-08-26,support_ticket
U00164,2024-05-06,feature_use
U00164,2022-03-10,login
U00164,2022-04-12,feature_use
U00164,2024-01-01,feature_use
U00164,2023-06-22,login
U00164,2024-01-12,login
U00164,2022-08-20,feature_use
U00164,2023-06-09,support_ticket
U00164,2022-04-14,feature_use
U00164,2023-11-18,support_ticket
U00164,2022-05-14,feature_use
U00164,2024-05-22,support_ticket
U00164,2023-12-16,support_ticket
U00164,2022-12-18,login
U00164,2023-04-12,feature_use
U00164,2024-06-29,login
U00164,2023-12-10,login
U00164,2024-10-19,feature_use
U00164,2023-02-11,support_ticket
U00164,2023-06-06,feature_use
U00164,2023-11-04,feature_use
U00165,2024-10-25,feature_use
U00165,2024-05-01,feature_use
U00165,2024-12-08,support_ticket
U00165,2024-07-25,feature_use
U00165,2024-04-27,feature_use
U00165,2024-11-19,feature_use
U00165,2024-07-26,support_ticket
U00165,2024-06-28,support_ticket
U00165,2024-07-18,support_ticket
U00165,2024-05-30,support_ticket
U00165,2024-09-19,login
U00165,2024-04-14,support_ticket
U00165,2024-04-14,feature_use
U00165,2024-05-20,support_ticket
U00165,2024-09-21,feature_use
U00165,2024-05-06,support_ticket
U00165,2024-04-29,support_ticket
U00165,2024-07-20,feature_use
U00165,2024-07-14,login
U00165,2024-10-23,support_ticket
U00165,2024-07-30,feature_use
U00165,2024-06-25,feature_use
U00165,2024-09-20,feature_use
U00165,2024-07-23,support_ticket
U00165,2024-08-09,login
U00165,2024-04-22,login
U00165,2024-12-29,login
U00165,2024-12-16,feature_use
U00165,2024-12-08,login
U00165,2024-06-23,feature_use
U00165,2024-09-05,login
U00165,2024-07-30,support_ticket
U00166,2022-12-30,login
U00166,2023-02-19,support_ticket
U00166,2022-04-21,feature_use
U00166,2023-11-09,login
U00166,2023-02-14,login
U00166,2022-01-14,login
U00166,2024-06-09,support_ticket
U00166,2023-12-09,login
U00166,2021-09-10,support_ticket
U00166,2024-08-24,support_ticket
U00166,2022-06-17,login
U00166,2024-11-27,feature_use
U00166,2022-09-12,support_ticket
U00166,2023-05-12,feature_use
U00166,2023-12-29,support_ticket
U00166,2021-09-27,feature_use
U00166,2023-02-23,feature_use
U00166,2022-09-30,login
U00166,2023-02-03,support_ticket
U00166,2024-11-03,feature_use
U00166,2023-09-21,feature_use
U00166,2024-01-07,login
U00166,2022-11-09,feature_use
U00166,2024-10-02,feature_use
U00166,2024-04-26,feature_use
U00166,2024-08-07,support_ticket
U00166,2022-12-24,feature_use
U00166,2021-09-15,feature_use
U00166,2023-10-26,feature_use
U00166,2024-09-03,support_ticket
U00166,2022-03-20,feature_use
U00166,2022-11-12,support_ticket
U00166,2021-09-30,feature_use
U00166,2022-11-29,feature_use
U00166,2023-09-07,feature_use
U00166,2024-10-07,login
U00166,2023-05-09,feature_use
U00166,2022-06-01,support_ticket
U00166,2022-01-29,login
U00166,2024-10-02,login
U00166,2022-10-10,feature_use
U00166,2024-12-08,login
U00166,2022-01-29,login
U00166,2023-11-14,support_ticket
U00166,2024-04-06,support_ticket
U00166,2024-10-14,login
U00166,2021-12-09,feature_use
U00166,2023-01-09,feature_use
U00166,2023-05-10,support_ticket
U00167,2023-05-12,login
U00167,2023-11-03,support_ticket
U00167,2024-07-09,support_ticket
U00167,2024-01-29,login
U00167,2023-09-09,support_ticket
U00167,2023-07-11,support_ticket
U00167,2024-04-22,support_ticket
U00167,2024-05-03,feature_use
U00167,2024-10-06,login
U00167,2023-11-03,feature_use
U00167,2024-12-03,feature_use
U00167,2024-05-18,support_ticket
U00167,2024-12-28,login
U00167,2023-03-26,feature_use
U00167,2024-11-24,login
U00167,2023-12-28,login
U00167,2022-12-22,login
U00167,2024-05-24,support_ticket
U00167,2023-04-12,login
U00167,2023-06-29,feature_use
U00167,2023-04-04,login
U00167,2024-02-16,feature_use
U00167,2023-06-01,support_ticket
U00167,2024-05-29,feature_use
U00167,2023-05-01,support_ticket
U00167,2024-06-21,feature_use
U00168,2024-05-28,feature_use
U00168,2024-06-25,feature_use
U00168,2024-08-09,support_ticket
U00168,2024-11-15,feature_use
U00168,2024-10-06,feature_use
U00168,2024-10-30,feature_use
U00168,2024-10-17,support_ticket
U00168,2024-07-07,login
U00168,2024-08-08,support_ticket
U00168,2024-11-17,login
U00168,2024-12-17,support_ticket
U00168,2024-11-24,feature_use
U00168,2024-10-05,support_ticket
U00168,2024-07-29,feature_use
U00168,2024-09-21,login
U00168,2024-08-18,support_ticket
U00168,2024-11-26,login
U00168,2024-07-07,support_ticket
U00168,2024-11-25,feature_use
U00168,2024-05-28,feature_use
U00168,2024-09-09,login
U00168,2024-07-03,feature_use
U00168,2024-06-12,login
U00168,2024-08-13,support_ticket
U00168,2024-07-13,login
U00168,2024-11-19,login
U00168,2024-10-10,feature_use
U00168,2024-08-18,login
U00168,2024-06-10,support_ticket
U00168,2024-09-22,support_ticket
U00169,2023-05-07,feature_use
U00169,2024-12-10,support_ticket
U00169,2023-10-17,feature_use
U00169,2024-12-02,login
U00169,2023-09-13,feature_use
U00169,2023-12-16,feature_use
U00169,2024-10-18,support_ticket
U00169,2024-01-07,feature_use
U00169,2024-11-28,feature_use
U00169,2023-11-15,support_ticket
U00169,2024-09-04,support_ticket
U00169,2023-09-23,login
U00169,2024-10-26,login
U00169,2023-06-13,support_ticket
U00169,2023-10-07,feature_use
U00170,2023-03-02,support_ticket
U00170,2022-09-18,login
U00170,2024-08-30,support_ticket
U00170,2024-01-28,support_ticket
U00170,2024-07-29,feature_use
U00170,2023-05-10,support_ticket
U00170,2024-08-04,support_ticket
U00170,2024-02-15,feature_use
U00170,2024-09-09,support_ticket
U00170,2024-11-14,support_ticket
U00170,2024-04-20,feature_use
U00170,2023-01-06,login
U00170,2022-06-08,login
U00170,2023-01-13,login
U00170,2024-09-05,support_ticket
U00170,2022-11-03,login
U00171,2024-10-11,login
U00171,2024-05-09,login
U00171,2023-08-05,login
U00171,2024-11-17,feature_use
U00171,2024-08-21,support_ticket
U00171,2024-10-08,feature_use
U00171,2024-04-17,support_ticket
U00171,2023-10-11,login
U00171,2024-07-19,feature_use
U00171,2024-07-11,support_ticket
U00171,2024-10-10,feature_use
U00171,2024-04-27,support_ticket
U00171,2024-05-02,support_ticket
U00171,2023-09-01,support_ticket
U00171,2024-01-18,login
U00172,2024-05-29,support_ticket
U00172,2024-03-21,feature_use
U00172,2024-10-20,feature_use
U00172,2024-09-14,support_ticket
U00172,2024-05-15,support_ticket
U00172,2024-03-09,support_ticket
U00172,2024-08-17,support_ticket
U00172,2024-07-04,login
U00172,2024-01-20,feature_use
U00172,2024-09-02,support_ticket
U00172,2024-07-03,support_ticket
U00172,2024-08-12,login
U00172,2024-11-18,support_ticket
U00172,2024-04-14,feature_use
U00172,2024-07-17,login
U00172,2024-01-13,login
U00172,2024-08-21,feature_use
U00172,2024-10-03,login
U00172,2024-01-10,support_ticket
U00172,2024-06-14,feature_use
U00172,2024-02-25,feature_use
U00172,2024-05-16,support_ticket
U00172,2024-01-14,support_ticket
U00172,2024-05-26,login
U00172,2024-12-04,feature_use
U00172,2024-12-01,feature_use
U00172,2024-07-29,login
U00172,2024-12-29,support_ticket
U00172,2024-05-16,feature_use
U00172,2024-11-23,login
U00172,2024-10-26,login
U00172,2024-09-05,support_ticket
U00172,2024-11-26,feature_use
U00172,2024-09-15,login
U00172,2024-09-06,support_ticket
U00172,2024-12-04,support_ticket
U00172,2024-03-01,login
U00172,2024-07-15,login
U00172,2024-11-16,support_ticket
U00172,2024-03-26,support_ticket
U00172,2024-04-07,login
U00172,2024-02-19,feature_use
U00172,2024-03-09,login
U00172,2024-08-22,support_ticket
U00172,2024-02-08,feature_use
U00173,2024-12-11,feature_use
U00173,2023-12-18,support_ticket
U00173,2023-06-20,feature_use
U00173,2024-04-22,support_ticket
U00173,2023-11-23,support_ticket
U00173,2024-06-12,support_ticket
U00173,2023-06-17,support_ticket
U00173,2024-07-19,feature_use
U00173,2023-08-04,login
U00173,2023-12-17,support_ticket
U00173,2023-11-01,support_ticket
U00174,2023-02-01,login
U00174,2024-02-05,login
U00174,2023-08-17,support_ticket
U00174,2023-05-30,support_ticket
U00174,2024-04-08,feature_use
U00174,2023-05-04,support_ticket
U00174,2024-12-11,login
U00174,2023-09-22,feature_use
U00174,2024-06-04,feature_use
U00174,2023-03-08,feature_use
U00174,2024-02-28,support_ticket
U00174,2024-10-21,login
U00174,2024-06-09,feature_use
U00174,2023-02-06,login
U00174,2023-02-08,login
U00174,2024-11-24,login
U00174,2023-05-17,feature_use
U00174,2024-07-05,support_ticket
U00174,2022-11-28,login
U00174,2022-11-18,login
U00174,2024-08-22,feature_use
U00174,2024-02-22,login
U00175,2024-10-29,support_ticket
U00175,2024-12-11,login
U00175,2024-12-24,support_ticket
U00175,2024-10-06,feature_use
U00175,2024-09-26,feature_use
U00175,2024-12-19,feature_use
U00175,2024-10-12,feature_use
U00175,2024-10-07,support_ticket
U00175,2024-10-30,feature_use
U00175,2024-10-18,login
U00175,2024-10-24,login
U00175,2024-10-12,feature_use
U00175,2024-10-23,support_ticket
U00175,2024-11-15,feature_use
U00175,2024-10-01,feature_use
U00175,2024-11-04,support_ticket
U00175,2024-11-05,feature_use
U00175,2024-12-27,support_ticket
U00175,2024-11-25,feature_use
U00175,2024-12-09,support_ticket
U00176,2022-10-15,support_ticket
U00176,2023-10-07,login
U00176,2024-03-11,support_ticket
U00176,2023-04-11,support_ticket
U00176,2023-11-26,feature_use
U00176,2024-06-30,support_ticket
U00176,2024-12-01,feature_use
U00176,2023-04-08,feature_use
U00176,2024-08-24,support_ticket
U00176,2024-03-25,support_ticket
U00176,2024-11-29,feature_use
U00176,2022-12-09,support_ticket
U00176,2024-11-07,login
U00176,2023-05-30,login
U00176,2023-12-30,feature_use
U00177,2024-10-11,support_ticket
U00177,2024-12-20,support_ticket
U00177,2024-10-20,feature_use
U00177,2024-10-14,feature_use
U00177,2024-12-11,feature_use
U00177,2024-11-13,support_ticket
U00177,2024-11-14,support_ticket
U00178,2023-05-09,feature_use
U00178,2023-07-21,support_ticket
U00178,2024-04-06,login
U00178,2023-09-14,feature_use
U00178,2024-08-03,feature_use
U00178,2024-03-14,support_ticket
U00178,2023-07-16,login
U00178,2024-04-05,feature_use
U00178,2023-09-18,feature_use
U00178,2024-10-15,login
U00178,2023-04-27,feature_use
U00178,2024-12-26,feature_use
U00178,2024-12-02,support_ticket
U00178,2024-06-23,support_ticket
U00178,2024-05-17,feature_use
U00178,2023-12-10,feature_use
U00178,2024-04-21,support_ticket
U00178,2024-03-15,feature_use
U00178,2024-05-19,feature_use
U00178,2023-05-16,login
U00178,2024-09-05,login
U00178,2024-06-09,feature_use
U00178,2024-01-05,support_ticket
U00178,2024-05-19,support_ticket
U00178,2023-05-04,login
U00178,2024-09-10,login
U00178,2024-02-06,support_ticket
U00178,2024-09-22,login
U00178,2024-11-06,login
U00178,2023-08-16,support_ticket
U00178,2024-03-11,login
U00178,2023-07-06,feature_use
U00178,2023-08-27,feature_use
U00178,2024-07-17,feature_use
U00178,2023-09-21,feature_use
U00178,2023-04-05,support_ticket
U00178,2023-09-03,login
U00178,2023-09-28,feature_use
U00178,2024-02-13,login
U00178,2023-10-11,login
U00178,2023-10-30,feature_use
U00178,2023-07-06,support_ticket
U00179,2022-07-30,support_ticket
U00179,2024-10-29,feature_use
U00179,2021-09-28,feature_use
U00179,2022-08-10,feature_use
U00179,2022-04-10,feature_use
U00179,2024-10-18,support_ticket
U00179,2023-12-04,support_ticket
U00179,2022-11-27,feature_use
U00179,2023-10-28,feature_use
U00179,2023-01-28,login
U00179,2023-11-20,login
U00179,2023-07-01,login
U00179,2023-12-15,feature_use
U00179,2023-04-20,support_ticket
U00179,2024-02-04,support_ticket
U00179,2023-12-03,support_ticket
U00179,2022-02-11,feature_use
U00179,2024-06-14,support_ticket
U00179,2021-11-12,login
U00179,2022-09-17,login
U00180,2024-11-08,feature_use
U00180,2024-11-26,login
U00180,2024-12-10,support_ticket
U00180,2024-12-28,feature_use
U00180,2024-10-02,support_ticket
U00180,2024-10-22,login
U00180,2024-11-25,login
U00180,2024-09-28,login
U00180,2024-10-31,feature_use
U00180,2024-10-04,feature_use
U00180,2024-11-11,support_ticket
U00180,2024-10-16,feature_use
U00180,2024-10-12,feature_use
U00180,2024-11-01,feature_use
U00180,2024-12-18,feature_use
U00180,2024-09-27,feature_use
U00180,2024-11-15,login
U00180,2024-10-13,feature_use
U00180,2024-12-19,support_ticket
U00180,2024-10-06,feature_use
U00180,2024-10-03,feature_use
U00180,2024-12-19,support_ticket
U00180,2024-10-05,support_ticket
U00180,2024-11-13,login
U00180,2024-10-13,feature_use
U00180,2024-10-09,support_ticket
U00180,2024-11-26,feature_use
U00180,2024-12-19,feature_use
U00181,2024-09-13,support_ticket
U00181,2024-03-24,feature_use
U00181,2022-04-13,feature_use
U00181,2024-05-11,feature_use
U00181,2022-08-17,support_ticket
U00182,2024-02-05,feature_use
U00182,2024-11-16,feature_use
U00182,2024-09-07,feature_use
U00182,2024-03-09,feature_use
U00182,2023-01-01,login
U00182,2023-11-17,support_ticket
U00182,2024-10-25,feature_use
U00182,2024-07-30,login
U00182,2023-02-09,login
U00182,2023-08-20,support_ticket
U00182,2024-05-05,feature_use
U00182,2023-03-30,support_ticket
U00182,2024-12-19,support_ticket
U00182,2024-09-23,feature_use
U00182,2023-11-28,login
U00182,2023-12-28,feature_use
U00182,2022-10-19,login
U00182,2024-01-23,feature_use
U00182,2023-09-19,login
U00182,2024-05-14,support_ticket
U00182,2023-09-22,feature_use
U00182,2023-11-18,feature_use
U00182,2024-07-31,feature_use
U00182,2024-11-02,login
U00182,2024-03-17,feature_use
U00182,2023-03-11,feature_use
U00182,2023-09-09,feature_use
U00182,2022-09-26,feature_use
U00182,2023-08-07,feature_use
U00182,2024-06-21,login
U00182,2024-05-11,login
U00182,2023-09-09,support_ticket
U00182,2022-10-16,support_ticket
U00183,2022-05-25,login
U00183,2021-06-22,support_ticket
U00183,2021-07-13,login
U00183,2021-10-24,support_ticket
U00183,2023-10-08,feature_use
U00183,2022-07-17,feature_use
U00183,2023-07-28,support_ticket
U00183,2024-06-18,login
U00183,2023-12-09,support_ticket
U00183,2023-07-28,login
U00183,2021-06-06,feature_use
U00183,2023-02-03,login
U00183,2021-10-28,support_ticket
U00183,2024-07-30,login
U00183,2023-02-22,support_ticket
U00183,2021-06-11,feature_use
U00183,2024-07-28,support_ticket
U00183,2022-09-11,feature_use
U00183,2023-04-01,login
U00183,2022-01-12,support_ticket
U00183,2022-06-11,support_ticket
U00183,2024-08-30,support_ticket
U00183,2021-06-12,feature_use
U00183,2021-08-27,login
U00183,2024-03-15,feature_use
U00183,2022-09-13,support_ticket
U00183,2023-11-19,support_ticket
U00183,2022-05-15,support_ticket
U00183,2021-04-11,feature_use
U00183,2024-03-20,feature_use
U00184,2024-08-17,feature_use
U00184,2023-03-22,feature_use
U00184,2024-12-28,support_ticket
U00184,2022-06-08,support_ticket
U00184,2024-05-31,login
U00184,2023-10-11,feature_use
U00184,2022-03-17,feature_use
U00184,2023-05-05,login
U00184,2024-07-02,support_ticket
U00184,2022-11-27,feature_use
U00184,2023-09-04,feature_use
U00184,2023-12-18,login
U00184,2023-06-03,login
U00184,2022-04-13,support_ticket
U00184,2023-12-31,login
U00184,2022-07-15,support_ticket
U00184,2023-10-17,support_ticket
U00184,2024-10-05,support_ticket
U00185,2024-11-05,support_ticket
U00185,2024-08-19,support_ticket
U00185,2024-09-03,feature_use
U00185,2024-10-16,login
U00185,2024-08-22,feature_use
U00185,2024-08-16,feature_use
U00185,2024-12-23,feature_use
U00185,2024-07-04,feature_use
U00185,2024-12-31,support_ticket
U00185,2024-10-01,login
U00185,2024-10-10,support_ticket
U00185,2024-07-09,support_ticket
U00185,2024-09-03,feature_use
U00185,2024-09-07,login
U00185,2024-11-12,support_ticket
U00185,2024-06-16,support_ticket
U00185,2024-09-28,support_ticket
U00185,2024-08-23,login
U00185,2024-07-19,support_ticket
U00185,2024-10-09,feature_use
U00185,2024-08-12,feature_use
U00185,2024-12-05,feature_use
U00185,2024-09-19,support_ticket
U00185,2024-09-23,login
U00185,2024-07-05,support_ticket
U00185,2024-10-23,login
U00185,2024-11-02,feature_use
U00185,2024-10-18,feature_use
U00185,2024-09-10,login
U00185,2024-12-05,feature_use
U00185,2024-10-16,support_ticket
U00186,2024-02-19,feature_use
U00186,2024-12-25,login
U00186,2024-07-15,support_ticket
U00186,2023-10-28,login
U00186,2024-08-02,login
U00186,2024-01-26,login
U00186,2024-04-15,login
U00186,2023-12-03,support_ticket
U00186,2024-08-07,support_ticket
U00186,2024-08-15,feature_use
U00186,2024-02-01,feature_use
U00186,2024-04-04,feature_use
U00186,2024-06-29,support_ticket
U00186,2023-10-10,support_ticket
U00186,2024-05-14,support_ticket
U00186,2024-12-23,support_ticket
U00186,2024-07-29,login
U00186,2024-08-10,feature_use
U00186,2024-10-11,feature_use
U00186,2024-09-26,login
U00186,2023-12-22,feature_use
U00186,2024-04-14,login
U00186,2024-12-20,feature_use
U00186,2024-10-11,support_ticket
U00186,2023-12-17,support_ticket
U00186,2023-10-02,feature_use
U00186,2024-08-25,feature_use
U00186,2024-08-17,login
U00186,2023-07-23,support_ticket
U00186,2024-02-08,login
U00186,2024-11-20,login
U00186,2024-08-15,login
U00186,2024-05-21,support_ticket
U00186,2024-03-05,login
U00186,2024-10-19,support_ticket
U00186,2023-09-25,feature_use
U00187,2024-05-19,support_ticket
U00187,2023-04-13,login
U00187,2024-10-06,feature_use
U00187,2023-07-17,login
U00187,2024-11-05,support_ticket
U00187,2023-04-27,feature_use
U00188,2023-08-06,login
U00188,2022-02-15,login
U00188,2024-07-15,feature_use
U00188,2023-04-29,support_ticket
U00188,2024-06-09,login
U00188,2022-12-11,feature_use
U00188,2024-10-03,support_ticket
U00188,2022-07-29,support_ticket
U00188,2023-10-23,login
U00188,2023-04-29,feature_use
U00188,2022-05-06,login
U00188,2022-02-18,support_ticket
U00188,2024-03-25,support_ticket
U00189,2024-06-06,login
U00189,2024-12-26,feature_use
U00189,2024-04-03,support_ticket
U00189,2024-08-23,login
U00189,2024-11-22,support_ticket
U00189,2024-10-18,support_ticket
U00189,2024-11-21,login
U00189,2024-07-03,feature_use
U00189,2024-11-27,login
U00189,2024-04-19,feature_use
U00189,2024-11-27,login
U00189,2024-05-26,feature_use
U00189,2024-11-22,support_ticket
U00189,2024-10-09,support_ticket
U00189,2024-07-04,feature_use
U00189,2024-12-29,login
U00189,2024-01-14,login
U00189,2024-04-04,support_ticket
U00189,2024-12-11,login
U00189,2024-11-25,login
U00189,2024-05-27,feature_use
U00189,2024-10-23,feature_use
U00189,2024-02-02,login
U00189,2024-07-26,login
U00189,2024-04-05,login
U00189,2024-05-08,support_ticket
U00189,2024-11-11,login
U00189,2024-07-13,support_ticket
U00189,2024-07-30,login
U00189,2024-12-13,feature_use
U00189,2024-05-15,feature_use
U00189,2024-11-08,feature_use
U00189,2024-05-09,feature_use
U00189,2024-11-14,feature_use
U00189,2024-09-07,feature_use
U00190,2021-09-22,login
U00190,2022-05-10,support_ticket
U00190,2023-02-21,login
U00190,2022-10-06,feature_use
U00190,2024-09-07,feature_use
U00190,2023-02-27,feature_use
U00190,2022-05-31,support_ticket
U00190,2023-03-27,feature_use
U00190,2023-12-28,support_ticket
U00190,2023-03-06,login
U00190,2022-03-31,login
U00190,2024-12-06,feature_use
U00190,2023-09-05,feature_use
U00190,2022-10-20,login
U00190,2022-09-17,support_ticket
U00190,2023-03-23,login
U00190,2024-10-19,login
U00190,2022-12-24,feature_use
U00190,2024-05-17,support_ticket
U00190,2024-06-03,feature_use
U00190,2024-03-13,support_ticket
U00190,2022-06-24,feature_use
U00190,2022-05-26,support_ticket
U00190,2024-05-02,feature_use
U00190,2024-06-16,feature_use
U00190,2023-08-24,feature_use
U00190,2022-06-22,support_ticket
U00190,2024-03-24,login
U00190,2024-03-28,feature_use
U00190,2021-08-09,support_ticket
U00190,2021-11-20,feature_use
U00190,2022-10-14,feature_use
U00190,2022-09-06,login
U00190,2022-05-14,feature_use
U00190,2024-12-08,support_ticket
U00190,2022-03-12,support_ticket
U00190,2022-08-18,feature_use
U00190,2024-04-27,feature_use
U00190,2024-09-19,support_ticket
U00190,2021-08-04,support_ticket
U00190,2024-06-18,login
U00190,2022-08-29,feature_use
U00190,2021-09-16,feature_use
U00191,2023-01-07,feature_use
U00191,2024-02-29,login
U00191,2023-07-02,support_ticket
U00191,2024-03-28,support_ticket
U00191,2024-03-31,login
U00191,2024-12-23,login
U00191,2023-12-29,support_ticket
U00191,2024-03-16,login
U00191,2023-06-05,feature_use
U00191,2024-12-22,support_ticket
U00191,2023-04-03,support_ticket
U00191,2024-07-25,login
U00191,2023-05-19,support_ticket
U00191,2024-10-01,feature_use
U00191,2023-03-28,login
U00191,2024-06-12,feature_use
U00191,2024-04-15,feature_use
U00191,2022-12-30,support_ticket
U00191,2023-04-10,support_ticket
U00191,2022-12-02,login
U00191,2024-03-16,feature_use
U00191,2022-11-29,login
U00191,2023-05-19,login
U00191,2024-05-19,support_ticket
U00191,2024-01-29,feature_use
U00191,2023-01-06,support_ticket
U00191,2024-12-06,login
U00191,2023-08-20,support_ticket
U00191,2022-12-11,login
U00191,2024-01-30,login
U00191,2023-12-24,login
U00191,2024-01-28,login
U00191,2023-01-08,support_ticket
U00191,2024-05-23,login
U00191,2024-06-01,feature_use
U00191,2023-08-01,support_ticket
U00191,2022-10-07,support_ticket
U00191,2023-12-12,login
U00191,2024-10-04,feature_use
U00191,2024-12-02,support_ticket
U00191,2023-04-15,support_ticket
U00191,2024-12-31,support_ticket
U00191,2024-06-18,feature_use
U00191,2022-09-28,feature_use
U00191,2024-11-08,feature_use
U00192,2023-05-06,feature_use
U00192,2022-10-25,feature_use
U00192,2024-09-01,feature_use
U00192,2024-09-16,feature_use
U00192,2023-07-04,feature_use
U00192,2024-10-22,login
U00192,2023-09-27,feature_use
U00192,2024-12-21,support_ticket
U00192,2023-07-23,support_ticket
U00192,2024-04-17,login
U00192,2022-11-06,feature_use
U00192,2021-11-11,feature_use
U00192,2024-09-06,feature_use
U00192,2024-08-09,login
U00192,2022-10-30,login
U00192,2024-03-31,support_ticket
U00192,2023-07-14,login
U00192,2024-04-23,feature_use
U00192,2024-11-05,login
U00192,2022-11-29,login
U00192,2023-02-15,login
U00192,2023-07-20,support_ticket
U00192,2023-07-16,feature_use
U00192,2024-10-19,feature_use
U00192,2022-05-27,support_ticket
U00192,2023-07-05,support_ticket
U00192,2023-01-02,support_ticket
U00192,2022-09-10,feature_use
U00192,2022-09-14,login
U00192,2024-01-18,login
U00192,2022-09-17,support_ticket
U00192,2022-09-15,feature_use
U00192,2024-09-20,feature_use
U00192,2024-02-29,support_ticket
U00192,2023-05-03,login
U00192,2023-04-20,feature_use
U00192,2023-07-12,feature_use
U00192,2022-08-21,feature_use
U00192,2023-09-12,support_ticket
U00192,2023-10-23,support_ticket
U00192,2023-08-05,feature_use
U00192,2023-07-21,feature_use
U00192,2024-12-25,feature_use
U00193,2022-05-22,feature_use
U00193,2022-07-12,feature_use
U00193,2023-05-14,support_ticket
U00193,2024-08-18,login
U00193,2023-08-27,feature_use
U00193,2022-06-05,support_ticket
U00193,2022-12-10,login
U00193,2024-03-24,support_ticket
U00193,2023-02-03,feature_use
U00193,2024-09-15,feature_use
U00193,2022-06-10,feature_use
U00193,2023-07-28,feature_use
U00193,2023-04-15,support_ticket
U00193,2023-12-11,support_ticket
U00193,2022-12-07,login
U00193,2024-02-08,support_ticket
U00193,2023-08-10,feature_use
U00193,2022-09-03,login
U00193,2023-01-20,login
U00193,2023-04-15,support_ticket
U00193,2023-09-20,support_ticket
U00193,2024-01-14,feature_use
U00193,2022-07-03,support_ticket
U00193,2023-06-20,support_ticket
U00193,2024-12-02,support_ticket
U00193,2023-09-27,login
U00193,2023-02-27,support_ticket
U00193,2024-01-07,feature_use
U00193,2022-07-16,login
U00193,2022-07-13,support_ticket
U00193,2023-05-02,feature_use
U00194,2023-06-25,feature_use
U00194,2023-01-02,login
U00194,2024-01-21,login
U00194,2021-10-28,feature_use
U00194,2023-09-24,login
U00194,2022-04-03,support_ticket
U00194,2023-02-01,support_ticket
U00194,2022-07-13,support_ticket
U00194,2021-11-26,feature_use
U00194,2022-10-14,feature_use
U00194,2024-08-14,support_ticket
U00194,2022-11-14,support_ticket
U00194,2024-05-21,feature_use
U00194,2021-07-13,login
U00194,2021-10-16,support_ticket
U00194,2023-03-03,feature_use
U00194,2023-11-29,support_ticket
U00194,2022-08-12,login
U00194,2023-03-18,feature_use
U00194,2022-09-08,feature_use
U00194,2023-06-10,feature_use
U00194,2022-07-11,support_ticket
U00194,2022-11-11,feature_use
U00194,2024-10-17,support_ticket
U00194,2021-07-16,login
U00194,2022-01-29,support_ticket
U00194,2023-09-18,feature_use
U00194,2023-08-19,feature_use
U00194,2021-09-05,support_ticket
U00194,2021-09-30,support_ticket
U00194,2023-07-03,login
U00194,2024-07-31,feature_use
U00194,2021-08-03,support_ticket
U00194,2023-03-30,support_ticket
U00194,2024-03-02,feature_use
U00194,2024-08-19,feature_use
U00194,2024-12-19,login
U00194,2021-10-31,support_ticket
U00194,2021-12-04,support_ticket
U00195,2024-11-26,login
U00195,2024-11-21,login
U00195,2024-12-06,feature_use
U00195,2024-12-16,support_ticket
U00195,2024-08-30,login
U00195,2024-10-31,feature_use
U00195,2024-11-09,feature_use
U00195,2024-08-20,support_ticket
U00195,2024-10-05,login
U00195,2024-08-28,support_ticket
U00195,2024-12-07,feature_use
U00195,2024-11-06,support_ticket
U00196,2024-12-24,login
U00196,2024-12-22,support_ticket
U00196,2024-12-15,login
U00196,2024-12-21,login
U00196,2024-11-27,login
U00196,2024-12-17,feature_use
U00196,2024-12-06,feature_use
U00196,2024-12-11,support_ticket
U00196,2024-12-17,support_ticket
U00196,2024-12-26,support_ticket
U00196,2024-12-09,support_ticket
U00196,2024-12-19,support_ticket
U00196,2024-12-06,login
U00196,2024-12-06,login
U00196,2024-12-16,login
U00196,2024-12-03,login
U00196,2024-12-31,support_ticket
U00196,2024-11-29,login
U00196,2024-12-31,feature_use
U00196,2024-12-01,feature_use
U00196,2024-12-17,login
U00196,2024-12-10,login
U00196,2024-12-16,login
U00196,2024-12-24,feature_use
U00196,2024-12-11,login
U00196,2024-12-19,login
U00196,2024-12-05,feature_use
U00196,2024-12-04,feature_use
U00196,2024-11-28,feature_use
U00196,2024-12-10,feature_use
U00196,2024-11-30,feature_use
U00196,2024-12-25,feature_use
U00196,2024-12-09,login
U00196,2024-12-21,support_ticket
U00196,2024-12-04,login
U00196,2024-12-08,support_ticket
U00196,2024-12-30,login
U00196,2024-12-07,login
U00196,2024-12-04,feature_use
U00196,2024-12-19,support_ticket
U00196,2024-12-17,feature_use
U00196,2024-12-09,login
U00196,2024-12-02,support_ticket
U00196,2024-12-20,feature_use
U00196,2024-12-13,support_ticket
U00196,2024-12-04,feature_use
U00196,2024-11-28,login
U00196,2024-12-21,feature_use
U00196,2024-12-22,login
U00197,2024-04-02,feature_use
U00197,2023-06-04,feature_use
U00197,2024-01-31,login
U00197,2023-06-24,support_ticket
U00197,2024-05-02,feature_use
U00197,2023-04-15,feature_use
U00197,2024-02-24,login
U00197,2023-08-21,login
U00197,2023-09-27,support_ticket
U00197,2023-04-08,login
U00197,2024-09-11,login
U00197,2023-08-20,support_ticket
U00197,2024-07-23,login
U00197,2023-05-31,support_ticket
U00197,2023-10-30,support_ticket
U00197,2024-01-24,feature_use
U00197,2024-12-21,feature_use
U00197,2023-09-07,feature_use
U00197,2023-09-22,login
U00197,2024-09-11,login
U00197,2023-10-01,feature_use
U00197,2023-07-20,login
U00197,2023-04-29,feature_use
U00197,2023-10-24,feature_use
U00197,2024-05-16,support_ticket
U00197,2024-04-15,feature_use
U00197,2024-12-25,feature_use
U00198,2024-12-14,login
U00198,2024-10-17,login
U00198,2024-12-27,feature_use
U00198,2024-09-09,support_ticket
U00198,2024-12-25,login
U00198,2024-12-30,feature_use
U00199,2024-11-23,feature_use
U00199,2024-11-08,login
U00199,2023-10-29,login
U00199,2023-06-05,feature_use
U00199,2024-01-04,login
U00199,2024-07-23,login
U00199,2023-09-13,feature_use
U00200,2024-12-22,support_ticket
U00200,2024-12-24,login
U00200,2024-11-26,feature_use
U00200,2024-12-26,feature_use
U00200,2024-12-12,login
U00200,2024-12-16,support_ticket
U00200,2024-12-30,feature_use
U00200,2024-12-02,feature_use
U00200,2024-12-27,support_ticket
U00200,2024-12-08,login
U00200,2024-12-10,support_ticket
U00200,2024-12-04,login
U00200,2024-12-10,support_ticket
U00200,2024-12-01,support_ticket
U00200,2024-12-02,support_ticket
U00200,2024-12-21,feature_use
U00200,2024-12-02,login
U00200,2024-12-10,feature_use
U00200,2024-12-07,support_ticket
U00200,2024-12-15,feature_use
U00200,2024-12-25,support_ticket
U00200,2024-12-29,support_ticket
U00200,2024-12-13,login
U00200,2024-12-16,feature_use
U00200,2024-12-19,support_ticket
U00200,2024-12-05,support_ticket
U00200,2024-11-28,support_ticket
U00200,2024-12-20,support_ticket
U00200,2024-11-29,login
U00200,2024-12-07,login
U00200,2024-12-05,support_ticket
U00200,2024-11-28,login
U00200,2024-12-06,feature_use
U00200,2024-12-16,login
U00201,2023-12-23,feature_use
U00201,2023-03-18,login
U00201,2024-10-21,support_ticket
U00201,2023-07-22,feature_use
U00201,2022-06-26,feature_use
U00201,2024-10-06,feature_use
U00201,2024-05-04,feature_use
U00201,2021-12-10,support_ticket
U00201,2022-11-06,support_ticket
U00201,2024-03-01,feature_use
U00201,2023-03-04,login
U00201,2022-09-17,feature_use
U00201,2024-01-06,support_ticket
U00201,2023-11-03,support_ticket
U00201,2021-10-27,support_ticket
U00201,2023-03-15,support_ticket
U00201,2022-10-03,login
U00201,2023-05-01,feature_use
U00201,2024-11-18,login
U00201,2024-04-29,login
U00201,2021-10-23,login
U00201,2023-11-05,login
U00201,2021-12-15,support_ticket
U00201,2022-12-09,login
U00201,2023-03-25,feature_use
U00201,2023-10-26,feature_use
U00201,2024-05-20,login
U00201,2024-02-10,login
U00201,2023-07-06,support_ticket
U00201,2022-05-17,login
U00201,2022-07-11,login
U00201,2022-05-24,support_ticket
U00201,2023-04-07,support_ticket
U00201,2024-08-25,login
U00201,2024-06-08,support_ticket
U00201,2024-03-23,login
U00201,2024-04-08,feature_use
U00201,2024-04-21,login
U00201,2024-04-04,login
U00201,2023-05-19,login
U00201,2021-11-04,support_ticket
U00202,2022-12-13,support_ticket
U00202,2022-07-14,support_ticket
U00202,2024-01-22,login
U00202,2023-03-30,login
U00202,2023-12-05,feature_use
U00202,2023-11-13,support_ticket
U00202,2024-01-16,feature_use
U00202,2024-04-21,feature_use
U00202,2022-06-11,support_ticket
U00202,2023-05-13,login
U00202,2022-02-06,feature_use
U00202,2024-10-18,support_ticket
U00202,2023-06-06,login
U00202,2022-01-20,login
U00202,2023-12-25,login
U00203,2024-04-12,login
U00203,2024-09-04,login
U00203,2024-02-26,login
U00203,2024-07-05,feature_use
U00203,2024-02-26,support_ticket
U00203,2023-11-17,login
U00203,2024-10-10,feature_use
U00203,2023-09-15,login
U00203,2024-12-15,feature_use
U00203,2023-10-20,feature_use
U00203,2023-10-12,support_ticket
U00203,2024-08-22,support_ticket
U00203,2024-12-05,support_ticket
U00203,2023-10-26,login
U00204,2024-06-09,support_ticket
U00204,2024-07-13,feature_use
U00204,2024-05-06,support_ticket
U00204,2024-06-03,support_ticket
U00204,2024-07-22,support_ticket
U00204,2024-05-30,support_ticket
U00204,2024-10-04,feature_use
U00204,2024-07-02,support_ticket
U00204,2024-08-24,feature_use
U00204,2024-11-30,login
U00204,2024-09-19,support_ticket
U00204,2024-10-07,feature_use
U00204,2024-06-12,login
U00204,2024-12-15,support_ticket
U00204,2024-07-30,feature_use
U00204,2024-05-14,feature_use
U00204,2024-12-04,feature_use
U00204,2024-06-01,support_ticket
U00204,2024-08-31,feature_use
U00204,2024-09-30,login
U00204,2024-12-14,support_ticket
U00204,2024-10-28,feature_use
U00204,2024-11-14,feature_use
U00204,2024-06-30,support_ticket
U00204,2024-05-30,login
U00204,2024-11-07,support_ticket
U00204,2024-10-04,feature_use
U00204,2024-07-04,support_ticket
U00204,2024-09-07,support_ticket
U00204,2024-08-22,feature_use
U00204,2024-05-18,support_ticket
U00204,2024-05-30,feature_use
U00204,2024-12-05,support_ticket
U00205,2024-08-11,support_ticket
U00205,2024-10-16,feature_use
U00205,2024-09-23,support_ticket
U00205,2024-08-11,feature_use
U00205,2024-06-29,login
U00205,2024-07-03,support_ticket
U00205,2024-12-31,feature_use
U00205,2024-08-09,support_ticket
U00205,2024-10-12,login
U00205,2024-11-06,feature_use
U00205,2024-11-25,feature_use
U00205,2024-07-04,support_ticket
U00205,2024-10-10,support_ticket
U00205,2024-11-10,support_ticket
U00205,2024-09-12,support_ticket
U00205,2024-10-18,support_ticket
U00205,2024-09-13,login
U00205,2024-11-09,login
U00205,2024-11-06,support_ticket
U00205,2024-07-03,support_ticket
U00205,2024-07-02,login
U00205,2024-12-20,login
U00206,2024-11-20,support_ticket
U00206,2024-12-02,feature_use
U00206,2024-08-16,support_ticket
U00206,2024-02-17,feature_use
U00206,2024-12-24,feature_use
U00206,2024-09-19,support_ticket
U00206,2024-10-21,login
U00206,2024-08-19,support_ticket
U00206,2024-09-05,support_ticket
U00206,2024-02-10,login
U00206,2024-11-13,login
U00206,2024-02-09,support_ticket
U00206,2024-07-14,login
U00206,2024-06-25,feature_use
U00206,2024-02-11,support_ticket
U00206,2024-09-17,feature_use
U00206,2024-07-29,support_ticket
U00206,2024-07-22,feature_use
U00206,2024-06-03,feature_use
U00206,2024-09-12,login
U00206,2024-07-12,feature_use
U00206,2024-12-18,feature_use
U00206,2024-04-19,login
U00206,2024-11-08,support_ticket
U00206,2024-12-24,feature_use
U00206,2024-08-20,feature_use
U00206,2024-04-25,feature_use
U00206,2024-03-13,feature_use
U00207,2024-07-11,support_ticket
U00207,2024-09-12,login
U00207,2024-02-09,feature_use
U00207,2023-10-21,support_ticket
U00207,2023-10-16,support_ticket
U00207,2024-03-25,feature_use
U00207,2024-07-14,feature_use
U00207,2024-07-23,login
U00207,2024-09-21,feature_use
U00207,2023-12-12,feature_use
U00207,2024-11-11,support_ticket
U00207,2024-05-05,feature_use
U00207,2024-02-19,feature_use
U00207,2024-12-01,feature_use
U00207,2024-09-20,login
U00207,2023-11-25,feature_use
U00207,2023-09-08,login
U00207,2023-12-06,support_ticket
U00207,2024-02-05,support_ticket
U00207,2024-08-23,support_ticket
U00207,2024-06-12,feature_use
U00207,2024-09-21,support_ticket
U00207,2024-06-01,login
U00207,2024-03-21,support_ticket
U00207,2024-08-21,login
U00207,2023-12-10,login
U00207,2023-10-16,support_ticket
U00208,2024-12-13,support_ticket
U00208,2023-07-10,feature_use
U00208,2022-10-18,support_ticket
U00208,2023-05-05,support_ticket
U00208,2023-05-19,feature_use
U00208,2022-10-05,feature_use
U00208,2022-09-05,support_ticket
U00208,2024-09-02,feature_use
U00208,2024-02-09,support_ticket
U00208,2022-08-14,feature_use
U00208,2023-01-07,feature_use
U00208,2024-09-13,login
U00208,2023-01-28,support_ticket
U00208,2022-10-27,support_ticket
U00208,2023-02-26,login
U00208,2023-10-10,login
U00208,2024-09-21,support_ticket
U00208,2023-01-01,login
U00208,2024-11-03,login
U00208,2023-08-15,support_ticket
U00208,2024-08-30,login
U00208,2022-10-17,login
U00208,2023-03-21,login
U00208,2022-06-12,support_ticket
U00208,2023-09-28,feature_use
U00208,2023-07-20,support_ticket
U00208,2023-12-07,support_ticket
U00208,2022-12-04,feature_use
U00208,2022-11-28,support_ticket
U00208,2024-01-06,feature_use
U00208,2024-02-23,support_ticket
U00208,2024-11-16,feature_use
U00208,2024-06-24,feature_use
U00208,2024-05-14,feature_use
U00208,2024-08-21,feature_use
U00208,2023-08-06,feature_use
U00208,2023-05-30,login
U00208,2023-04-14,support_ticket
U00208,2023-05-22,login
U00208,2024-04-30,login
U00208,2023-04-16,support_ticket
U00208,2023-01-29,support_ticket
U00208,2024-01-04,login
U00209,2024-10-25,support_ticket
U00209,2024-09-16,feature_use
U00209,2024-06-20,feature_use
U00209,2023-11-12,support_ticket
U00209,2024-01-14,support_ticket
U00209,2024-03-16,support_ticket
U00209,2024-09-13,support_ticket
U00209,2024-06-29,login
U00209,2024-05-15,feature_use
U00209,2024-07-10,login
U00209,2024-05-12,support_ticket
U00210,2024-11-10,support_ticket
U00210,2024-09-08,login
U00210,2023-12-12,login
U00210,2024-09-21,support_ticket
U00210,2023-08-17,feature_use
U00210,2024-10-20,support_ticket
U00210,2023-11-18,login
U00210,2024-06-16,login
U00210,2024-03-28,support_ticket
U00210,2024-03-04,support_ticket
U00210,2023-07-18,support_ticket
U00210,2024-11-03,feature_use
U00210,2023-11-03,feature_use
U00210,2024-01-26,support_ticket
U00210,2024-09-24,feature_use
U00210,2024-12-22,support_ticket
U00210,2024-04-26,feature_use
U00210,2024-02-13,support_ticket
U00210,2024-11-21,feature_use
U00210,2023-11-14,support_ticket
U00210,2024-05-07,login
U00210,2023-08-13,support_ticket
U00210,2024-06-20,support_ticket
U00210,2023-10-20,login
U00210,2023-08-24,support_ticket
U00210,2024-08-16,support_ticket
U00210,2023-12-02,support_ticket
U00210,2024-01-05,login
U00210,2023-12-20,login
U00210,2023-07-20,support_ticket
U00210,2024-11-07,support_ticket
U00210,2023-10-20,feature_use
U00210,2023-09-19,login
U00211,2024-03-18,support_ticket
U00211,2024-07-10,feature_use
U00211,2024-11-10,feature_use
U00211,2023-09-03,support_ticket
U00211,2023-12-07,login
U00211,2024-12-23,feature_use
U00211,2023-02-12,login
U00211,2023-06-23,feature_use
U00211,2023-02-06,support_ticket
U00211,2023-10-23,feature_use
U00211,2024-01-02,login
U00211,2023-02-13,feature_use
U00211,2023-09-24,login
U00211,2023-03-29,feature_use
U00211,2024-06-01,support_ticket
U00211,2022-10-31,feature_use
U00211,2023-11-14,login
U00211,2024-01-27,feature_use
U00211,2022-08-29,support_ticket
U00211,2022-10-10,support_ticket
U00211,2022-10-08,support_ticket
U00211,2023-08-26,login
U00211,2023-01-28,login
U00211,2024-02-01,login
U00211,2022-08-13,feature_use
U00211,2023-09-06,feature_use
U00211,2022-09-06,support_ticket
U00211,2024-03-07,feature_use
U00211,2022-10-19,login
U00211,2023-02-18,support_ticket
U00212,2024-04-12,login
U00212,2024-05-20,login
U00212,2023-11-07,login
U00212,2024-10-18,login
U00212,2024-07-25,feature_use
U00212,2024-06-28,login
U00212,2024-02-13,support_ticket
U00212,2023-05-19,support_ticket
U00212,2023-04-20,feature_use
U00212,2022-12-20,support_ticket
U00212,2022-12-28,support_ticket
U00212,2023-03-22,feature_use
U00212,2023-09-13,login
U00212,2023-11-11,support_ticket
U00212,2023-05-22,support_ticket
U00212,2024-05-02,login
U00212,2023-03-01,feature_use
U00212,2023-06-04,support_ticket
U00212,2023-04-26,support_ticket
U00212,2023-10-30,feature_use
U00212,2024-09-23,support_ticket
U00212,2023-12-22,feature_use
U00212,2023-03-18,support_ticket
U00212,2024-06-08,login
U00212,2023-10-31,login
U00212,2023-11-28,login
U00212,2023-07-22,feature_use
U00212,2023-05-30,feature_use
U00212,2022-12-31,feature_use
U00212,2023-01-18,feature_use
U00212,2024-09-24,support_ticket
U00212,2024-12-30,support_ticket
U00212,2023-02-28,support_ticket
U00212,2023-02-20,support_ticket
U00212,2024-09-19,feature_use
U00212,2024-05-11,support_ticket
U00212,2024-06-29,support_ticket
U00212,2024-05-16,support_ticket
U00212,2023-12-27,support_ticket
U00212,2024-09-07,login
U00212,2023-09-04,feature_use
U00212,2023-04-06,feature_use
U00212,2023-06-09,feature_use
U00212,2024-08-21,feature_use
U00213,2023-11-23,feature_use
U00213,2021-11-30,feature_use
U00213,2021-08-02,feature_use
U00213,2022-01-14,feature_use
U00213,2024-08-07,feature_use
U00213,2024-11-14,feature_use
U00213,2023-03-03,feature_use
U00213,2023-01-24,support_ticket
U00213,2021-10-05,support_ticket
U00213,2021-09-08,login
U00213,2021-12-14,feature_use
U00213,2024-09-30,support_ticket
U00213,2024-08-27,support_ticket
U00213,2022-06-05,support_ticket
U00213,2023-03-19,support_ticket
U00213,2021-09-21,support_ticket
U00213,2021-08-11,login
U00213,2023-02-25,feature_use
U00213,2022-07-05,feature_use
U00213,2024-06-20,login
U00213,2023-11-20,support_ticket
U00213,2024-04-21,support_ticket
U00213,2022-06-15,support_ticket
U00213,2023-07-14,support_ticket
U00213,2021-09-14,login
U00213,2022-01-03,feature_use
U00213,2022-06-30,login
U00213,2023-04-01,login
U00213,2022-08-05,feature_use
U00213,2022-08-12,support_ticket
U00214,2024-01-06,login
U00214,2022-06-04,feature_use
U00214,2022-11-15,support_ticket
U00214,2022-08-16,feature_use
U00214,2022-04-23,login
U00214,2024-02-23,feature_use
U00214,2022-10-17,feature_use
U00214,2024-08-12,login
U00214,2023-05-04,feature_use
U00214,2022-06-03,login
U00214,2022-09-11,support_ticket
U00214,2022-12-27,support_ticket
U00214,2024-03-03,feature_use
U00214,2024-10-08,feature_use
U00214,2024-03-15,support_ticket
U00214,2024-04-15,support_ticket
U00214,2023-03-02,login
U00214,2024-12-06,support_ticket
U00214,2024-05-12,feature_use
U00214,2023-06-12,support_ticket
U00214,2022-04-29,feature_use
U00214,2024-08-09,feature_use
U00214,2023-05-10,feature_use
U00214,2024-08-28,login
U00214,2024-08-02,feature_use
U00214,2023-01-03,support_ticket
U00214,2022-04-29,support_ticket
U00214,2024-03-28,feature_use
U00214,2022-05-31,support_ticket
U00214,2024-06-12,feature_use
U00214,2022-08-28,support_ticket
U00214,2024-03-25,login
U00214,2022-06-30,support_ticket
U00214,2022-08-14,login
U00214,2022-09-28,feature_use
U00214,2022-06-26,login
U00214,2023-10-20,feature_use
U00214,2022-10-07,support_ticket
U00214,2023-01-06,support_ticket
U00214,2024-04-20,support_ticket
U00214,2023-05-31,feature_use
U00214,2023-10-20,feature_use
U00214,2023-02-04,support_ticket
U00214,2023-01-11,login
U00214,2024-06-06,login
U00215,2022-12-27,login
U00215,2024-12-19,feature_use
U00215,2022-12-25,login
U00215,2024-10-05,login
U00215,2024-06-26,feature_use
U00215,2022-06-20,login
U00215,2023-02-20,login
U00215,2024-01-12,login
U00215,2022-04-29,support_ticket
U00215,2022-03-27,login
U00215,2024-04-19,support_ticket
U00215,2023-12-08,feature_use
U00215,2022-08-28,feature_use
U00215,2022-02-01,support_ticket
U00215,2024-09-05,login
U00215,2023-01-13,support_ticket
U00215,2023-08-22,login
U00215,2021-12-08,login
U00215,2023-10-09,feature_use
U00215,2022-11-03,feature_use
U00215,2024-06-12,login
U00215,2022-03-04,feature_use
U00215,2023-12-27,login
U00215,2023-06-29,support_ticket
U00215,2022-03-19,login
U00215,2022-11-20,support_ticket
U00215,2022-12-12,feature_use
U00215,2024-04-25,login
U00215,2024-04-29,login
U00215,2023-03-27,support_ticket
U00216,2024-02-18,support_ticket
U00216,2023-10-11,login
U00216,2024-11-10,feature_use
U00216,2023-06-27,login
U00216,2023-07-05,feature_use
U00216,2024-10-11,support_ticket
U00216,2023-05-17,support_ticket
U00216,2023-10-20,support_ticket
U00216,2024-03-24,feature_use
U00216,2023-06-08,login
U00216,2023-08-14,support_ticket
U00216,2023-12-25,login
U00216,2024-05-24,login
U00216,2024-11-26,login
U00216,2024-05-30,support_ticket
U00216,2023-08-30,login
U00216,2023-06-05,support_ticket
U00216,2024-11-08,login
U00216,2023-05-20,support_ticket
U00216,2024-08-29,support_ticket
U00216,2024-05-29,feature_use
U00216,2024-05-30,feature_use
U00216,2023-12-29,support_ticket
U00216,2024-09-13,support_ticket
U00216,2024-01-11,feature_use
U00216,2024-08-07,feature_use
U00216,2023-10-03,feature_use
U00216,2024-10-30,feature_use
U00216,2023-12-15,login
U00216,2024-02-17,support_ticket
U00216,2023-10-25,feature_use
U00216,2024-01-18,login
U00216,2024-05-10,support_ticket
U00216,2023-05-21,feature_use
U00216,2024-03-02,login
U00216,2023-06-12,feature_use
U00216,2024-06-23,support_ticket
U00216,2024-11-04,login
U00217,2024-03-21,support_ticket
U00217,2024-07-15,login
U00217,2024-08-11,feature_use
U00217,2024-08-17,feature_use
U00217,2024-09-04,feature_use
U00217,2024-08-02,feature_use
U00217,2024-07-21,feature_use
U00217,2024-07-01,support_ticket
U00217,2024-08-08,login
U00217,2024-10-14,login
U00217,2024-05-21,login
U00217,2024-04-23,support_ticket
U00217,2024-04-25,support_ticket
U00217,2024-12-19,support_ticket
U00217,2024-07-21,feature_use
U00217,2024-10-23,feature_use
U00217,2024-07-26,support_ticket
U00217,2024-06-22,login
U00217,2024-08-05,login
U00217,2024-09-13,login
U00217,2024-10-20,support_ticket
U00217,2024-09-04,feature_use
U00217,2024-12-01,feature_use
U00217,2024-02-12,login
U00217,2024-05-07,feature_use
U00217,2024-10-25,login
U00217,2024-12-19,feature_use
U00217,2024-10-07,feature_use
U00217,2024-04-18,feature_use
U00217,2024-01-29,support_ticket
U00218,2023-07-07,support_ticket
U00218,2022-04-25,feature_use
U00218,2024-07-04,login
U00218,2024-12-11,feature_use
U00218,2024-07-28,login
U00218,2022-03-12,feature_use
U00218,2023-02-15,feature_use
U00218,2022-09-23,support_ticket
U00218,2022-01-30,feature_use
U00218,2023-02-14,support_ticket
U00218,2024-10-13,support_ticket
U00218,2024-11-14,login
U00218,2021-11-22,login
U00218,2021-10-30,login
U00218,2021-05-25,login
U00218,2023-03-17,login
U00218,2023-02-08,feature_use
U00218,2022-06-27,support_ticket
U00219,2023-10-13,feature_use
U00219,2023-05-15,feature_use
U00219,2024-12-06,feature_use
U00219,2024-10-26,feature_use
U00219,2024-07-07,feature_use
U00219,2023-09-04,feature_use
U00219,2024-01-13,login
U00219,2024-10-04,login
U00219,2023-08-11,login
U00219,2024-05-07,login
U00219,2024-09-04,support_ticket
U00219,2024-05-01,login
U00219,2024-10-04,support_ticket
U00219,2024-12-11,feature_use
U00220,2022-09-08,support_ticket
U00220,2022-07-05,login
U00220,2024-10-31,login
U00220,2023-08-10,login
U00220,2021-05-01,login
U00220,2023-04-01,feature_use
U00220,2023-03-28,feature_use
U00220,2022-01-25,login
U00220,2024-05-25,support_ticket
U00220,2023-02-22,feature_use
U00220,2024-05-22,support_ticket
U00220,2022-02-17,feature_use
U00220,2021-03-22,feature_use
U00220,2024-11-16,support_ticket
U00220,2023-01-15,feature_use
U00220,2021-08-03,feature_use
U00220,2021-07-01,login
U00220,2021-11-13,support_ticket
U00220,2022-10-17,support_ticket
U00220,2023-04-27,login
U00220,2021-09-25,support_ticket
U00220,2022-03-20,support_ticket
U00220,2022-11-28,feature_use
U00220,2021-07-30,feature_use
U00220,2024-06-28,feature_use
U00220,2021-03-14,support_ticket
U00220,2024-06-02,feature_use
U00220,2022-01-22,feature_use
U00220,2022-07-12,login
U00220,2023-12-28,feature_use
U00220,2024-01-11,login
U00220,2023-11-09,feature_use
U00220,2022-01-17,login
U00220,2024-10-01,login
U00220,2022-10-30,feature_use
U00220,2023-08-18,feature_use
U00220,2023-01-02,login
U00220,2022-08-22,support_ticket
U00220,2024-10-16,feature_use
U00220,2024-10-22,login
U00220,2022-12-23,support_ticket
U00220,2021-04-15,login
U00220,2024-08-11,login
U00220,2024-04-29,login
U00220,2022-10-22,feature_use
U00220,2022-03-25,feature_use
U00220,2023-03-30,feature_use
U00220,2021-04-24,support_ticket
U00220,2024-11-17,feature_use
U00221,2024-03-14,feature_use
U00221,2024-03-09,support_ticket
U00221,2024-11-14,feature_use
U00221,2024-03-30,support_ticket
U00221,2024-02-26,login
U00221,2024-12-29,feature_use
U00221,2024-09-06,feature_use
U00221,2024-06-12,login
U00221,2024-05-11,feature_use
U00221,2024-01-18,login
U00221,2024-12-14,feature_use
U00221,2024-12-17,support_ticket
U00221,2023-10-17,support_ticket
U00221,2024-12-14,feature_use
U00221,2024-11-18,support_ticket
U00221,2024-12-05,login
U00221,2023-09-15,login
U00221,2024-10-20,login
U00221,2024-01-06,login
U00221,2023-12-03,feature_use
U00221,2023-10-07,login
U00221,2024-06-22,login
U00221,2024-10-06,login
U00221,2024-11-19,login
U00221,2023-09-08,support_ticket
U00221,2023-09-10,support_ticket
U00221,2024-10-21,feature_use
U00221,2024-11-22,support_ticket
U00221,2023-10-10,login
U00221,2024-06-28,support_ticket
U00221,2024-11-23,feature_use
U00221,2024-07-23,feature_use
U00221,2024-10-10,support_ticket
U00221,2023-10-28,support_ticket
U00221,2023-11-05,login
U00221,2024-08-29,login
U00221,2023-12-15,support_ticket
U00221,2024-12-21,login
U00221,2023-12-08,login
U00221,2024-09-05,login
U00221,2023-09-05,feature_use
U00221,2024-10-13,support_ticket
U00221,2024-01-01,login
U00221,2023-09-29,support_ticket
U00221,2023-10-14,feature_use
U00221,2024-02-15,support_ticket
U00221,2024-06-01,login
U00221,2024-05-04,login
U00221,2024-08-31,feature_use
U00222,2024-08-27,login
U00222,2023-12-28,feature_use
U00222,2024-09-22,support_ticket
U00222,2024-05-02,login
U00222,2023-12-01,login
U00222,2024-02-05,login
U00222,2022-11-24,login
U00222,2023-03-25,feature_use
U00222,2023-01-29,support_ticket
U00222,2024-04-15,login
U00222,2024-08-20,login
U00222,2024-08-23,login
U00222,2023-03-15,login
U00222,2023-07-30,login
U00222,2023-02-17,feature_use
U00222,2024-06-15,support_ticket
U00222,2023-07-04,support_ticket
U00222,2023-10-31,support_ticket
U00222,2024-06-20,feature_use
U00222,2023-04-15,feature_use
U00222,2023-05-18,feature_use
U00222,2024-09-26,login
U00222,2024-02-29,login
U00222,2024-07-05,support_ticket
U00222,2023-05-19,feature_use
U00222,2024-10-15,login
U00222,2022-11-09,login
U00222,2022-11-07,feature_use
U00222,2023-08-22,support_ticket
U00222,2022-11-04,support_ticket
U00222,2024-10-16,feature_use
U00222,2022-11-24,support_ticket
U00222,2024-10-25,support_ticket
U00222,2023-12-04,login
U00222,2024-10-05,support_ticket
U00222,2022-12-03,feature_use
U00222,2024-04-28,feature_use
U00222,2024-08-18,support_ticket
U00222,2024-05-16,support_ticket
U00222,2022-11-10,support_ticket
U00222,2023-05-30,support_ticket
U00222,2023-07-27,feature_use
U00222,2023-09-05,support_ticket
U00223,2024-07-15,feature_use
U00223,2024-06-09,feature_use
U00223,2024-06-16,support_ticket
U00223,2024-04-14,login
U00223,2024-11-03,login
U00223,2024-01-29,support_ticket
U00223,2024-07-06,feature_use
U00223,2024-09-02,feature_use
U00223,2024-06-22,feature_use
U00223,2024-09-01,feature_use
U00223,2024-08-26,login
U00223,2024-03-20,support_ticket
U00223,2024-07-23,feature_use
U00223,2024-01-20,login
U00223,2024-06-18,feature_use
U00223,2024-11-26,login
U00223,2024-07-30,feature_use
U00223,2024-01-15,feature_use
U00223,2024-12-11,login
U00223,2024-03-25,support_ticket
U00223,2024-04-11,login
U00223,2024-02-25,login
U00223,2024-07-26,feature_use
U00223,2024-03-24,feature_use
U00223,2024-06-28,login
U00223,2024-01-19,feature_use
U00223,2024-07-26,login
U00223,2024-06-11,support_ticket
U00223,2024-05-29,login
U00223,2024-04-14,feature_use
U00223,2024-11-13,support_ticket
U00223,2024-09-19,feature_use
U00223,2024-08-17,login
U00223,2024-09-13,support_ticket
U00223,2024-02-07,feature_use
U00224,2022-06-04,feature_use
U00224,2024-03-19,feature_use
U00224,2023-12-10,feature_use
U00224,2022-08-19,login
U00224,2023-09-10,feature_use
U00224,2024-06-27,login
U00224,2023-05-28,feature_use
U00224,2022-04-10,feature_use
U00224,2024-01-03,login
U00224,2023-03-09,support_ticket
U00224,2023-02-09,support_ticket
U00225,2023-09-25,support_ticket
U00225,2022-11-14,support_ticket
U00225,2022-11-22,support_ticket
U00225,2023-04-27,feature_use
U00225,2024-07-24,feature_use
U00225,2024-10-16,support_ticket
U00225,2024-12-13,login
U00225,2023-07-26,support_ticket
U00225,2023-11-09,login
U00225,2022-07-31,feature_use
U00225,2023-07-26,feature_use
U00225,2023-03-22,login
U00225,2023-06-12,support_ticket
U00225,2023-03-09,feature_use
U00225,2024-04-22,feature_use
U00225,2024-09-25,feature_use
U00225,2024-02-01,feature_use
U00225,2024-02-24,feature_use
U00225,2024-06-27,login
U00225,2022-11-20,feature_use
U00225,2024-09-20,support_ticket
U00225,2024-02-19,login
U00225,2024-07-07,support_ticket
U00225,2024-03-28,login
U00225,2024-10-22,login
U00225,2023-11-25,support_ticket
U00225,2023-11-06,login
U00225,2023-05-29,support_ticket
U00225,2024-12-30,login
U00225,2023-08-10,login
U00225,2024-04-11,feature_use
U00225,2022-10-04,support_ticket
U00225,2023-11-27,feature_use
U00225,2024-03-21,support_ticket
U00225,2023-04-11,login
U00225,2023-10-16,feature_use
U00225,2024-09-16,login
U00225,2024-09-30,feature_use
U00225,2024-07-10,login
U00225,2023-07-20,login
U00225,2023-11-10,login
U00225,2023-02-26,support_ticket
U00225,2022-07-16,feature_use
U00225,2023-07-12,support_ticket
U00226,2024-04-24,login
U00226,2022-09-10,feature_use
U00226,2023-11-18,feature_use
U00226,2024-07-21,support_ticket
U00226,2022-04-14,support_ticket
U00226,2022-03-21,support_ticket
U00226,2024-07-22,login
U00226,2022-10-27,support_ticket
U00226,2021-07-03,support_ticket
U00226,2022-04-04,support_ticket
U00226,2023-12-28,feature_use
U00226,2022-07-22,feature_use
U00226,2023-07-15,support_ticket
U00226,2021-03-23,feature_use
U00226,2022-08-17,login
U00226,2021-12-21,feature_use
U00226,2021-04-21,login
U00226,2024-10-25,support_ticket
U00226,2023-07-12,login
U00226,2023-03-25,feature_use
U00226,2021-12-28,feature_use
U00226,2024-09-02,feature_use
U00226,2024-04-11,login
U00226,2024-06-29,feature_use
U00226,2022-12-04,login
U00226,2022-09-12,feature_use
U00226,2022-09-17,login
U00226,2024-07-25,feature_use
U00226,2022-10-05,login
U00226,2024-06-14,login
U00226,2022-12-22,login
U00226,2021-11-09,login
U00226,2022-12-29,support_ticket
U00226,2023-11-03,feature_use
U00226,2021-12-16,feature_use
U00227,2024-12-10,login
U00227,2024-12-20,feature_use
U00227,2024-12-22,feature_use
U00227,2024-11-20,login
U00227,2024-11-11,support_ticket
U00227,2024-10-05,support_ticket
U00227,2024-11-06,feature_use
U00227,2024-12-12,support_ticket
U00227,2024-10-06,support_ticket
U00227,2024-10-08,support_ticket
U00227,2024-12-31,support_ticket
U00227,2024-10-17,feature_use
U00227,2024-10-09,login
U00227,2024-10-18,login
U00227,2024-10-14,support_ticket
U00227,2024-10-21,support_ticket
U00227,2024-10-31,login
U00227,2024-11-16,feature_use
U00227,2024-11-13,login
U00227,2024-11-22,feature_use
U00227,2024-10-09,feature_use
U00227,2024-11-21,support_ticket
U00227,2024-10-08,support_ticket
U00227,2024-11-23,support_ticket
U00227,2024-11-20,support_ticket
U00227,2024-10-20,support_ticket
U00227,2024-10-12,login
U00227,2024-11-27,login
U00227,2024-10-15,feature_use
U00228,2023-04-09,login
U00228,2022-01-23,login
U00228,2023-03-11,feature_use
U00228,2022-03-01,login
U00228,2023-02-26,login
U00228,2022-10-13,login
U00228,2024-09-25,feature_use
U00228,2023-09-27,feature_use
U00228,2024-02-23,login
U00228,2024-10-14,feature_use
U00228,2024-09-08,login
U00228,2024-04-02,support_ticket
U00228,2022-04-23,login
U00228,2023-01-18,support_ticket
U00228,2022-02-16,login
U00228,2023-03-20,support_ticket
U00228,2024-09-06,login
U00228,2023-11-20,support_ticket
U00228,2022-05-19,support_ticket
U00229,2024-11-05,login
U00229,2024-10-07,login
U00229,2024-08-05,support_ticket
U00229,2024-06-29,support_ticket
U00229,2024-12-04,feature_use
U00229,2024-09-04,support_ticket
U00229,2024-10-01,support_ticket
U00229,2024-10-05,login
U00229,2024-08-18,support_ticket
U00229,2024-09-01,feature_use
U00229,2024-08-17,feature_use
U00229,2024-09-02,feature_use
U00229,2024-07-28,support_ticket
U00229,2024-09-09,feature_use
U00229,2024-07-05,feature_use
U00229,2024-11-29,support_ticket
U00229,2024-12-16,support_ticket
U00229,2024-10-09,login
U00229,2024-08-14,login
U00229,2024-07-08,feature_use
U00229,2024-07-25,support_ticket
U00229,2024-08-19,login
U00229,2024-11-20,support_ticket
U00229,2024-09-12,support_ticket
U00229,2024-12-17,login
U00229,2024-11-26,feature_use
U00229,2024-09-28,feature_use
U00229,2024-07-11,support_ticket
U00230,2023-11-08,support_ticket
U00230,2023-12-01,login
U00230,2024-08-22,login
U00230,2024-01-29,login
U00230,2023-10-25,login
U00230,2024-02-22,login
U00230,2024-08-10,support_ticket
U00230,2024-04-18,support_ticket
U00230,2024-02-16,feature_use
U00230,2024-04-21,support_ticket
U00230,2023-09-03,feature_use
U00230,2024-07-21,support_ticket
U00230,2024-11-18,feature_use
U00230,2023-11-27,login
U00230,2024-12-08,login
U00230,2023-03-18,login
U00230,2024-12-11,login
U00230,2023-03-29,feature_use
U00230,2023-03-18,feature_use
U00230,2024-06-15,feature_use
U00230,2024-10-19,login
U00230,2023-06-25,login
U00230,2024-03-28,login
U00230,2023-09-29,feature_use
U00230,2024-04-02,login
U00230,2023-12-29,feature_use
U00230,2023-04-09,feature_use
U00230,2023-04-22,login
U00230,2024-01-21,login
U00230,2023-12-12,feature_use
U00230,2023-10-13,login
U00230,2024-12-28,support_ticket
U00230,2023-04-18,feature_use
U00230,2023-09-12,login
U00230,2023-07-11,login
U00230,2023-11-13,feature_use
U00230,2024-10-31,support_ticket
U00230,2024-10-08,feature_use
U00230,2023-12-19,login
U00230,2024-10-14,feature_use
U00230,2023-05-21,support_ticket
U00230,2023-08-21,login
U00230,2023-05-23,feature_use
U00230,2024-04-07,login
U00230,2023-04-25,feature_use
U00231,2024-11-17,feature_use
U00231,2024-10-11,login
U00231,2024-12-01,login
U00231,2024-12-12,login
U00231,2024-12-26,feature_use
U00231,2024-12-18,feature_use
U00231,2024-12-20,feature_use
U00231,2024-10-14,feature_use
U00231,2024-09-22,support_ticket
U00231,2024-10-23,login
U00231,2024-10-19,support_ticket
U00231,2024-11-15,login
U00231,2024-12-11,login
U00231,2024-11-30,feature_use
U00231,2024-11-29,support_ticket
U00231,2024-11-20,login
U00231,2024-12-19,support_ticket
U00231,2024-09-25,feature_use
U00231,2024-11-04,login
U00231,2024-12-04,feature_use
U00231,2024-11-16,feature_use
U00231,2024-11-27,login
U00231,2024-11-05,support_ticket
U00231,2024-11-05,support_ticket
U00231,2024-11-28,support_ticket
U00231,2024-10-07,feature_use
U00231,2024-12-22,support_ticket
U00231,2024-11-02,feature_use
U00231,2024-10-11,support_ticket
U00231,2024-11-09,feature_use
U00231,2024-11-17,feature_use
U00231,2024-12-26,feature_use
U00232,2024-12-13,support_ticket
U00232,2024-12-25,feature_use
U00232,2024-11-09,feature_use
U00232,2024-08-31,support_ticket
U00232,2024-10-12,login
U00232,2024-11-02,feature_use
U00232,2024-12-06,feature_use
U00232,2024-12-25,support_ticket
U00232,2024-09-20,login
U00232,2024-11-04,support_ticket
U00232,2024-09-15,support_ticket
U00232,2024-11-04,support_ticket
U00232,2024-09-18,support_ticket
U00232,2024-09-13,login
U00233,2024-09-12,login
U00233,2024-10-06,login
U00233,2024-12-29,support_ticket
U00233,2023-09-15,support_ticket
U00233,2023-11-18,support_ticket
U00233,2023-08-08,feature_use
U00233,2024-01-19,support_ticket
U00233,2024-03-23,support_ticket
U00233,2024-07-11,feature_use
U00233,2023-12-01,feature_use
U00233,2024-08-20,support_ticket
U00233,2024-09-11,support_ticket
U00233,2024-09-09,login
U00233,2024-07-28,support_ticket
U00233,2024-09-24,support_ticket
U00233,2023-11-20,login
U00233,2024-11-10,login
U00233,2024-02-12,support_ticket
U00233,2023-08-04,support_ticket
U00233,2023-11-22,feature_use
U00233,2023-12-29,login
U00233,2024-06-12,login
U00233,2024-09-22,feature_use
U00233,2024-03-05,support_ticket
U00233,2023-11-10,login
U00233,2023-08-28,login
U00233,2023-09-04,feature_use
U00233,2023-12-05,login
U00233,2024-02-10,support_ticket
U00233,2023-10-16,login
U00233,2024-04-19,feature_use
U00233,2023-12-03,feature_use
U00233,2024-08-04,support_ticket
U00233,2024-09-19,login
U00233,2024-06-06,feature_use
U00233,2024-09-04,feature_use
U00233,2024-03-04,feature_use
U00233,2024-10-15,support_ticket
U00233,2024-12-05,support_ticket
U00233,2023-09-15,support_ticket
U00233,2024-12-19,login
U00233,2024-12-27,feature_use
U00233,2024-07-28,login
U00233,2024-04-21,support_ticket
U00233,2024-11-30,feature_use
U00233,2023-11-12,feature_use
U00233,2024-07-28,support_ticket
U00233,2024-12-18,login
U00233,2024-08-27,login
U00234,2024-08-02,login
U00234,2023-10-16,feature_use
U00234,2023-12-25,login
U00234,2022-09-09,login
U00234,2024-06-27,support_ticket
U00234,2024-03-24,login
U00234,2023-09-25,feature_use
U00234,2024-07-23,feature_use
U00234,2023-02-19,support_ticket
U00234,2023-10-10,login
U00234,2023-05-13,feature_use
U00234,2024-01-03,support_ticket
U00234,2024-11-08,feature_use
U00234,2023-01-24,support_ticket
U00234,2023-08-11,login
U00234,2022-06-27,support_ticket
U00234,2022-10-26,support_ticket
U00234,2024-11-16,support_ticket
U00234,2024-08-24,login
U00234,2023-11-17,feature_use
U00234,2022-08-26,support_ticket
U00234,2022-12-19,feature_use
U00234,2023-03-25,support_ticket
U00234,2024-01-16,feature_use
U00234,2024-09-14,support_ticket
U00234,2024-04-16,support_ticket
U00234,2022-08-05,feature_use
U00234,2024-02-06,login
U00234,2024-05-31,support_ticket
U00234,2023-11-01,login
U00234,2024-12-26,feature_use
U00234,2023-04-13,login
U00234,2022-07-27,feature_use
U00234,2024-02-22,feature_use
U00234,2023-08-27,login
U00234,2024-05-20,login
U00235,2023-04-21,feature_use
U00235,2024-11-29,login
U00235,2022-03-21,feature_use
U00235,2023-03-06,feature_use
U00235,2022-06-07,feature_use
U00235,2023-03-19,login
U00235,2024-02-04,support_ticket
U00235,2024-12-14,login
U00235,2024-09-05,support_ticket
U00236,2023-03-06,login
U00236,2023-04-14,login
U00236,2024-12-20,support_ticket
U00236,2024-06-21,login
U00236,2024-02-14,feature_use
U00236,2023-12-03,support_ticket
U00236,2024-02-06,login
U00236,2024-11-17,support_ticket
U00236,2024-11-02,feature_use
U00236,2024-09-03,support_ticket
U00236,2023-03-11,feature_use
U00236,2024-03-22,login
U00237,2024-08-02,support_ticket
U00237,2024-07-19,login
U00237,2023-07-19,login
U00237,2024-02-07,support_ticket
U00237,2024-05-14,feature_use
U00237,2024-06-27,support_ticket
U00237,2024-01-18,login
U00237,2023-09-14,login
U00237,2023-10-26,login
U00237,2024-12-18,login
U00237,2023-12-01,feature_use
U00237,2024-11-23,feature_use
U00237,2024-12-04,feature_use
U00237,2024-09-14,login
U00237,2023-11-19,support_ticket
U00237,2024-07-10,login
U00237,2024-12-07,login
U00237,2024-01-06,login
U00237,2023-10-11,feature_use
U00237,2023-09-27,support_ticket
U00237,2024-06-17,login
U00237,2024-05-28,login
U00238,2024-09-28,login
U00238,2023-10-18,support_ticket
U00238,2024-07-27,feature_use
U00238,2024-06-16,support_ticket
U00238,2023-08-26,feature_use
U00238,2024-11-14,login
U00238,2024-02-01,login
U00238,2024-11-04,feature_use
U00238,2024-10-05,login
U00238,2023-11-26,support_ticket
U00238,2024-04-21,feature_use
U00238,2024-04-23,login
U00238,2023-10-11,login
U00238,2024-03-07,support_ticket
U00238,2024-07-11,support_ticket
U00238,2024-05-25,login
U00238,2023-11-04,support_ticket
U00238,2023-10-26,support_ticket
U00238,2023-11-04,login
U00238,2024-04-22,support_ticket
U00238,2023-09-28,support_ticket
U00238,2023-11-14,login
U00238,2024-07-07,feature_use
U00238,2024-10-24,support_ticket
U00238,2024-02-23,login
U00238,2024-10-18,feature_use
U00238,2024-03-17,login
U00238,2024-09-10,feature_use
U00238,2023-09-12,feature_use
U00238,2024-09-24,feature_use
U00238,2023-09-05,login
U00238,2024-07-30,support_ticket
U00238,2024-12-10,feature_use
U00238,2024-03-09,feature_use
U00238,2024-06-27,login
U00238,2024-09-08,login
U00238,2024-04-23,support_ticket
U00239,2024-08-05,support_ticket
U00239,2024-11-30,login
U00239,2024-05-12,support_ticket
U00239,2024-10-02,feature_use
U00239,2024-09-20,login
U00239,2024-08-18,support_ticket
U00239,2024-01-25,feature_use
U00239,2024-02-12,support_ticket
U00239,2024-02-22,support_ticket
U00239,2024-03-24,support_ticket
U00239,2024-01-30,feature_use
U00239,2024-05-31,feature_use
U00239,2024-06-01,feature_use
U00239,2024-12-07,feature_use
U00239,2024-06-13,support_ticket
U00239,2024-11-14,feature_use
U00239,2024-06-15,feature_use
U00239,2024-09-27,feature_use
U00239,2024-07-25,support_ticket
U00239,2024-11-06,support_ticket
U00239,2024-10-22,support_ticket
U00239,2024-11-14,support_ticket
U00239,2024-12-13,support_ticket
U00239,2024-03-20,feature_use
U00239,2024-06-30,login
U00239,2024-12-29,feature_use
U00239,2024-07-03,support_ticket
U00239,2024-09-30,support_ticket
U00239,2024-11-28,login
U00239,2024-05-17,support_ticket
U00239,2024-05-26,feature_use
U00239,2024-06-05,support_ticket
U00239,2024-09-28,login
U00239,2024-06-18,feature_use
U00239,2024-05-11,support_ticket
U00239,2024-04-16,feature_use
U00239,2024-06-14,login
U00240,2023-09-17,support_ticket
U00240,2023-05-31,feature_use
U00240,2022-12-31,support_ticket
U00240,2023-06-13,support_ticket
U00240,2024-02-08,login
U00240,2024-05-30,support_ticket
U00240,2024-10-02,login
U00240,2024-07-04,support_ticket
U00240,2023-02-01,login
U00240,2024-03-08,support_ticket
U00240,2023-04-10,support_ticket
U00240,2023-10-12,support_ticket
U00240,2023-02-27,login
U00240,2024-06-30,feature_use
U00240,2023-11-21,support_ticket
U00240,2022-09-29,login
U00240,2024-04-15,support_ticket
U00240,2024-09-18,feature_use
U00240,2024-01-18,login
U00240,2022-11-01,support_ticket
U00240,2024-06-21,support_ticket
U00240,2024-08-02,feature_use
U00240,2022-10-09,support_ticket
U00240,2024-07-12,feature_use
U00240,2023-04-23,login
U00240,2023-05-11,feature_use
U00241,2022-09-29,support_ticket
U00241,2023-10-20,support_ticket
U00241,2023-02-21,login
U00241,2022-08-27,support_ticket
U00241,2021-08-18,feature_use
U00241,2021-12-03,feature_use
U00241,2024-04-24,feature_use
U00241,2021-03-30,login
U00241,2022-04-14,feature_use
U00241,2024-01-01,feature_use
U00241,2024-04-24,support_ticket
U00241,2022-10-12,support_ticket
U00241,2024-05-29,feature_use
U00241,2022-05-05,feature_use
U00241,2021-07-06,feature_use
U00241,2024-09-30,feature_use
U00241,2024-07-25,login
U00241,2023-11-24,feature_use
U00241,2023-05-25,feature_use
U00241,2021-11-23,login
U00241,2022-03-29,login
U00241,2023-04-03,login
U00241,2021-06-16,login
U00241,2022-10-13,login
U00241,2024-04-20,support_ticket
U00241,2022-09-24,login
U00241,2021-10-06,support_ticket
U00241,2023-08-07,login
U00241,2021-06-13,support_ticket
U00241,2024-05-27,login
U00241,2021-04-13,login
U00241,2023-02-13,support_ticket
U00241,2022-10-12,feature_use
U00241,2023-08-21,login
U00241,2022-07-09,login
U00241,2024-09-10,support_ticket
U00241,2024-06-04,feature_use
U00241,2024-04-28,feature_use
U00241,2022-07-21,login
U00241,2021-05-10,support_ticket
U00241,2024-07-02,feature_use
U00241,2022-06-17,login
U00241,2023-05-17,login
U00241,2024-04-06,support_ticket
U00241,2021-04-28,login
U00241,2021-09-26,support_ticket
U00241,2024-09-01,feature_use
U00241,2023-12-14,login
U00241,2021-10-05,login
U00241,2023-07-04,login
U00242,2024-09-11,support_ticket
U00242,2023-01-18,login
U00242,2023-05-10,feature_use
U00242,2022-09-20,login
U00242,2023-06-17,support_ticket
U00242,2023-11-06,feature_use
U00242,2024-04-14,feature_use
U00242,2023-04-26,login
U00242,2022-09-06,login
U00242,2024-05-29,support_ticket
U00242,2024-08-10,feature_use
U00242,2022-12-17,support_ticket
U00242,2024-04-10,support_ticket
U00242,2024-04-01,login
U00242,2023-08-23,login
U00242,2024-11-15,feature_use
U00242,2024-01-15,feature_use
U00242,2022-03-27,feature_use
U00242,2024-12-18,support_ticket
U00242,2024-04-17,feature_use
U00243,2023-01-03,feature_use
U00243,2022-08-31,support_ticket
U00243,2022-04-16,support_ticket
U00243,2023-12-22,login
U00243,2024-02-14,login
U00243,2023-01-29,feature_use
U00243,2023-11-02,feature_use
U00243,2023-05-24,login
U00243,2023-06-27,login
U00243,2023-12-26,support_ticket
U00243,2024-06-27,login
U00243,2023-03-23,support_ticket
U00243,2022-03-21,feature_use
U00243,2021-12-23,feature_use
U00243,2023-10-16,feature_use
U00243,2023-12-29,login
U00243,2024-08-10,feature_use
U00243,2024-05-09,feature_use
U00243,2022-05-11,feature_use
U00243,2023-04-15,feature_use
U00243,2023-02-20,feature_use
U00243,2023-11-29,feature_use
U00243,2024-07-16,login
U00243,2022-10-20,login
U00243,2024-10-03,support_ticket
U00243,2024-10-31,login
U00243,2022-01-22,feature_use
U00243,2023-11-25,login
U00243,2023-02-20,login
U00243,2022-09-30,login
U00243,2024-12-15,login
U00243,2023-04-05,login
U00243,2024-10-19,feature_use
U00243,2024-05-24,login
U00243,2023-07-02,login
U00243,2024-04-19,feature_use
U00243,2022-11-24,login
U00243,2024-02-25,feature_use
U00243,2022-10-16,support_ticket
U00243,2022-03-25,login
U00243,2022-05-16,support_ticket
U00243,2022-02-23,support_ticket
U00243,2022-11-04,feature_use
U00244,2024-04-24,feature_use
U00244,2024-11-28,login
U00244,2023-12-26,login
U00244,2024-10-14,login
U00244,2024-07-01,support_ticket
U00244,2023-10-06,login
U00244,2024-09-26,login
U00244,2024-01-12,login
U00244,2024-05-27,login
U00244,2024-09-29,feature_use
U00244,2024-06-06,feature_use
U00244,2024-09-01,login
U00244,2023-11-14,support_ticket
U00244,2024-12-17,login
U00244,2023-12-31,login
U00244,2024-02-10,login
U00244,2024-09-23,feature_use
U00244,2024-05-16,login
U00244,2024-05-10,support_ticket
U00244,2024-11-28,login
U00244,2024-03-16,login
U00244,2023-11-21,login
U00244,2024-04-24,login
U00244,2024-11-03,login
U00244,2023-12-29,support_ticket
U00244,2024-10-28,feature_use
U00244,2024-06-16,feature_use
U00244,2024-04-20,login
U00244,2024-04-16,login
U00244,2024-08-25,login
U00244,2024-08-27,login
U00244,2023-11-18,support_ticket
U00244,2024-07-03,login
U00244,2023-10-01,feature_use
U00244,2023-11-05,login
U00244,2024-01-22,feature_use
U00244,2024-05-24,feature_use
U00244,2024-08-08,feature_use
U00244,2024-06-04,support_ticket
U00244,2024-09-02,feature_use
U00245,2023-07-13,support_ticket
U00245,2024-11-12,support_ticket
U00245,2023-03-20,support_ticket
U00245,2023-11-04,support_ticket
U00245,2024-07-27,support_ticket
U00245,2023-05-11,feature_use
U00245,2023-09-10,feature_use
U00245,2022-09-09,support_ticket
U00245,2024-08-17,feature_use
U00245,2022-07-30,login
U00245,2022-10-20,login
U00245,2023-11-27,feature_use
U00245,2024-08-01,feature_use
U00245,2022-07-19,support_ticket
U00245,2024-10-03,feature_use
U00245,2023-04-18,feature_use
U00245,2023-01-23,feature_use
U00245,2022-04-16,feature_use
U00245,2023-08-03,login
U00245,2024-04-29,login
U00245,2022-10-29,feature_use
U00245,2024-05-24,support_ticket
U00245,2024-04-29,login
U00245,2023-06-26,support_ticket
U00245,2024-06-09,support_ticket
U00245,2022-08-13,support_ticket
U00245,2024-06-12,feature_use
U00245,2023-05-02,login
U00245,2022-08-15,login
U00245,2024-09-30,login
U00245,2024-10-03,feature_use
U00245,2022-12-06,feature_use
U00245,2023-05-05,feature_use
U00245,2024-03-21,feature_use
U00245,2023-04-07,login
U00245,2023-07-10,login
U00245,2023-05-22,login
U00245,2022-11-29,login
U00246,2022-09-20,feature_use
U00246,2023-06-27,login
U00246,2023-06-02,feature_use
U00246,2024-12-26,feature_use
U00246,2024-12-03,support_ticket
U00246,2024-11-18,feature_use
U00246,2022-08-27,support_ticket
U00246,2023-04-06,feature_use
U00246,2024-09-26,support_ticket
U00246,2023-12-25,feature_use
U00246,2022-07-20,feature_use
U00246,2022-08-17,feature_use
U00246,2023-05-14,login
U00246,2023-04-22,support_ticket
U00246,2022-11-25,login
U00246,2022-09-20,login
U00246,2024-07-10,support_ticket
U00246,2024-01-05,feature_use
U00246,2022-08-09,login
U00246,2023-11-12,login
U00246,2024-03-15,support_ticket
U00246,2023-06-24,login
U00246,2023-09-11,feature_use
U00246,2023-05-17,support_ticket
U00246,2023-09-23,feature_use
U00246,2024-03-06,feature_use
U00246,2023-03-27,feature_use
U00246,2022-07-31,support_ticket
U00246,2024-01-29,login
U00246,2024-11-29,feature_use
U00246,2024-07-24,feature_use
U00246,2023-08-26,support_ticket
U00246,2022-07-16,support_ticket
U00246,2024-08-15,support_ticket
U00246,2024-06-24,support_ticket
U00246,2024-01-09,support_ticket
U00246,2022-08-16,login
U00246,2024-09-30,feature_use
U00246,2023-05-13,support_ticket
U00246,2024-06-09,feature_use
U00246,2024-06-27,support_ticket
U00246,2024-03-20,feature_use
U00246,2022-11-03,login
U00246,2024-07-28,login
U00246,2022-09-12,support_ticket
U00247,2024-08-03,feature_use
U00247,2024-07-20,login
U00247,2024-06-05,feature_use
U00247,2024-05-28,login
U00247,2024-07-13,feature_use
U00247,2024-10-17,login
U00247,2024-09-08,login
U00247,2024-09-11,support_ticket
U00247,2024-10-17,feature_use
U00247,2024-07-17,login
U00247,2024-06-10,login
U00247,2024-12-30,login
U00247,2024-07-31,support_ticket
U00247,2024-09-25,login
U00247,2024-07-20,feature_use
U00247,2024-07-06,support_ticket
U00247,2024-09-28,login
U00247,2024-06-14,support_ticket
U00247,2024-09-19,feature_use
U00247,2024-10-29,support_ticket
U00247,2024-08-28,feature_use
U00247,2024-07-30,support_ticket
U00247,2024-10-14,support_ticket
U00247,2024-12-19,support_ticket
U00247,2024-08-17,support_ticket
U00247,2024-11-11,feature_use
U00247,2024-10-06,login
U00247,2024-11-11,support_ticket
U00247,2024-12-24,support_ticket
U00248,2024-07-23,support_ticket
U00248,2023-03-17,support_ticket
U00248,2023-01-07,login
U00248,2021-10-07,feature_use
U00248,2024-05-08,feature_use
U00248,2023-06-26,support_ticket
U00248,2023-04-30,feature_use
U00248,2023-11-29,login
U00248,2024-12-16,feature_use
U00248,2023-02-01,login
U00248,2022-06-22,support_ticket
U00248,2022-11-23,login
U00248,2023-01-14,feature_use
U00248,2022-07-02,login
U00248,2024-09-06,support_ticket
U00248,2023-09-05,feature_use
U00248,2023-11-19,feature_use
U00248,2024-10-26,feature_use
U00248,2023-04-27,login
U00248,2023-01-01,login
U00248,2024-05-04,support_ticket
U00248,2022-01-05,feature_use
U00248,2021-12-17,feature_use
U00248,2023-12-02,feature_use
U00248,2022-07-04,feature_use
U00248,2024-04-18,login
U00248,2023-07-07,feature_use
U00248,2022-04-22,feature_use
U00248,2022-12-18,feature_use
U00248,2024-05-26,feature_use
U00248,2024-12-10,login
U00248,2023-12-01,feature_use
U00248,2022-12-17,feature_use
U00248,2023-01-03,support_ticket
U00248,2022-07-26,feature_use
U00248,2022-07-15,support_ticket
U00248,2023-06-23,support_ticket
U00248,2023-10-03,login
U00248,2022-03-17,login
U00248,2022-02-07,support_ticket
U00248,2021-09-09,login
U00248,2024-09-02,feature_use
U00249,2022-02-15,support_ticket
U00249,2022-06-17,login
U00249,2021-08-14,feature_use
U00249,2022-08-08,login
U00249,2022-05-10,feature_use
U00249,2023-08-31,support_ticket
U00249,2023-08-11,support_ticket
U00249,2024-10-24,login
U00249,2021-10-31,login
U00249,2023-05-06,feature_use
U00249,2022-03-02,login
U00249,2024-11-15,login
U00249,2021-10-29,support_ticket
U00249,2021-08-10,login
U00249,2022-07-24,feature_use
U00249,2024-05-10,login
U00249,2023-02-08,support_ticket
U00249,2023-03-29,support_ticket
U00249,2024-07-22,login
U00249,2023-03-15,login
U00249,2021-12-21,feature_use
U00249,2023-01-24,login
U00249,2024-06-29,login
U00249,2024-05-22,support_ticket
U00249,2022-11-11,support_ticket
U00249,2023-03-14,login
U00249,2023-10-24,feature_use
U00249,2022-07-09,support_ticket
U00249,2024-04-04,feature_use
U00249,2023-08-14,support_ticket
U00249,2023-04-29,feature_use
U00249,2023-11-09,feature_use
U00249,2022-12-04,feature_use
U00249,2023-06-09,login
U00249,2022-12-15,feature_use
U00249,2022-06-10,support_ticket
U00250,2022-11-07,login
U00250,2022-11-30,support_ticket
U00250,2023-01-29,login
U00250,2023-01-19,feature_use
U00250,2023-02-07,login
U00250,2024-10-10,login
U00250,2023-07-17,feature_use
U00250,2024-09-04,feature_use
U00250,2024-05-16,login
U00250,2024-10-05,feature_use
U00250,2023-12-20,feature_use
U00250,2023-02-03,support_ticket
U00250,2024-08-15,support_ticket
U00250,2024-04-18,support_ticket
U00251,2023-12-14,support_ticket
U00251,2023-09-10,feature_use
U00251,2024-12-10,login
U00251,2024-02-15,login
U00251,2024-03-14,login
U00251,2024-01-27,login
U00251,2023-03-30,login
U00251,2023-10-24,feature_use
U00251,2023-08-18,feature_use
U00251,2024-05-27,support_ticket
U00251,2024-03-21,support_ticket
U00251,2024-01-05,feature_use
U00251,2023-06-24,feature_use
U00251,2024-04-15,support_ticket
U00251,2023-12-27,support_ticket
U00251,2023-08-15,login
U00251,2023-07-26,feature_use
U00251,2024-04-08,login
U00251,2024-06-20,feature_use
U00251,2023-07-09,login
U00251,2023-07-01,login
U00251,2024-07-17,support_ticket
U00251,2024-06-29,feature_use
U00251,2023-09-03,support_ticket
U00251,2023-08-11,feature_use
U00251,2023-03-19,login
U00251,2024-11-15,feature_use
U00251,2024-01-25,support_ticket
U00251,2024-02-24,feature_use
U00251,2023-02-10,login
U00251,2024-06-16,support_ticket
U00251,2023-09-02,login
U00251,2023-07-09,feature_use
U00251,2024-12-13,support_ticket
U00251,2024-07-09,feature_use
U00251,2024-08-04,feature_use
U00251,2024-08-02,support_ticket
U00251,2024-10-27,support_ticket
U00251,2023-08-28,feature_use
U00251,2023-03-20,feature_use
U00251,2024-10-05,support_ticket
U00251,2023-12-02,support_ticket
U00252,2022-05-13,feature_use
U00252,2023-12-24,login
U00252,2024-05-25,support_ticket
U00252,2022-06-19,feature_use
U00252,2024-06-14,feature_use
U00252,2023-05-29,feature_use
U00252,2023-05-13,feature_use
U00252,2023-08-07,feature_use
U00252,2022-05-01,login
U00252,2023-07-16,feature_use
U00252,2023-08-08,login
U00252,2023-05-26,login
U00252,2023-05-11,feature_use
U00252,2023-06-15,feature_use
U00252,2022-02-15,feature_use
U00252,2022-05-19,login
U00252,2023-08-25,support_ticket
U00252,2024-06-13,login
U00252,2024-12-04,support_ticket
U00252,2023-10-31,support_ticket
U00252,2022-05-26,feature_use
U00252,2023-04-24,support_ticket
U00252,2023-09-22,login
U00252,2023-06-06,feature_use
U00252,2023-12-15,login
U00252,2023-03-28,login
U00252,2024-07-09,login
U00252,2023-12-16,support_ticket
U00252,2023-06-28,feature_use
U00252,2022-03-25,login
U00252,2022-11-03,support_ticket
U00252,2023-07-24,login
U00252,2023-10-02,support_ticket
U00252,2023-07-22,feature_use
U00253,2024-12-12,login
U00253,2024-12-31,login
U00253,2024-12-08,login
U00253,2024-12-03,feature_use
U00253,2024-12-19,support_ticket
U00253,2024-12-20,support_ticket
U00253,2024-11-19,login
U00253,2024-11-24,login
U00253,2024-11-15,login
U00253,2024-11-19,feature_use
U00253,2024-11-26,login
U00253,2024-12-13,feature_use
U00253,2024-11-22,support_ticket
U00253,2024-12-19,feature_use
U00253,2024-12-17,login
U00254,2024-12-15,login
U00254,2024-12-20,login
U00254,2024-12-20,login
U00254,2024-12-22,login
U00254,2024-12-14,support_ticket
U00254,2024-11-29,support_ticket
U00254,2024-12-03,login
U00254,2024-12-08,login
U00254,2024-12-19,login
U00254,2024-12-31,support_ticket
U00254,2024-12-10,feature_use
U00254,2024-12-20,login
U00254,2024-12-19,feature_use
U00254,2024-12-25,login
U00254,2024-12-30,feature_use
U00254,2024-12-11,login
U00254,2024-12-10,support_ticket
U00254,2024-12-28,support_ticket
U00254,2024-12-02,support_ticket
U00254,2024-12-12,support_ticket
U00254,2024-12-29,support_ticket
U00254,2024-12-27,feature_use
U00254,2024-12-18,support_ticket
U00254,2024-12-21,login
U00254,2024-11-30,login
U00254,2024-12-26,login
U00254,2024-11-28,support_ticket
U00254,2024-12-20,login
U00254,2024-12-21,support_ticket
U00254,2024-12-19,feature_use
U00254,2024-11-28,feature_use
U00254,2024-12-27,login
U00254,2024-12-06,login
U00254,2024-12-31,support_ticket
U00254,2024-12-05,support_ticket
U00255,2024-09-12,feature_use
U00255,2024-10-02,support_ticket
U00255,2024-11-15,feature_use
U00255,2024-06-13,support_ticket
U00255,2024-12-07,login
U00255,2024-12-01,support_ticket
U00255,2024-08-03,login
U00255,2024-08-01,support_ticket
U00255,2024-12-10,feature_use
U00255,2024-07-28,login
U00255,2024-12-19,login
U00255,2024-05-28,feature_use
U00255,2024-10-31,login
U00256,2022-09-05,feature_use
U00256,2022-02-02,feature_use
U00256,2023-02-20,feature_use
U00256,2021-08-25,support_ticket
U00256,2023-04-10,login
U00256,2024-01-10,feature_use
U00256,2022-11-30,feature_use
U00256,2021-05-11,login
U00256,2022-10-30,feature_use
U00256,2022-04-08,support_ticket
U00256,2021-10-02,login
U00256,2024-03-05,support_ticket
U00256,2024-08-04,login
U00256,2023-04-07,login
U00256,2021-10-06,feature_use
U00256,2023-02-07,feature_use
U00256,2021-12-04,login
U00256,2024-06-18,login
U00256,2024-06-30,login
U00256,2022-07-13,login
U00256,2022-10-13,feature_use
U00256,2024-04-25,support_ticket
U00256,2021-09-05,support_ticket
U00256,2024-04-23,support_ticket
U00256,2024-04-17,feature_use
U00256,2024-04-30,support_ticket
U00256,2022-11-25,login
U00256,2023-06-30,login
U00256,2022-12-24,feature_use
U00256,2021-10-02,support_ticket
U00256,2023-02-06,feature_use
U00256,2021-07-10,login
U00256,2021-08-13,login
U00256,2024-07-12,login
U00256,2021-10-30,feature_use
U00256,2021-06-21,feature_use
U00256,2023-04-04,feature_use
U00256,2024-04-08,login
U00256,2022-09-18,login
U00256,2024-07-18,support_ticket
U00256,2022-08-15,login
U00256,2023-02-08,login
U00256,2022-04-09,support_ticket
U00256,2024-06-03,support_ticket
U00256,2021-10-24,support_ticket
U00256,2021-04-29,feature_use
U00256,2022-06-16,support_ticket
U00256,2021-12-10,login
U00256,2024-02-02,login
U00257,2023-06-02,support_ticket
U00257,2024-11-13,feature_use
U00257,2023-12-06,feature_use
U00257,2024-12-08,login
U00257,2023-07-27,feature_use
U00257,2023-12-30,support_ticket
U00257,2024-06-28,login
U00257,2024-11-18,feature_use
U00257,2024-05-14,login
U00257,2024-07-15,support_ticket
U00257,2024-07-22,support_ticket
U00257,2024-03-17,feature_use
U00257,2024-02-07,support_ticket
U00257,2023-10-02,support_ticket
U00257,2024-07-31,feature_use
U00257,2024-10-18,login
U00257,2023-09-22,feature_use
U00257,2023-12-09,support_ticket
U00257,2024-02-11,support_ticket
U00257,2023-10-06,support_ticket
U00257,2023-12-02,support_ticket
U00257,2023-09-27,support_ticket
U00257,2024-02-06,login
U00257,2023-07-08,login
U00257,2024-02-07,support_ticket
U00257,2023-07-14,support_ticket
U00257,2023-08-09,support_ticket
U00257,2024-07-05,login
U00257,2024-01-06,feature_use
U00257,2023-09-20,support_ticket
U00257,2023-05-30,support_ticket
U00258,2024-11-04,login
U00258,2024-12-31,support_ticket
U00258,2023-11-10,feature_use
U00258,2023-12-27,feature_use
U00258,2024-02-16,feature_use
U00258,2024-01-15,login
U00258,2024-11-07,support_ticket
U00258,2024-12-09,login
U00258,2024-05-09,feature_use
U00258,2024-05-31,feature_use
U00258,2024-10-05,support_ticket
U00258,2024-10-16,feature_use
U00258,2024-06-17,support_ticket
U00258,2024-02-14,support_ticket
U00258,2024-01-16,login
U00258,2024-05-20,feature_use
U00258,2024-02-07,support_ticket
U00258,2024-10-07,login
U00259,2024-09-22,feature_use
U00259,2024-07-31,login
U00259,2024-01-24,login
U00259,2024-07-27,feature_use
U00259,2023-10-20,login
U00259,2023-07-11,support_ticket
U00259,2024-08-22,support_ticket
U00259,2024-03-02,login
U00259,2024-07-07,login
U00259,2024-02-29,login
U00259,2024-02-25,feature_use
U00259,2023-11-08,feature_use
U00259,2023-05-25,feature_use
U00259,2024-11-03,login
U00259,2024-12-31,feature_use
U00259,2024-05-01,feature_use
U00259,2023-12-26,feature_use
U00259,2023-12-02,support_ticket
U00259,2024-02-17,feature_use
U00259,2024-06-13,feature_use
U00259,2023-10-22,feature_use
U00259,2023-12-22,feature_use
U00259,2023-09-24,login
U00259,2024-01-06,support_ticket
U00259,2024-09-19,feature_use
U00259,2023-12-21,support_ticket
U00259,2024-10-13,support_ticket
U00259,2023-10-06,login
U00259,2024-02-09,support_ticket
U00259,2024-05-24,support_ticket
U00259,2024-01-26,support_ticket
U00259,2023-08-20,feature_use
U00259,2024-10-20,feature_use
U00259,2024-06-27,login
U00259,2023-07-14,support_ticket
U00259,2023-08-28,login
U00260,2024-02-20,login
U00260,2024-12-27,support_ticket
U00260,2024-11-30,login
U00260,2024-10-27,support_ticket
U00260,2023-06-10,login
U00260,2023-06-27,feature_use
U00260,2024-12-25,feature_use
U00260,2024-05-21,login
U00260,2024-10-11,login
U00260,2023-12-15,login
U00260,2024-04-15,support_ticket
U00260,2024-08-15,feature_use
U00260,2024-03-11,support_ticket
U00260,2023-12-28,support_ticket
U00260,2024-07-22,support_ticket
U00260,2024-06-06,login
U00260,2024-06-30,feature_use
U00260,2023-12-24,login
U00260,2024-05-04,login
U00260,2024-05-16,feature_use
U00260,2024-10-01,login
U00260,2024-12-03,feature_use
U00260,2024-10-23,login
U00261,2023-08-16,support_ticket
U00261,2023-10-17,login
U00261,2023-12-18,login
U00261,2024-09-23,login
U00261,2024-02-25,feature_use
U00261,2024-09-25,support_ticket
U00261,2023-10-13,login
U00261,2024-10-24,support_ticket
U00261,2023-12-16,login
U00261,2024-03-06,login
U00261,2024-08-13,login
U00261,2023-09-06,feature_use
U00261,2023-08-11,support_ticket
U00261,2024-09-21,login
U00261,2024-05-13,support_ticket
U00261,2024-11-02,login
U00261,2023-11-03,feature_use
U00261,2024-03-29,support_ticket
U00261,2023-11-29,login
U00261,2024-04-12,support_ticket
U00261,2024-04-02,login
U00261,2024-11-29,support_ticket
U00261,2024-05-09,support_ticket
U00261,2024-01-18,support_ticket
U00261,2023-08-06,feature_use
U00261,2024-03-08,feature_use
U00261,2024-07-03,login
U00261,2023-10-29,support_ticket
U00261,2024-03-21,support_ticket
U00261,2024-05-10,login
U00261,2024-10-10,support_ticket
U00261,2024-07-22,feature_use
U00262,2022-11-28,login
U00262,2022-07-14,support_ticket
U00262,2022-02-08,support_ticket
U00262,2023-07-13,login
U00262,2022-12-14,login
U00262,2023-04-20,support_ticket
U00262,2022-03-29,support_ticket
U00262,2022-12-29,login
U00262,2023-02-28,login
U00262,2022-09-24,feature_use
U00262,2024-07-27,login
U00262,2024-07-04,login
U00262,2022-09-28,login
U00262,2022-08-25,support_ticket
U00262,2023-02-18,feature_use
U00262,2023-09-01,support_ticket
U00262,2024-05-29,login
U00262,2022-05-05,login
U00262,2024-08-23,feature_use
U00262,2022-01-11,login
U00262,2024-02-02,login
U00262,2024-12-22,login
U00262,2024-05-05,login
U00262,2022-06-18,login
U00262,2023-03-05,login
U00262,2022-11-06,feature_use
U00262,2022-08-06,feature_use
U00262,2023-04-10,support_ticket
U00262,2022-12-02,feature_use
U00262,2024-11-26,support_ticket
U00262,2024-12-18,support_ticket
U00262,2023-11-02,feature_use
U00262,2022-11-14,support_ticket
U00263,2024-05-14,support_ticket
U00263,2023-02-13,feature_use
U00263,2023-09-16,login
U00263,2024-03-24,feature_use
U00263,2023-04-19,feature_use
U00263,2023-03-31,support_ticket
U00263,2023-02-12,support_ticket
U00263,2024-10-02,login
U00263,2023-01-24,feature_use
U00263,2023-05-06,feature_use
U00263,2024-09-06,support_ticket
U00263,2023-10-27,login
U00263,2024-12-19,support_ticket
U00263,2022-11-03,support_ticket
U00263,2022-11-14,login
U00263,2023-02-28,support_ticket
U00263,2024-06-24,support_ticket
U00263,2024-12-01,login
U00263,2024-02-01,feature_use
U00263,2023-08-16,support_ticket
U00263,2024-02-22,support_ticket
U00263,2024-08-01,login
U00263,2022-08-31,support_ticket
U00263,2023-01-08,support_ticket
U00263,2024-12-20,login
U00263,2024-10-03,login
U00263,2023-03-11,login
U00263,2023-12-10,support_ticket
U00263,2024-01-15,login
U00263,2023-03-12,support_ticket
U00263,2024-01-24,login
U00263,2023-06-20,support_ticket
U00263,2024-01-09,login
U00263,2023-03-30,feature_use
U00263,2023-06-13,support_ticket
U00263,2022-11-24,login
U00263,2022-08-22,feature_use
U00263,2023-11-22,login
U00263,2022-11-28,login
U00264,2024-08-08,login
U00264,2024-06-09,login
U00264,2024-08-02,feature_use
U00264,2023-10-24,feature_use
U00264,2024-09-21,support_ticket
U00264,2024-06-23,login
U00264,2024-09-29,feature_use
U00264,2024-05-10,login
U00264,2024-08-31,feature_use
U00264,2024-11-24,feature_use
U00264,2023-10-03,login
U00264,2024-10-13,login
U00264,2024-10-21,login
U00264,2024-10-18,support_ticket
U00264,2024-09-05,login
U00264,2024-12-02,support_ticket
U00264,2023-10-03,login
U00264,2024-03-01,login
U00264,2024-10-09,support_ticket
U00264,2024-11-04,support_ticket
U00264,2024-07-13,login
U00264,2023-10-30,support_ticket
U00264,2023-12-24,feature_use
U00264,2024-11-03,login
U00264,2024-04-29,support_ticket
U00264,2024-08-14,feature_use
U00264,2023-10-17,support_ticket
U00264,2024-10-05,support_ticket
U00264,2023-10-01,support_ticket
U00264,2023-12-03,feature_use
U00264,2024-02-25,feature_use
U00264,2024-08-27,login
U00264,2024-10-28,support_ticket
U00264,2024-08-13,feature_use
U00264,2024-10-07,feature_use
U00264,2024-01-29,login
U00264,2023-10-31,support_ticket
U00264,2024-11-07,login
U00264,2024-07-21,support_ticket
U00264,2024-07-09,support_ticket
U00264,2024-05-19,feature_use
U00264,2024-05-26,support_ticket
U00264,2024-12-27,login
U00264,2023-12-04,login
U00264,2024-11-13,feature_use
U00264,2024-05-31,support_ticket
U00264,2024-10-25,login
U00264,2024-02-25,feature_use
U00264,2024-05-15,login
U00265,2024-08-17,feature_use
U00265,2024-05-04,login
U00265,2024-09-28,login
U00265,2024-04-28,support_ticket
U00265,2024-07-03,login
U00265,2024-08-02,feature_use
U00265,2024-10-07,feature_use
U00265,2024-05-20,feature_use
U00265,2024-10-30,support_ticket
U00265,2024-07-07,support_ticket
U00265,2024-06-05,feature_use
U00265,2024-08-02,support_ticket
U00265,2024-05-29,login
U00265,2024-08-11,login
U00265,2024-11-18,feature_use
U00265,2024-09-05,login
U00265,2024-07-19,feature_use
U00265,2024-10-14,login
U00265,2024-07-30,feature_use
U00265,2024-11-24,login
U00265,2024-11-14,support_ticket
U00265,2024-08-02,support_ticket
U00265,2024-05-08,support_ticket
U00265,2024-10-27,login
U00265,2024-10-05,feature_use
U00265,2024-05-11,feature_use
U00265,2024-06-20,login
U00265,2024-08-11,support_ticket
U00265,2024-12-03,support_ticket
U00265,2024-09-17,feature_use
U00265,2024-10-03,feature_use
U00265,2024-11-15,login
U00265,2024-11-11,support_ticket
U00265,2024-11-13,support_ticket
U00265,2024-12-27,support_ticket
U00265,2024-06-14,login
U00265,2024-05-14,login
U00266,2024-08-16,login
U00266,2024-12-23,login
U00266,2024-10-20,feature_use
U00266,2023-01-31,support_ticket
U00266,2022-09-22,support_ticket
U00266,2024-12-10,support_ticket
U00266,2024-06-12,login
U00266,2023-02-09,support_ticket
U00266,2024-06-06,feature_use
U00266,2024-10-11,support_ticket
U00266,2022-11-15,support_ticket
U00266,2023-09-15,feature_use
U00266,2024-11-04,login
U00266,2023-10-28,login
U00266,2023-06-09,support_ticket
U00266,2024-07-08,login
U00266,2023-11-10,support_ticket
U00266,2022-07-22,feature_use
U00266,2023-02-16,login
U00266,2022-10-23,support_ticket
U00266,2022-07-24,login
U00266,2024-04-30,feature_use
U00267,2024-05-10,support_ticket
U00267,2024-01-03,support_ticket
U00267,2024-05-22,feature_use
U00267,2024-05-12,login
U00267,2023-08-03,login
U00267,2024-09-14,support_ticket
U00267,2023-11-23,feature_use
U00267,2024-09-26,login
U00267,2023-10-27,feature_use
U00267,2024-03-26,login
U00267,2024-10-28,login
U00267,2024-08-15,feature_use
U00267,2024-08-15,login
U00267,2024-07-10,feature_use
U00267,2024-05-05,login
U00267,2024-01-20,feature_use
U00267,2024-03-03,support_ticket
U00267,2024-07-24,feature_use
U00267,2024-01-20,feature_use
U00267,2024-01-25,support_ticket
U00267,2023-08-05,support_ticket
U00267,2023-10-07,feature_use
U00267,2024-08-02,feature_use
U00267,2024-09-06,feature_use
U00267,2024-05-05,support_ticket
U00267,2024-12-11,login
U00267,2024-02-29,support_ticket
U00267,2023-11-01,feature_use
U00267,2024-03-16,support_ticket
U00267,2024-12-06,support_ticket
U00267,2024-01-11,feature_use
U00267,2024-06-16,support_ticket
U00267,2023-11-27,feature_use
U00267,2023-09-14,support_ticket
U00267,2024-06-25,login
U00267,2024-05-04,support_ticket
U00267,2023-09-09,feature_use
U00267,2024-03-13,login
U00267,2024-02-19,login
U00267,2024-07-10,login
U00267,2024-04-01,support_ticket
U00267,2024-05-30,support_ticket
U00267,2023-11-15,feature_use
U00267,2024-02-25,login
U00268,2024-04-28,login
U00268,2024-10-31,support_ticket
U00268,2024-11-06,support_ticket
U00268,2024-05-15,support_ticket
U00268,2024-04-06,support_ticket
U00268,2024-06-22,login
U00268,2024-04-28,support_ticket
U00268,2024-06-22,feature_use
U00268,2024-07-01,login
U00268,2024-10-06,support_ticket
U00268,2024-08-25,login
U00269,2024-04-07,login
U00269,2023-05-05,login
U00269,2024-11-03,support_ticket
U00269,2024-07-08,feature_use
U00269,2024-03-20,login
U00269,2024-06-02,support_ticket
U00269,2024-04-07,support_ticket
U00270,2023-10-14,login
U00270,2024-01-12,login
U00270,2024-12-03,login
U00270,2024-11-28,login
U00270,2024-08-05,login
U00270,2024-03-29,feature_use
U00270,2023-12-06,support_ticket
U00270,2023-12-14,support_ticket
U00270,2024-07-04,login
U00270,2024-02-12,support_ticket
U00270,2024-04-20,feature_use
U00270,2024-06-07,support_ticket
U00270,2024-10-03,feature_use
U00270,2024-02-22,support_ticket
U00270,2024-03-03,support_ticket
U00270,2023-12-10,support_ticket
U00270,2024-05-09,login
U00270,2024-08-22,support_ticket
U00270,2024-01-27,feature_use
U00270,2024-04-15,support_ticket
U00270,2024-11-18,feature_use
U00270,2023-12-17,login
U00270,2023-11-18,feature_use
U00270,2024-08-14,login
U00270,2024-11-26,login
U00270,2024-12-28,support_ticket
U00270,2024-09-01,support_ticket
U00270,2024-03-04,login
U00270,2024-07-12,feature_use
U00270,2024-02-02,login
U00270,2024-04-30,support_ticket
U00270,2024-06-10,feature_use
U00270,2024-12-12,login
U00270,2024-08-05,login
U00270,2024-10-31,feature_use
U00270,2024-01-17,login
U00270,2024-11-30,support_ticket
U00270,2023-12-29,login
U00271,2024-07-30,support_ticket
U00271,2023-12-10,login
U00271,2024-01-26,feature_use
U00271,2024-02-13,feature_use
U00271,2024-03-16,feature_use
U00271,2023-11-04,login
U00271,2024-02-03,login
U00271,2024-09-16,support_ticket
U00271,2024-12-07,support_ticket
U00271,2024-02-23,login
U00271,2024-06-18,support_ticket
U00271,2024-04-21,support_ticket
U00271,2023-10-17,feature_use
U00271,2024-08-13,login
U00271,2024-10-28,feature_use
U00271,2024-01-25,feature_use
U00271,2024-04-15,feature_use
U00271,2024-05-05,support_ticket
U00271,2023-10-19,support_ticket
U00271,2024-09-15,login
U00271,2023-11-24,support_ticket
U00271,2023-11-30,feature_use
U00271,2024-10-29,login
U00271,2023-10-17,login
U00271,2024-12-16,login
U00271,2024-06-18,login
U00271,2024-03-28,feature_use
U00271,2024-04-16,support_ticket
U00271,2023-11-10,login
U00271,2024-04-10,login
U00271,2024-09-10,feature_use
U00271,2023-11-02,feature_use
U00271,2024-10-11,login
U00271,2023-11-16,login
U00271,2024-10-23,login
U00271,2024-02-03,feature_use
U00271,2024-03-26,login
U00271,2024-11-17,feature_use
U00271,2024-06-12,support_ticket
U00271,2023-12-28,feature_use
U00271,2024-07-14,login
U00271,2024-05-31,support_ticket
U00271,2024-12-02,feature_use
U00272,2024-08-03,support_ticket
U00272,2024-04-03,login
U00272,2024-03-11,login
U00272,2023-12-03,feature_use
U00272,2023-04-07,support_ticket
U00272,2022-07-25,login
U00272,2023-02-16,feature_use
U00272,2024-12-17,support_ticket
U00272,2022-06-19,support_ticket
U00272,2023-09-15,login
U00272,2023-05-30,feature_use
U00272,2023-02-12,feature_use
U00272,2024-11-13,support_ticket
U00272,2023-12-29,support_ticket
U00272,2024-12-15,support_ticket
U00272,2022-10-31,feature_use
U00272,2022-07-31,login
U00272,2023-02-08,support_ticket
U00272,2023-07-02,support_ticket
U00272,2024-06-24,login
U00272,2022-08-07,login
U00272,2024-04-27,feature_use
U00272,2023-09-19,support_ticket
U00272,2024-05-24,login
U00272,2024-02-24,login
U00272,2023-11-15,feature_use
U00272,2024-01-13,support_ticket
U00272,2024-06-07,login
U00272,2024-09-13,feature_use
U00272,2023-04-02,support_ticket
U00272,2022-12-17,login
U00272,2024-06-14,feature_use
U00273,2024-10-01,login
U00273,2024-08-16,support_ticket
U00273,2024-11-01,support_ticket
U00273,2024-10-11,support_ticket
U00273,2024-08-20,support_ticket
U00273,2024-09-28,feature_use
U00273,2024-12-13,support_ticket
U00273,2024-07-19,support_ticket
U00273,2024-10-16,support_ticket
U00273,2024-11-15,support_ticket
U00273,2024-11-11,support_ticket
U00273,2024-10-25,support_ticket
U00273,2024-11-15,feature_use
U00273,2024-05-27,support_ticket
U00273,2024-07-19,login
U00273,2024-09-19,feature_use
U00273,2024-09-30,feature_use
U00273,2024-10-15,support_ticket
U00273,2024-07-07,login
U00273,2024-07-28,support_ticket
U00273,2024-05-31,feature_use
U00274,2023-11-11,feature_use
U00274,2024-04-01,support_ticket
U00274,2022-02-23,login
U00274,2022-02-14,login
U00274,2022-02-03,login
U00274,2022-09-15,login
U00275,2023-09-30,support_ticket
U00275,2024-08-14,login
U00275,2023-10-08,support_ticket
U00275,2021-08-11,support_ticket
U00275,2024-02-18,login
U00275,2023-09-18,support_ticket
U00275,2022-02-21,feature_use
U00275,2023-10-28,login
U00275,2023-12-17,login
U00275,2022-09-10,feature_use
U00275,2024-08-18,support_ticket
U00275,2022-10-05,support_ticket
U00275,2024-11-18,login
U00275,2023-04-23,support_ticket
U00275,2024-11-09,feature_use
U00275,2022-11-06,support_ticket
U00275,2022-04-04,support_ticket
U00275,2024-08-17,login
U00275,2023-01-29,login
U00275,2023-05-31,feature_use
U00275,2022-02-21,login
U00275,2024-08-27,support_ticket
U00275,2023-12-01,feature_use
U00275,2021-08-25,support_ticket
U00275,2022-04-22,feature_use
U00275,2024-10-16,feature_use
U00275,2024-07-14,support_ticket
U00275,2022-04-21,feature_use
U00275,2022-12-21,login
U00275,2024-07-26,feature_use
U00275,2024-09-10,feature_use
U00275,2023-05-31,feature_use
U00276,2023-06-26,login
U00276,2023-04-28,support_ticket
U00276,2024-08-18,feature_use
U00276,2023-07-22,support_ticket
U00276,2023-09-09,login
U00276,2024-10-05,feature_use
U00276,2024-11-18,feature_use
U00276,2023-08-14,feature_use
U00276,2023-10-26,feature_use
U00276,2024-05-25,support_ticket
U00276,2023-09-12,login
U00276,2024-12-04,feature_use
U00276,2024-09-15,feature_use
U00276,2023-05-24,login
U00276,2023-09-28,feature_use
U00276,2023-11-28,login
U00276,2023-04-19,support_ticket
U00276,2024-09-20,feature_use
U00276,2024-12-17,feature_use
U00276,2024-05-15,login
U00276,2023-06-08,login
U00276,2024-05-13,support_ticket
U00276,2023-11-05,login
U00276,2023-07-05,support_ticket
U00276,2023-10-27,support_ticket
U00276,2024-03-20,login
U00276,2023-06-01,login
U00276,2024-05-01,support_ticket
U00276,2023-06-09,support_ticket
U00276,2024-01-23,login
U00276,2024-02-07,support_ticket
U00276,2024-12-24,login
U00276,2024-03-07,login
U00276,2024-07-20,feature_use
U00276,2023-10-11,support_ticket
U00276,2024-09-28,login
U00276,2024-11-29,feature_use
U00276,2024-06-07,support_ticket
U00276,2023-09-07,login
U00276,2024-04-24,login
U00276,2024-01-24,feature_use
U00276,2023-04-30,feature_use
U00276,2024-07-07,feature_use
U00276,2024-12-16,feature_use
U00276,2024-05-17,login
U00277,2024-05-08,feature_use
U00277,2024-10-30,login
U00277,2024-05-20,feature_use
U00277,2024-06-27,feature_use
U00277,2024-03-25,login
U00277,2024-01-08,login
U00277,2023-04-25,login
U00277,2023-11-27,login
U00278,2024-12-31,feature_use
U00278,2024-12-28,login
U00278,2024-12-28,feature_use
U00278,2024-12-28,feature_use
U00278,2024-12-30,login
U00278,2024-12-29,login
U00278,2024-12-29,feature_use
U00278,2024-12-29,login
U00278,2024-12-29,feature_use
U00278,2024-12-30,support_ticket
U00278,2024-12-29,login
U00278,2024-12-30,feature_use
U00278,2024-12-28,feature_use
U00278,2024-12-28,feature_use
U00278,2024-12-28,login
U00278,2024-12-29,support_ticket
U00278,2024-12-28,login
U00278,2024-12-29,login
U00278,2024-12-31,login
U00278,2024-12-29,feature_use
U00278,2024-12-29,support_ticket
U00278,2024-12-30,login
U00278,2024-12-31,feature_use
U00278,2024-12-30,feature_use
U00278,2024-12-28,login
U00278,2024-12-29,feature_use
U00278,2024-12-28,support_ticket
U00278,2024-12-30,feature_use
U00278,2024-12-30,support_ticket
U00278,2024-12-28,support_ticket
U00278,2024-12-29,support_ticket
U00278,2024-12-30,login
U00278,2024-12-29,feature_use
U00278,2024-12-30,support_ticket
U00278,2024-12-28,login
U00278,2024-12-31,feature_use
U00279,2021-05-24,login
U00279,2023-08-19,login
U00279,2024-12-02,feature_use
U00279,2021-09-01,feature_use
U00279,2023-09-26,support_ticket
U00279,2021-09-14,login
U00279,2023-09-11,support_ticket
U00279,2023-11-25,support_ticket
U00279,2023-12-23,login
U00279,2022-02-22,login
U00279,2021-03-05,login
U00279,2024-09-05,login
U00279,2023-11-08,support_ticket
U00279,2024-02-08,login
U00279,2021-09-02,support_ticket
U00279,2022-03-08,feature_use
U00279,2024-01-04,feature_use
U00279,2022-01-22,support_ticket
U00279,2024-02-28,feature_use
U00279,2023-11-08,support_ticket
U00279,2024-12-12,support_ticket
U00279,2023-07-21,login
U00279,2023-06-27,login
U00280,2022-12-03,login
U00280,2024-08-14,support_ticket
U00280,2022-09-27,support_ticket
U00280,2024-02-25,feature_use
U00280,2023-05-22,login
U00280,2023-03-11,login
U00280,2023-11-06,feature_use
U00280,2024-12-06,support_ticket
U00280,2022-04-22,feature_use
U00280,2024-06-11,support_ticket
U00280,2023-11-22,support_ticket
U00280,2024-04-04,support_ticket
U00280,2023-06-11,feature_use
U00280,2024-02-25,login
U00280,2023-07-07,feature_use
U00280,2024-03-15,login
U00280,2023-05-16,feature_use
U00280,2022-11-26,feature_use
U00280,2023-09-11,login
U00280,2024-08-26,login
U00280,2023-04-07,login
U00280,2023-04-19,support_ticket
U00280,2022-08-24,login
U00280,2024-02-02,login
U00280,2022-09-30,login
U00280,2024-01-03,feature_use
U00280,2023-02-28,support_ticket
U00280,2022-09-09,login
U00280,2023-05-06,support_ticket
U00280,2024-09-09,support_ticket
U00280,2023-04-08,login
U00280,2024-06-02,feature_use
U00280,2023-10-03,feature_use
U00280,2024-11-13,login
U00280,2024-03-02,feature_use
U00280,2023-05-18,support_ticket
U00280,2022-08-30,support_ticket
U00280,2022-06-12,support_ticket
U00280,2024-01-25,login
U00281,2023-12-19,login
U00281,2023-04-14,support_ticket
U00281,2023-06-25,feature_use
U00281,2024-06-25,support_ticket
U00281,2022-06-23,support_ticket
U00281,2024-01-08,support_ticket
U00281,2024-07-13,support_ticket
U00281,2023-02-12,login
U00281,2023-07-28,support_ticket
U00282,2024-08-31,support_ticket
U00282,2024-04-14,login
U00282,2024-06-09,login
U00282,2024-09-22,login
U00282,2024-08-01,support_ticket
U00282,2024-11-13,support_ticket
U00282,2024-08-12,support_ticket
U00282,2024-09-02,support_ticket
U00282,2024-06-11,feature_use
U00282,2024-09-25,support_ticket
U00282,2024-12-24,support_ticket
U00282,2024-05-09,support_ticket
U00282,2024-05-19,feature_use
U00282,2024-09-30,feature_use
U00282,2024-12-21,feature_use
U00282,2024-04-24,support_ticket
U00282,2024-11-17,login
U00282,2024-10-05,login
U00282,2024-08-04,support_ticket
U00282,2024-10-28,feature_use
U00282,2024-10-22,feature_use
U00282,2024-07-15,support_ticket
U00282,2024-07-10,login
U00282,2024-11-23,feature_use
U00282,2024-10-17,login
U00282,2024-05-08,support_ticket
U00282,2024-11-28,feature_use
U00282,2024-12-14,feature_use
U00282,2024-06-21,support_ticket
U00282,2024-11-15,support_ticket
U00282,2024-12-16,support_ticket
U00282,2024-06-23,login
U00282,2024-09-16,support_ticket
U00282,2024-07-15,feature_use
U00282,2024-04-25,support_ticket
U00282,2024-09-15,support_ticket
U00282,2024-12-30,login
U00282,2024-10-27,support_ticket
U00282,2024-07-10,support_ticket
U00282,2024-08-05,feature_use
U00282,2024-05-02,support_ticket
U00282,2024-08-21,login
U00282,2024-10-07,feature_use
U00283,2024-12-21,feature_use
U00283,2024-09-28,support_ticket
U00283,2024-02-27,login
U00283,2024-04-11,login
U00283,2024-06-30,support_ticket
U00283,2024-05-08,support_ticket
U00283,2024-08-01,feature_use
U00283,2024-06-24,feature_use
U00283,2024-05-11,support_ticket
U00283,2024-08-27,feature_use
U00283,2024-12-07,feature_use
U00283,2024-05-18,login
U00283,2024-08-06,support_ticket
U00283,2024-07-07,login
U00283,2024-12-30,login
U00283,2024-12-28,login
U00283,2024-11-06,support_ticket
U00283,2024-11-28,feature_use
U00283,2024-08-26,login
U00283,2024-05-17,support_ticket
U00283,2024-11-27,login
U00283,2024-07-31,feature_use
U00283,2024-05-02,feature_use
U00283,2024-03-19,support_ticket
U00283,2024-07-24,login
U00283,2024-11-06,feature_use
U00283,2024-10-12,login
U00283,2024-08-01,feature_use
U00283,2024-05-03,support_ticket
U00284,2024-07-08,support_ticket
U00284,2024-01-03,support_ticket
U00284,2024-01-04,feature_use
U00284,2024-11-14,support_ticket
U00284,2024-06-03,login
U00284,2024-01-05,support_ticket
U00284,2023-09-07,support_ticket
U00284,2024-06-25,feature_use
U00284,2024-05-30,login
U00284,2024-10-04,support_ticket
U00284,2024-02-15,feature_use
U00284,2024-12-14,feature_use
U00284,2023-06-07,support_ticket
U00284,2024-04-14,feature_use
U00284,2024-03-11,feature_use
U00285,2022-12-29,login
U00285,2023-10-31,support_ticket
U00285,2024-09-20,login
U00285,2024-11-12,support_ticket
U00285,2024-08-03,login
U00285,2023-04-16,feature_use
U00285,2024-08-26,feature_use
U00285,2023-06-08,login
U00285,2023-07-13,support_ticket
U00285,2024-12-12,feature_use
U00285,2024-08-08,login
U00285,2023-09-23,login
U00285,2023-03-20,feature_use
U00285,2023-07-25,feature_use
U00285,2023-11-01,login
U00285,2023-11-20,feature_use
U00285,2024-03-30,login
U00285,2023-11-21,feature_use
U00285,2023-07-17,login
U00286,2024-10-05,login
U00286,2023-09-29,support_ticket
U00286,2023-04-27,feature_use
U00286,2024-01-20,support_ticket
U00286,2024-03-10,login
U00286,2023-05-21,feature_use
U00286,2023-12-22,feature_use
U00286,2022-11-05,login
U00286,2024-06-16,feature_use
U00286,2023-02-20,support_ticket
U00286,2024-07-09,login
U00286,2023-07-07,login
U00286,2022-10-26,feature_use
U00286,2023-03-20,feature_use
U00286,2023-10-17,support_ticket
U00286,2024-03-14,login
U00286,2024-09-01,support_ticket
U00286,2024-03-09,feature_use
U00287,2022-01-06,support_ticket
U00287,2022-06-01,feature_use
U00287,2021-09-18,feature_use
U00287,2023-09-14,login
U00287,2022-12-30,support_ticket
U00287,2024-08-18,support_ticket
U00287,2023-08-19,feature_use
U00287,2022-08-04,login
U00287,2023-07-14,support_ticket
U00287,2024-01-29,feature_use
U00287,2022-01-02,feature_use
U00287,2024-12-13,support_ticket
U00287,2024-01-03,feature_use
U00287,2024-09-12,feature_use
U00287,2023-03-31,feature_use
U00287,2022-08-14,login
U00287,2024-06-10,support_ticket
U00287,2023-07-28,support_ticket
U00287,2023-07-27,support_ticket
U00287,2023-03-31,support_ticket
U00287,2023-08-01,support_ticket
U00287,2024-12-22,feature_use
U00287,2023-09-19,feature_use
U00287,2023-04-17,login
U00287,2024-06-29,login
U00287,2023-05-21,support_ticket
U00287,2022-05-06,login
U00287,2024-01-29,feature_use
U00287,2021-10-27,login
U00287,2021-09-17,login
U00287,2021-12-01,login
U00287,2023-05-26,feature_use
U00287,2022-12-19,support_ticket
U00287,2022-12-24,login
U00287,2023-01-02,login
U00287,2022-04-30,feature_use
U00287,2023-06-16,login
U00287,2022-11-05,login
U00287,2023-06-30,feature_use
U00287,2024-05-16,login
U00288,2022-10-24,support_ticket
U00288,2024-01-21,support_ticket
U00288,2022-09-10,support_ticket
U00288,2022-03-26,feature_use
U00288,2023-05-16,feature_use
U00288,2024-08-01,support_ticket
U00288,2023-10-26,feature_use
U00288,2024-12-16,support_ticket
U00288,2024-06-02,login
U00288,2024-06-21,support_ticket
U00288,2022-11-30,feature_use
U00288,2024-03-09,support_ticket
U00288,2024-02-22,support_ticket
U00288,2023-04-24,support_ticket
U00288,2023-12-27,login
U00288,2021-09-15,login
U00288,2023-09-22,support_ticket
U00288,2022-08-11,feature_use
U00288,2023-04-14,login
U00288,2022-01-22,support_ticket
U00288,2022-11-23,login
U00288,2024-09-18,login
U00288,2022-06-02,login
U00288,2022-01-08,login
U00288,2022-10-16,support_ticket
U00288,2022-06-22,support_ticket
U00288,2021-09-16,support_ticket
U00288,2023-05-19,support_ticket
U00288,2022-03-10,login
U00288,2023-10-14,support_ticket
U00288,2021-09-18,login
U00288,2024-08-01,login
U00288,2023-12-31,feature_use
U00288,2024-05-31,login
U00288,2022-10-24,support_ticket
U00288,2024-10-08,feature_use
U00288,2023-08-09,login
U00288,2024-08-27,login
U00289,2024-04-21,support_ticket
U00289,2022-07-12,support_ticket
U00289,2024-08-05,login
U00289,2023-01-20,feature_use
U00289,2024-09-24,feature_use
U00289,2023-11-03,feature_use
U00289,2024-01-28,support_ticket
U00289,2023-07-13,feature_use
U00289,2022-10-19,feature_use
U00289,2022-11-27,support_ticket
U00289,2022-03-22,feature_use
U00289,2022-11-02,support_ticket
U00289,2022-07-18,support_ticket
U00289,2024-07-31,feature_use
U00289,2023-05-23,support_ticket
U00289,2022-08-12,feature_use
U00289,2022-05-03,support_ticket
U00289,2023-01-22,support_ticket
U00289,2024-07-03,login
U00289,2024-09-01,login
U00289,2022-05-24,feature_use
U00289,2023-03-31,login
U00289,2024-07-10,support_ticket
U00289,2023-04-04,support_ticket
U00289,2023-01-31,login
U00289,2023-11-13,login
U00289,2023-01-03,login
U00289,2023-03-29,support_ticket
U00289,2024-05-07,login
U00289,2022-08-09,support_ticket
U00289,2024-06-07,feature_use
U00289,2022-06-18,support_ticket
U00289,2023-09-27,login
U00289,2022-11-05,login
U00289,2022-12-22,feature_use
U00290,2024-03-23,support_ticket
U00290,2024-01-22,support_ticket
U00290,2024-11-30,support_ticket
U00290,2024-01-01,feature_use
U00290,2024-06-29,feature_use
U00290,2024-02-02,feature_use
U00290,2023-11-20,feature_use
U00290,2024-09-24,support_ticket
U00290,2024-05-13,support_ticket
U00290,2024-10-03,feature_use
U00290,2024-01-09,login
U00290,2024-11-05,feature_use
U00290,2024-02-14,login
U00290,2023-09-29,support_ticket
U00290,2024-03-07,feature_use
U00290,2024-12-05,feature_use
U00290,2024-07-10,feature_use
U00290,2024-07-27,support_ticket
U00290,2024-09-24,login
U00290,2023-12-20,feature_use
U00290,2024-07-24,support_ticket
U00290,2024-04-30,login
U00290,2023-12-23,support_ticket
U00290,2023-12-17,feature_use
U00290,2023-10-24,login
U00290,2023-10-17,feature_use
U00290,2024-01-23,support_ticket
U00290,2024-12-23,support_ticket
U00290,2024-05-15,support_ticket
U00290,2024-12-28,feature_use
U00290,2024-09-21,login
U00290,2024-01-06,feature_use
U00290,2024-09-15,feature_use
U00290,2023-11-28,support_ticket
U00290,2024-06-30,support_ticket
U00290,2024-01-21,login
U00290,2023-12-04,login
U00290,2024-11-07,support_ticket
U00290,2024-10-08,login
U00290,2023-11-26,feature_use
U00290,2024-04-09,support_ticket
U00290,2024-10-27,support_ticket
U00290,2024-12-03,login
U00290,2024-06-25,login
U00290,2023-12-16,login
U00290,2024-12-14,login
U00291,2024-11-02,support_ticket
U00291,2024-08-25,support_ticket
U00291,2024-11-15,support_ticket
U00291,2024-12-04,feature_use
U00291,2024-09-01,support_ticket
U00291,2024-08-29,support_ticket
U00291,2024-08-12,feature_use
U00291,2024-10-14,login
U00291,2024-10-16,support_ticket
U00291,2024-10-23,support_ticket
U00291,2024-12-02,feature_use
U00291,2024-10-09,support_ticket
U00291,2024-07-22,login
U00291,2024-06-21,support_ticket
U00291,2024-09-05,feature_use
U00291,2024-12-14,login
U00291,2024-11-12,login
U00291,2024-06-12,login
U00291,2024-07-02,feature_use
U00291,2024-06-21,feature_use
U00291,2024-10-04,login
U00292,2024-12-25,support_ticket
U00292,2023-06-27,login
U00292,2023-11-17,login
U00292,2023-07-24,login
U00292,2023-03-06,support_ticket
U00292,2024-03-09,login
U00292,2022-08-26,login
U00292,2024-05-22,support_ticket
U00292,2023-01-21,support_ticket
U00292,2024-03-25,support_ticket
U00292,2023-07-25,support_ticket
U00292,2022-08-27,login
U00292,2023-06-09,login
U00292,2023-12-05,feature_use
U00292,2024-06-02,support_ticket
U00292,2024-01-08,login
U00292,2022-09-30,support_ticket
U00292,2024-11-23,login
U00292,2022-08-08,support_ticket
U00292,2023-10-02,feature_use
U00292,2022-10-26,login
U00292,2024-07-06,support_ticket
U00292,2023-12-27,login
U00292,2024-04-17,login
U00292,2022-12-29,feature_use
U00292,2022-09-21,support_ticket
U00292,2023-01-04,support_ticket
U00292,2023-01-05,login
U00292,2023-03-03,login
U00292,2022-12-01,support_ticket
U00292,2024-07-20,feature_use
U00292,2023-09-26,feature_use
U00292,2024-09-11,support_ticket
U00292,2022-12-23,login
U00292,2022-11-28,support_ticket
U00292,2024-09-30,support_ticket
U00292,2024-06-22,login
U00292,2022-11-29,login
U00292,2023-08-29,feature_use
U00292,2022-11-18,login
U00292,2023-02-04,login
U00293,2024-05-23,support_ticket
U00293,2022-10-01,feature_use
U00293,2023-01-16,support_ticket
U00293,2023-08-16,support_ticket
U00293,2024-09-28,support_ticket
U00293,2024-10-16,feature_use
U00293,2023-05-11,login
U00293,2024-05-28,support_ticket
U00293,2024-09-15,login
U00293,2022-10-06,feature_use
U00293,2024-04-06,login
U00293,2023-11-14,feature_use
U00294,2023-03-05,support_ticket
U00294,2022-01-30,support_ticket
U00294,2023-01-04,feature_use
U00294,2023-09-12,support_ticket
U00294,2022-08-03,login
U00294,2023-08-03,login
U00294,2022-07-27,login
U00294,2023-08-08,login
U00294,2024-03-21,support_ticket
U00294,2024-12-12,login
U00294,2023-11-24,login
U00294,2023-11-02,login
U00294,2022-11-06,support_ticket
U00294,2023-08-13,feature_use
U00294,2022-09-23,login
U00294,2023-02-03,support_ticket
U00294,2024-01-24,feature_use
U00294,2024-02-21,login
U00294,2022-01-05,login
U00294,2023-12-11,login
U00294,2024-10-15,login
U00294,2022-07-21,login
U00294,2024-07-20,login
U00294,2022-10-20,feature_use
U00294,2023-01-28,feature_use
U00294,2024-01-08,support_ticket
U00295,2024-12-29,feature_use
U00295,2024-12-27,feature_use
U00295,2024-12-23,login
U00295,2024-12-21,feature_use
U00295,2024-12-22,support_ticket
U00295,2024-12-23,login
U00295,2024-12-23,feature_use
U00295,2024-12-21,feature_use
U00295,2024-12-22,feature_use
U00295,2024-12-30,login
U00295,2024-12-28,login
U00295,2024-12-29,feature_use
U00295,2024-12-25,login
U00295,2024-12-23,support_ticket
U00295,2024-12-30,login
U00295,2024-12-28,support_ticket
U00295,2024-12-22,feature_use
U00295,2024-12-27,support_ticket
U00295,2024-12-21,feature_use
U00295,2024-12-24,login
U00295,2024-12-23,feature_use
U00295,2024-12-29,support_ticket
U00295,2024-12-22,feature_use
U00295,2024-12-26,feature_use
U00295,2024-12-23,support_ticket
U00296,2024-05-03,login
U00296,2023-02-28,support_ticket
U00296,2024-07-12,feature_use
U00296,2022-08-18,login
U00296,2022-09-14,login
U00296,2022-08-02,support_ticket
U00296,2023-07-22,feature_use
U00296,2023-12-06,support_ticket
U00296,2024-09-09,support_ticket
U00296,2023-10-21,feature_use
U00296,2023-09-22,feature_use
U00296,2024-04-13,login
U00296,2023-07-30,feature_use
U00296,2024-03-11,support_ticket
U00296,2024-09-20,feature_use
U00296,2023-07-31,feature_use
U00296,2023-09-24,login
U00296,2023-03-25,feature_use
U00296,2023-11-19,login
U00296,2022-12-03,feature_use
U00296,2023-10-31,feature_use
U00296,2022-07-18,login
U00296,2022-08-30,support_ticket
U00296,2022-09-14,login
U00296,2024-10-09,support_ticket
U00296,2022-11-18,login
U00296,2023-02-13,login
U00296,2024-10-18,support_ticket
U00296,2024-10-04,feature_use
U00296,2024-02-03,login
U00296,2022-10-26,feature_use
U00296,2023-08-28,feature_use
U00296,2024-09-04,login
U00296,2023-11-28,login
U00296,2023-09-22,support_ticket
U00296,2022-08-28,support_ticket
U00296,2022-07-29,support_ticket
U00296,2022-10-23,support_ticket
U00296,2024-06-01,feature_use
U00296,2023-10-17,login
U00296,2022-12-14,support_ticket
U00296,2022-08-16,support_ticket
U00296,2022-11-03,feature_use
U00296,2024-07-06,login
U00296,2023-11-02,login
U00297,2024-10-25,login
U00297,2024-09-04,feature_use
U00297,2024-03-31,login
U00297,2024-03-06,feature_use
U00297,2024-06-04,feature_use
U00297,2024-03-19,login
U00297,2024-07-04,feature_use
U00297,2024-11-05,feature_use
U00297,2024-10-16,feature_use
U00297,2024-05-20,feature_use
U00297,2024-05-07,login
U00297,2024-05-18,login
U00297,2024-02-16,support_ticket
U00297,2024-09-17,login
U00297,2024-08-04,support_ticket
U00297,2024-11-04,support_ticket
U00297,2024-08-07,feature_use
U00298,2024-02-12,support_ticket
U00298,2023-02-17,feature_use
U00298,2021-11-15,login
U00298,2022-05-20,support_ticket
U00298,2021-09-27,feature_use
U00298,2022-10-28,support_ticket
U00298,2022-10-31,support_ticket
U00298,2023-12-19,login
U00298,2024-03-04,feature_use
U00298,2024-02-28,feature_use
U00298,2024-02-27,login
U00298,2022-02-24,feature_use
U00298,2024-12-27,login
U00298,2024-08-25,login
U00298,2022-06-26,support_ticket
U00298,2024-05-15,login
U00298,2021-11-20,login
U00298,2023-03-14,feature_use
U00298,2024-01-13,feature_use
U00298,2022-04-09,feature_use
U00298,2023-07-24,support_ticket
U00298,2021-11-06,login
U00298,2022-05-12,login
U00298,2024-03-19,support_ticket
U00298,2024-06-06,support_ticket
U00298,2024-04-30,login
U00298,2023-02-14,login
U00298,2021-10-26,support_ticket
U00298,2023-03-07,support_ticket
U00298,2023-01-12,support_ticket
U00298,2024-10-20,login
U00298,2024-11-11,support_ticket
U00299,2024-08-10,support_ticket
U00299,2022-08-01,support_ticket
U00299,2021-02-01,feature_use
U00299,2022-06-20,support_ticket
U00299,2021-06-09,feature_use
U00299,2022-01-13,login
U00299,2022-07-03,support_ticket
U00299,2024-06-25,support_ticket
U00299,2021-04-13,support_ticket
U00299,2022-09-27,support_ticket
U00299,2024-06-03,feature_use
U00299,2023-04-14,support_ticket
U00299,2024-01-14,feature_use
U00299,2024-08-26,login
U00299,2024-09-14,login
U00299,2022-03-08,feature_use
U00299,2024-05-18,feature_use
U00299,2024-11-29,login
U00299,2023-05-25,feature_use
U00299,2024-06-13,support_ticket
U00299,2022-09-17,login
U00299,2023-05-17,feature_use
U00299,2021-08-17,login
U00299,2022-04-13,feature_use
U00299,2022-09-05,login
U00299,2023-10-16,feature_use
U00299,2024-04-09,feature_use
U00299,2022-06-18,login
U00299,2022-01-17,feature_use
U00299,2023-07-09,login
U00299,2022-04-02,support_ticket
U00299,2024-12-06,support_ticket
U00299,2024-10-28,support_ticket
U00299,2024-05-28,feature_use
U00299,2024-05-03,support_ticket
U00299,2021-09-16,support_ticket
U00299,2023-07-28,login
U00299,2021-06-12,support_ticket
U00299,2022-07-20,login
U00299,2023-06-27,support_ticket
U00299,2021-11-07,login
U00299,2022-04-09,feature_use
U00299,2021-05-10,support_ticket
U00299,2023-08-27,support_ticket
U00299,2022-01-12,login
U00299,2021-07-27,feature_use
U00299,2021-05-18,login
U00299,2024-10-10,support_ticket
U00299,2024-10-07,login
U00299,2024-08-09,support_ticket
U00300,2023-12-30,login
U00300,2024-10-28,support_ticket
U00300,2024-12-15,login
U00300,2023-12-18,feature_use
U00300,2024-08-04,support_ticket
U00300,2024-09-07,support_ticket
U00300,2024-06-07,support_ticket
U00300,2024-06-19,support_ticket
U00300,2024-11-15,support_ticket
U00300,2024-04-05,login
U00300,2024-11-21,login
U00300,2023-10-01,feature_use
U00300,2024-12-24,login
U00300,2024-08-28,support_ticket
U00300,2024-05-03,support_ticket
U00300,2024-06-15,feature_use
U00300,2024-12-07,support_ticket
U00300,2024-05-06,login
U00300,2024-10-10,login
U00300,2024-12-28,support_ticket
U00300,2024-12-07,feature_use
U00300,2024-11-19,feature_use
U00300,2024-01-22,support_ticket
U00300,2023-10-29,login
U00300,2024-09-11,login
U00300,2024-04-07,feature_use
U00300,2024-05-13,support_ticket
U00300,2024-08-31,login
U00300,2024-06-07,feature_use
U00300,2024-12-29,support_ticket
U00300,2024-02-27,feature_use
U00300,2024-12-09,login
U00300,2024-05-22,login
U00300,2023-09-20,login
U00300,2023-12-30,support_ticket
U00300,2023-09-12,feature_use
U00300,2024-04-18,feature_use
U00300,2024-04-18,support_ticket
U00300,2023-10-06,login
U00300,2024-10-24,login
U00300,2024-03-01,support_ticket
U00300,2023-10-02,feature_use
U00300,2024-06-19,feature_use
U00300,2023-10-05,support_ticket
U00300,2024-07-27,login
U00301,2024-05-05,feature_use
U00301,2024-10-19,support_ticket
U00301,2023-09-01,login
U00301,2024-08-04,support_ticket
U00301,2024-02-05,support_ticket
U00301,2024-04-28,login
U00301,2024-03-17,support_ticket
U00301,2024-01-04,support_ticket
U00301,2024-10-15,feature_use
U00301,2024-10-09,support_ticket
U00301,2023-01-19,feature_use
U00301,2023-01-12,support_ticket
U00301,2023-11-27,login
U00301,2024-11-28,login
U00301,2023-08-20,login
U00302,2023-08-09,login
U00302,2023-05-31,feature_use
U00302,2022-07-17,feature_use
U00302,2024-12-09,support_ticket
U00302,2024-03-20,login
U00302,2022-11-30,feature_use
U00302,2023-03-19,support_ticket
U00302,2024-12-03,support_ticket
U00302,2023-12-20,support_ticket
U00302,2023-01-17,feature_use
U00302,2024-06-11,feature_use
U00302,2023-05-30,login
U00302,2024-08-07,feature_use
U00302,2024-01-17,support_ticket
U00302,2024-04-18,support_ticket
U00302,2023-07-14,login
U00302,2023-03-28,support_ticket
U00302,2022-07-18,support_ticket
U00302,2023-08-07,support_ticket
U00302,2024-03-18,feature_use
U00302,2024-10-04,support_ticket
U00302,2023-06-22,feature_use
U00302,2023-12-13,login
U00302,2024-06-08,feature_use
U00302,2024-02-18,feature_use
U00302,2022-06-28,feature_use
U00302,2023-09-08,support_ticket
U00302,2023-04-17,login
U00302,2022-08-07,feature_use
U00302,2022-06-13,login
U00302,2023-12-28,feature_use
U00302,2022-09-14,feature_use
U00302,2022-10-25,login
U00302,2023-06-01,support_ticket
U00302,2024-07-19,login
U00302,2024-09-24,support_ticket
U00302,2023-07-23,feature_use
U00302,2023-12-09,support_ticket
U00302,2022-10-08,login
U00302,2023-10-29,support_ticket
U00302,2024-08-18,login
U00302,2023-03-01,support_ticket
U00303,2024-05-08,support_ticket
U00303,2024-03-06,login
U00303,2024-10-22,login
U00303,2023-10-23,login
U00303,2022-10-25,feature_use
U00303,2024-01-21,login
U00303,2024-04-27,feature_use
U00303,2024-09-27,support_ticket
U00303,2021-09-30,feature_use
U00303,2021-06-28,support_ticket
U00303,2021-09-20,login
U00303,2023-01-18,login
U00303,2022-07-27,login
U00303,2024-08-27,support_ticket
U00303,2022-10-04,feature_use
U00303,2024-09-23,support_ticket
U00303,2022-04-13,login
U00303,2023-08-26,login
U00303,2022-09-02,login
U00303,2024-01-12,support_ticket
U00303,2023-08-26,login
U00303,2023-04-13,login
U00303,2022-10-05,login
U00303,2022-10-17,feature_use
U00303,2024-06-26,support_ticket
U00303,2021-11-23,feature_use
U00303,2023-03-25,support_ticket
U00303,2021-06-27,login
U00303,2023-05-21,feature_use
U00303,2023-01-22,feature_use
U00304,2022-11-19,login
U00304,2024-11-14,login
U00304,2023-10-27,feature_use
U00304,2021-08-04,login
U00304,2023-01-14,feature_use
U00304,2021-07-28,support_ticket
U00304,2023-10-01,feature_use
U00304,2021-10-08,feature_use
U00304,2024-02-17,support_ticket
U00304,2021-10-12,support_ticket
U00304,2022-02-15,support_ticket
U00304,2022-11-12,support_ticket
U00304,2024-06-07,support_ticket
U00304,2024-06-24,support_ticket
U00305,2024-12-10,support_ticket
U00305,2024-12-22,login
U00305,2024-12-31,feature_use
U00305,2024-12-05,support_ticket
U00305,2024-11-15,login
U00305,2024-11-23,login
U00305,2024-12-04,feature_use
U00306,2024-09-25,login
U00306,2023-02-08,feature_use
U00306,2022-11-15,feature_use
U00306,2023-12-13,feature_use
U00306,2024-11-24,feature_use
U00306,2024-11-08,support_ticket
U00306,2023-03-26,support_ticket
U00306,2024-01-21,support_ticket
U00306,2024-12-01,feature_use
U00306,2023-08-02,support_ticket
U00306,2023-12-22,support_ticket
U00306,2023-08-03,support_ticket
U00306,2022-05-05,feature_use
U00306,2023-09-29,support_ticket
U00306,2023-04-20,feature_use
U00306,2022-02-10,login
U00306,2022-07-14,support_ticket
U00306,2022-08-05,support_ticket
U00306,2022-11-06,login
U00306,2024-07-07,feature_use
U00306,2023-03-21,support_ticket
U00306,2023-12-23,support_ticket
U00306,2022-02-01,feature_use
U00306,2022-06-22,login
U00306,2024-06-30,login
U00306,2024-03-16,support_ticket
U00306,2022-03-08,login
U00306,2024-11-07,support_ticket
U00306,2024-01-19,login
U00306,2024-03-13,feature_use
U00306,2023-03-26,feature_use
U00307,2022-03-08,login
U00307,2024-05-13,support_ticket
U00307,2022-12-08,feature_use
U00307,2023-07-26,support_ticket
U00307,2021-10-16,feature_use
U00307,2024-03-14,login
U00307,2021-10-02,login
U00307,2024-10-22,support_ticket
U00307,2024-09-08,feature_use
U00307,2022-03-29,feature_use
U00307,2024-06-14,support_ticket
U00307,2022-11-18,login
U00307,2021-09-28,feature_use
U00307,2023-08-03,feature_use
U00307,2023-01-06,support_ticket
U00307,2024-08-07,support_ticket
U00307,2023-12-01,feature_use
U00307,2024-04-07,feature_use
U00307,2021-10-04,feature_use
U00307,2023-12-03,feature_use
U00307,2022-05-21,login
U00307,2023-03-22,feature_use
U00307,2023-11-08,feature_use
U00307,2024-03-23,feature_use
U00307,2023-05-21,support_ticket
U00307,2021-08-22,support_ticket
U00307,2024-01-02,feature_use
U00307,2023-04-08,login
U00307,2022-07-22,support_ticket
U00307,2024-11-21,login
U00307,2023-11-11,login
U00307,2022-11-02,feature_use
U00307,2022-12-04,feature_use
U00307,2023-08-13,login
U00307,2022-07-06,feature_use
U00307,2023-05-14,support_ticket
U00307,2023-02-06,login
U00307,2022-02-01,feature_use
U00307,2023-05-09,support_ticket
U00307,2024-11-20,feature_use
U00307,2022-10-05,login
U00307,2021-07-12,support_ticket
U00307,2023-11-12,login
U00307,2022-07-11,login
U00307,2022-06-17,login
U00307,2023-02-16,login
U00307,2024-01-05,feature_use
U00307,2024-02-28,support_ticket
U00307,2024-02-19,feature_use
U00307,2023-09-23,login
U00308,2024-12-26,login
U00308,2024-09-03,login
U00308,2024-04-10,login
U00308,2024-05-17,feature_use
U00308,2024-04-08,login
U00308,2024-08-25,support_ticket
U00308,2024-06-24,support_ticket
U00308,2024-11-07,support_ticket
U00308,2024-09-02,login
U00308,2024-02-20,support_ticket
U00308,2024-02-24,login
U00308,2024-10-16,support_ticket
U00308,2024-11-07,feature_use
U00308,2024-10-20,support_ticket
U00308,2024-10-27,support_ticket
U00308,2024-04-22,login
U00308,2024-03-28,login
U00308,2024-12-08,support_ticket
U00308,2024-08-18,feature_use
U00308,2024-02-23,feature_use
U00308,2024-10-02,login
U00308,2024-09-13,feature_use
U00308,2024-05-11,support_ticket
U00308,2024-09-21,login
U00308,2024-05-02,support_ticket
U00309,2024-12-26,login
U00309,2024-05-18,login
U00309,2024-09-17,feature_use
U00309,2024-07-02,support_ticket
U00309,2024-11-15,feature_use
U00309,2024-07-31,login
U00309,2024-08-23,feature_use
U00309,2024-10-30,support_ticket
U00309,2024-11-07,feature_use
U00309,2024-12-12,support_ticket
U00309,2024-05-17,feature_use
U00309,2024-09-23,feature_use
U00310,2024-03-02,feature_use
U00310,2024-04-20,support_ticket
U00310,2024-03-05,feature_use
U00310,2024-02-10,login
U00310,2024-11-14,support_ticket
U00310,2024-11-26,login
U00310,2024-08-20,feature_use
U00310,2024-04-14,feature_use
U00310,2024-12-26,feature_use
U00310,2023-12-31,login
U00310,2024-11-17,feature_use
U00310,2024-04-15,feature_use
U00310,2024-11-05,feature_use
U00310,2024-05-01,support_ticket
U00310,2024-08-02,feature_use
U00310,2024-12-19,login
U00310,2024-03-16,login
U00310,2024-02-02,login
U00310,2024-03-15,login
U00310,2024-12-06,feature_use
U00310,2024-05-01,support_ticket
U00310,2024-10-16,support_ticket
U00310,2024-12-15,feature_use
U00310,2024-11-20,support_ticket
U00310,2024-12-16,login
U00310,2024-07-24,feature_use
U00310,2024-06-27,login
U00310,2024-04-09,support_ticket
U00310,2024-05-05,support_ticket
U00310,2024-10-30,support_ticket
U00310,2024-12-21,login
U00310,2024-08-13,login
U00310,2023-12-22,login
U00310,2024-09-16,support_ticket
U00310,2024-06-18,support_ticket
U00310,2024-03-02,login
U00310,2024-08-06,feature_use
U00310,2024-12-06,login
U00310,2024-11-06,support_ticket
U00310,2024-01-07,login
U00310,2024-10-12,feature_use
U00310,2024-04-11,login
U00310,2024-04-15,feature_use
U00310,2024-12-06,support_ticket
U00310,2024-03-15,login
U00311,2024-02-16,feature_use
U00311,2024-11-22,login
U00311,2024-03-25,support_ticket
U00311,2024-02-15,feature_use
U00311,2024-02-16,feature_use
U00311,2023-07-08,login
U00311,2023-10-10,support_ticket
U00311,2023-09-04,support_ticket
U00311,2024-08-04,feature_use
U00311,2024-10-23,support_ticket
U00311,2024-04-14,support_ticket
U00311,2023-09-02,feature_use
U00311,2024-06-13,login
U00311,2024-04-06,feature_use
U00311,2024-03-12,support_ticket
U00311,2024-06-28,feature_use
U00311,2024-03-20,feature_use
U00311,2023-08-19,support_ticket
U00311,2024-01-27,support_ticket
U00311,2024-06-30,support_ticket
U00311,2023-09-01,feature_use
U00311,2024-02-03,feature_use
U00311,2023-10-13,login
U00311,2024-05-19,login
U00311,2023-10-30,login
U00311,2024-12-26,feature_use
U00311,2024-11-21,support_ticket
U00311,2024-03-13,support_ticket
U00311,2024-07-25,support_ticket
U00312,2024-08-06,support_ticket
U00312,2024-11-19,support_ticket
U00312,2023-11-03,support_ticket
U00312,2023-07-30,feature_use
U00312,2024-04-15,feature_use
U00312,2023-10-12,feature_use
U00312,2023-09-13,feature_use
U00312,2024-08-31,support_ticket
U00312,2023-10-16,feature_use
U00312,2024-06-17,login
U00312,2023-07-05,login
U00312,2024-12-02,support_ticket
U00312,2024-06-22,support_ticket
U00312,2024-02-11,login
U00312,2024-02-27,login
U00312,2023-12-23,support_ticket
U00312,2024-01-15,support_ticket
U00312,2024-08-31,login
U00312,2024-11-12,login
U00312,2024-01-27,support_ticket
U00312,2023-09-11,login
U00312,2023-09-21,support_ticket
U00312,2024-12-11,feature_use
U00312,2023-06-28,feature_use
U00312,2023-11-05,support_ticket
U00312,2023-12-30,login
U00312,2024-11-08,support_ticket
U00312,2023-07-18,support_ticket
U00312,2024-12-19,login
U00312,2023-11-16,login
U00312,2023-09-30,login
U00312,2023-09-25,login
U00312,2023-12-04,login
U00312,2023-11-24,login
U00312,2023-06-14,login
U00312,2024-11-13,feature_use
U00312,2024-09-12,feature_use
U00312,2024-06-20,login
U00312,2023-07-14,login
U00312,2024-10-30,support_ticket
U00312,2024-12-20,support_ticket
U00313,2024-12-25,feature_use
U00313,2024-07-26,login
U00313,2024-11-12,login
U00313,2024-09-08,login
U00313,2024-09-28,feature_use
U00313,2024-07-18,feature_use
U00313,2024-07-10,support_ticket
U00313,2024-08-24,support_ticket
U00313,2024-09-07,feature_use
U00313,2024-12-08,login
U00313,2024-12-06,login
U00313,2024-11-22,support_ticket
U00313,2024-07-07,feature_use
U00313,2024-09-03,feature_use
U00313,2024-11-12,support_ticket
U00313,2024-07-30,login
U00313,2024-09-13,feature_use
U00313,2024-10-07,support_ticket
U00313,2024-09-13,support_ticket
U00313,2024-07-20,login
U00313,2024-06-25,login
U00313,2024-12-29,login
U00313,2024-10-20,feature_use
U00313,2024-08-10,login
U00313,2024-09-27,feature_use
U00313,2024-09-17,support_ticket
U00313,2024-11-22,feature_use
U00313,2024-10-15,login
U00313,2024-09-17,login
U00313,2024-12-18,login
U00313,2024-10-14,feature_use
U00313,2024-12-13,feature_use
U00313,2024-10-11,feature_use
U00313,2024-07-18,login
U00313,2024-06-28,support_ticket
U00314,2023-08-21,feature_use
U00314,2022-01-16,support_ticket
U00314,2022-01-23,support_ticket
U00314,2022-10-26,feature_use
U00314,2021-07-26,feature_use
U00314,2024-08-05,feature_use
U00314,2022-02-13,feature_use
U00314,2024-12-31,support_ticket
U00314,2023-01-24,support_ticket
U00314,2024-03-10,login
U00314,2024-06-27,support_ticket
U00314,2021-08-22,feature_use
U00314,2024-09-15,login
U00314,2023-12-20,feature_use
U00314,2024-08-18,login
U00314,2023-03-17,support_ticket
U00314,2022-05-07,feature_use
U00314,2024-07-21,support_ticket
U00314,2024-09-27,support_ticket
U00314,2023-10-30,login
U00314,2023-09-26,support_ticket
U00314,2024-02-18,login
U00314,2024-07-08,login
U00314,2024-08-01,feature_use
U00314,2024-09-07,support_ticket
U00314,2024-06-22,support_ticket
U00314,2024-09-23,login
U00314,2024-03-16,support_ticket
U00314,2024-04-11,support_ticket
U00314,2021-12-18,feature_use
U00315,2024-04-06,support_ticket
U00315,2024-08-03,login
U00315,2024-03-21,feature_use
U00315,2022-08-14,support_ticket
U00315,2024-09-24,feature_use
U00315,2022-04-25,support_ticket
U00316,2022-10-13,login
U00316,2021-07-31,login
U00316,2022-03-14,feature_use
U00316,2023-06-20,feature_use
U00316,2024-12-29,support_ticket
U00316,2024-09-10,support_ticket
U00316,2022-07-03,feature_use
U00316,2021-07-16,feature_use
U00316,2021-11-24,support_ticket
U00316,2021-06-27,support_ticket
U00316,2023-07-10,login
U00316,2021-11-12,feature_use
U00316,2023-06-25,feature_use
U00316,2024-04-26,feature_use
U00316,2022-02-12,feature_use
U00316,2024-03-08,feature_use
U00316,2023-02-01,support_ticket
U00316,2021-12-17,support_ticket
U00316,2022-03-25,feature_use
U00316,2023-02-13,feature_use
U00316,2024-10-31,login
U00316,2021-11-15,login
U00316,2024-06-29,support_ticket
U00316,2024-07-19,login
U00316,2023-01-11,login
U00316,2024-11-13,support_ticket
U00316,2024-10-10,feature_use
U00316,2022-03-25,feature_use
U00316,2022-12-13,login
U00316,2022-05-15,login
U00316,2024-11-02,feature_use
U00316,2023-05-01,support_ticket
U00316,2024-10-01,login
U00316,2023-12-23,login
U00316,2022-12-09,support_ticket
U00316,2023-07-06,feature_use
U00316,2022-03-13,login
U00316,2024-07-23,feature_use
U00316,2023-02-07,feature_use
U00316,2024-03-07,login
U00316,2023-03-31,feature_use
U00316,2024-04-16,login
U00316,2021-06-21,support_ticket
U00317,2022-09-06,feature_use
U00317,2024-10-04,login
U00317,2022-01-27,support_ticket
U00317,2022-04-02,login
U00317,2024-03-18,login
U00317,2023-11-22,feature_use
U00317,2023-07-08,login
U00317,2024-07-19,login
U00317,2023-02-27,login
U00317,2023-07-15,feature_use
U00317,2022-12-20,support_ticket
U00317,2022-11-20,support_ticket
U00317,2023-10-24,support_ticket
U00317,2023-07-18,login
U00318,2022-05-18,feature_use
U00318,2024-10-17,support_ticket
U00318,2024-10-10,login
U00318,2022-10-12,support_ticket
U00318,2023-05-07,support_ticket
U00318,2024-05-31,login
U00318,2022-05-20,login
U00318,2024-03-25,login
U00319,2024-07-28,login
U00319,2024-11-16,login
U00319,2023-09-10,feature_use
U00319,2023-09-10,login
U00319,2023-11-07,support_ticket
U00319,2024-07-26,login
U00319,2024-01-10,feature_use
U00319,2023-10-31,support_ticket
U00319,2023-10-08,feature_use
U00319,2024-01-18,feature_use
U00319,2023-10-02,support_ticket
U00319,2023-08-25,support_ticket
U00319,2024-07-17,login
U00319,2024-10-05,login
U00319,2023-11-28,login
U00319,2023-08-25,login
U00319,2024-10-27,login
U00319,2024-09-24,support_ticket
U00319,2024-05-28,support_ticket
U00319,2023-07-27,login
U00319,2024-11-18,feature_use
U00319,2023-10-08,support_ticket
U00319,2024-05-26,support_ticket
U00319,2024-06-11,support_ticket
U00319,2024-05-07,login
U00319,2023-12-03,support_ticket
U00319,2024-12-27,feature_use
U00319,2024-09-07,support_ticket
U00319,2024-02-15,feature_use
U00320,2023-01-01,support_ticket
U00320,2023-05-10,feature_use
U00320,2023-12-16,login
U00320,2023-10-17,support_ticket
U00320,2022-11-18,support_ticket
U00320,2024-11-09,support_ticket
U00320,2024-01-29,login
U00320,2023-12-18,login
U00320,2024-11-21,feature_use
U00320,2024-11-27,support_ticket
U00320,2022-11-12,login
U00320,2024-10-17,support_ticket
U00320,2024-10-20,login
U00320,2022-09-25,feature_use
U00320,2023-07-26,login
U00320,2023-01-24,feature_use
U00320,2024-10-21,support_ticket
U00320,2024-06-29,support_ticket
U00320,2023-10-06,login
U00320,2024-07-21,login
U00320,2022-10-29,feature_use
U00320,2023-06-19,login
U00320,2024-10-30,support_ticket
U00320,2023-08-23,feature_use
U00320,2023-05-09,support_ticket
U00320,2024-10-10,login
U00320,2023-07-31,login
U00321,2024-02-07,login
U00321,2023-10-03,feature_use
U00321,2024-02-23,feature_use
U00321,2022-09-22,support_ticket
U00321,2023-10-27,feature_use
U00321,2023-02-28,support_ticket
U00321,2024-02-26,login
U00321,2024-08-17,feature_use
U00321,2023-06-16,support_ticket
U00321,2024-01-11,login
U00321,2024-02-25,feature_use
U00321,2023-02-11,feature_use
U00321,2024-11-10,login
U00321,2023-09-09,support_ticket
U00321,2024-12-31,feature_use
U00321,2023-10-03,login
U00321,2024-02-18,login
U00321,2023-07-18,feature_use
U00321,2022-10-07,feature_use
U00321,2024-11-26,feature_use
U00321,2023-05-24,support_ticket
U00321,2022-10-04,feature_use
U00321,2023-08-17,feature_use
U00321,2024-05-09,feature_use
U00321,2023-08-09,login
U00321,2023-08-21,feature_use
U00321,2023-01-24,login
U00321,2024-03-14,login
U00321,2024-08-29,login
U00321,2024-04-13,login
U00321,2024-02-18,feature_use
U00322,2023-11-05,login
U00322,2024-12-05,support_ticket
U00322,2024-05-30,support_ticket
U00322,2023-08-16,support_ticket
U00322,2023-10-31,login
U00322,2023-10-29,login
U00322,2023-10-29,feature_use
U00322,2024-12-19,feature_use
U00322,2023-10-24,support_ticket
U00322,2023-08-07,login
U00322,2024-06-19,feature_use
U00322,2024-10-16,support_ticket
U00322,2024-08-20,login
U00322,2024-01-16,login
U00322,2023-08-12,feature_use
U00322,2024-08-01,login
U00322,2024-06-05,feature_use
U00322,2023-10-12,support_ticket
U00322,2024-01-16,login
U00322,2023-10-11,support_ticket
U00322,2023-12-04,login
U00322,2024-10-09,feature_use
U00322,2024-07-18,login
U00322,2023-07-29,login
U00322,2024-09-18,support_ticket
U00323,2022-07-13,feature_use
U00323,2022-08-15,feature_use
U00323,2022-11-29,support_ticket
U00323,2024-12-01,login
U00323,2024-11-07,feature_use
U00323,2024-07-19,support_ticket
U00323,2024-03-26,support_ticket
U00323,2023-12-17,feature_use
U00324,2024-10-01,support_ticket
U00324,2024-07-17,login
U00324,2024-08-12,feature_use
U00324,2024-05-03,feature_use
U00324,2024-05-17,feature_use
U00324,2024-10-19,login
U00324,2024-11-24,login
U00324,2024-08-18,support_ticket
U00324,2024-09-09,login
U00324,2024-12-16,feature_use
U00324,2024-10-20,support_ticket
U00324,2024-09-20,support_ticket
U00324,2024-07-24,support_ticket
U00324,2024-04-29,login
U00324,2024-10-09,login
U00324,2024-05-04,login
U00324,2024-12-29,feature_use
U00324,2024-07-04,support_ticket
U00324,2024-09-28,login
U00324,2024-12-26,feature_use
U00324,2024-11-05,support_ticket
U00324,2024-04-25,login
U00324,2024-10-15,support_ticket
U00324,2024-05-22,login
U00324,2024-07-02,feature_use
U00324,2024-05-24,login
U00324,2024-12-02,login
U00324,2024-08-09,login
U00324,2024-08-29,support_ticket
U00324,2024-10-17,feature_use
U00324,2024-05-08,login
U00324,2024-09-07,feature_use
U00324,2024-09-29,support_ticket
U00325,2022-11-20,support_ticket
U00325,2023-07-14,support_ticket
U00325,2022-08-15,support_ticket
U00325,2023-08-29,feature_use
U00325,2023-01-04,feature_use
U00325,2024-10-28,feature_use
U00325,2022-06-20,login
U00325,2023-09-03,feature_use
U00325,2022-01-15,login
U00325,2021-12-23,feature_use
U00325,2024-05-17,support_ticket
U00326,2024-08-22,support_ticket
U00326,2024-08-23,feature_use
U00326,2024-12-06,support_ticket
U00326,2024-09-03,login
U00326,2024-11-26,support_ticket
U00326,2024-12-09,feature_use
U00326,2024-10-25,login
U00326,2024-10-19,feature_use
U00326,2024-12-25,feature_use
U00326,2024-09-20,support_ticket
U00326,2024-10-13,support_ticket
U00326,2024-10-07,support_ticket
U00326,2024-10-31,feature_use
U00326,2024-11-22,login
U00326,2024-08-24,login
U00326,2024-11-27,feature_use
U00326,2024-12-14,feature_use
U00326,2024-09-28,feature_use
U00326,2024-11-10,login
U00326,2024-10-13,login
U00326,2024-11-16,login
U00326,2024-09-06,feature_use
U00326,2024-10-12,feature_use
U00326,2024-11-07,feature_use
U00326,2024-09-21,feature_use
U00326,2024-10-05,feature_use
U00326,2024-09-15,feature_use
U00326,2024-10-23,login
U00326,2024-09-03,support_ticket
U00326,2024-10-05,support_ticket
U00326,2024-09-26,login
U00326,2024-10-14,feature_use
U00326,2024-11-11,login
U00326,2024-09-05,login
U00326,2024-08-27,support_ticket
U00326,2024-08-29,support_ticket
U00326,2024-12-04,support_ticket
U00326,2024-08-30,feature_use
U00326,2024-10-20,login
U00326,2024-12-02,support_ticket
U00326,2024-10-22,login
U00327,2022-08-25,login
U00327,2022-04-18,feature_use
U00327,2024-01-01,feature_use
U00327,2023-01-12,login
U00327,2021-11-01,feature_use
U00328,2023-10-22,feature_use
U00328,2023-10-21,support_ticket
U00328,2024-12-22,feature_use
U00328,2023-09-29,support_ticket
U00328,2022-12-22,login
U00328,2022-11-21,support_ticket
U00328,2024-04-21,feature_use
U00328,2022-11-14,feature_use
U00328,2022-03-11,login
U00328,2023-04-12,feature_use
U00328,2022-12-07,login
U00328,2022-09-21,feature_use
U00328,2024-01-02,feature_use
U00328,2024-11-06,login
U00328,2022-05-14,feature_use
U00328,2024-07-09,feature_use
U00328,2022-01-25,support_ticket
U00328,2022-08-21,login
U00328,2024-06-04,login
U00328,2022-06-10,feature_use
U00328,2022-11-02,login
U00328,2021-12-18,login
U00328,2022-12-28,feature_use
U00328,2022-11-15,login
U00328,2022-11-21,login
U00328,2023-11-28,support_ticket
U00328,2022-08-17,support_ticket
U00328,2024-09-02,support_ticket
U00328,2021-12-14,support_ticket
U00328,2023-12-25,support_ticket
U00328,2022-06-17,feature_use
U00328,2022-07-11,login
U00328,2024-10-01,feature_use
U00328,2023-02-12,support_ticket
U00328,2024-01-05,feature_use
U00328,2022-05-22,support_ticket
U00328,2023-09-07,support_ticket
U00328,2024-07-12,support_ticket
U00328,2024-07-26,login
U00328,2022-06-16,feature_use
U00328,2024-10-29,login
U00328,2022-03-19,feature_use
U00328,2023-04-04,feature_use
U00328,2024-12-05,support_ticket
U00328,2023-02-21,login
U00328,2024-12-31,feature_use
U00328,2022-10-18,support_ticket
U00328,2024-08-14,login
U00329,2024-07-30,feature_use
U00329,2024-08-17,login
U00329,2024-04-29,support_ticket
U00329,2024-05-20,login
U00329,2024-11-10,login
U00329,2024-03-11,login
U00329,2024-06-09,support_ticket
U00329,2024-06-28,support_ticket
U00329,2024-08-08,support_ticket
U00329,2024-05-15,support_ticket
U00329,2024-07-06,login
U00329,2024-05-29,login
U00329,2024-07-18,login
U00329,2024-07-31,feature_use
U00329,2024-11-15,feature_use
U00329,2024-06-27,support_ticket
U00329,2024-05-17,support_ticket
U00329,2024-12-04,support_ticket
U00329,2024-05-06,login
U00329,2024-10-12,feature_use
U00329,2024-12-31,support_ticket
U00329,2024-06-19,support_ticket
U00329,2024-03-16,support_ticket
U00329,2024-05-14,support_ticket
U00329,2024-03-17,login
U00329,2024-03-29,support_ticket
U00329,2024-06-25,login
U00329,2024-07-30,support_ticket
U00329,2024-05-26,login
U00329,2024-05-17,login
U00329,2024-10-21,feature_use
U00329,2024-09-10,login
U00329,2024-05-02,login
U00329,2024-09-17,support_ticket
U00329,2024-06-18,login
U00329,2024-05-16,support_ticket
U00329,2024-04-27,feature_use
U00330,2021-12-17,feature_use
U00330,2023-02-13,feature_use
U00330,2022-10-20,login
U00330,2022-01-07,feature_use
U00330,2022-12-28,feature_use
U00330,2024-04-04,feature_use
U00330,2023-09-10,feature_use
U00330,2024-12-22,login
U00330,2024-09-16,login
U00330,2022-06-09,login
U00330,2021-10-28,support_ticket
U00330,2022-08-09,support_ticket
U00330,2022-03-14,feature_use
U00330,2022-02-10,feature_use
U00330,2023-05-16,feature_use
U00330,2021-12-04,login
U00330,2024-12-17,support_ticket
U00330,2024-09-03,login
U00330,2022-05-14,login
U00330,2023-03-05,login
U00330,2024-09-24,feature_use
U00330,2022-01-26,support_ticket
U00330,2023-11-13,feature_use
U00330,2022-08-10,login
U00330,2024-11-17,login
U00330,2022-11-01,login
U00331,2024-01-26,login
U00331,2024-02-10,login
U00331,2023-09-25,feature_use
U00331,2024-04-07,feature_use
U00331,2023-11-16,feature_use
U00331,2023-12-30,login
U00331,2023-10-12,login
U00331,2024-09-01,feature_use
U00331,2023-02-18,login
U00331,2024-04-21,support_ticket
U00331,2024-12-16,feature_use
U00331,2023-09-20,feature_use
U00331,2022-11-15,feature_use
U00331,2024-05-02,feature_use
U00331,2024-11-20,feature_use
U00331,2023-07-19,support_ticket
U00331,2022-10-22,feature_use
U00331,2023-11-30,feature_use
U00331,2023-04-04,support_ticket
U00331,2023-07-25,support_ticket
U00331,2024-11-11,login
U00331,2024-09-18,login
U00331,2024-04-18,feature_use
U00331,2023-09-02,login
U00331,2023-07-21,support_ticket
U00331,2024-05-26,feature_use
U00331,2023-03-05,feature_use
U00331,2023-03-28,login
U00331,2023-03-06,feature_use
U00331,2023-01-30,feature_use
U00331,2023-01-13,login
U00332,2024-01-05,feature_use
U00332,2024-02-09,feature_use
U00332,2024-09-26,login
U00332,2024-12-19,support_ticket
U00332,2024-04-14,support_ticket
U00332,2024-08-01,support_ticket
U00332,2024-04-03,feature_use
U00332,2024-09-30,login
U00332,2023-12-12,support_ticket
U00332,2024-07-11,support_ticket
U00332,2024-09-11,login
U00332,2024-07-21,support_ticket
U00332,2024-06-30,support_ticket
U00332,2024-10-07,support_ticket
U00332,2023-12-11,support_ticket
U00332,2024-09-04,feature_use
U00332,2024-01-05,support_ticket
U00332,2024-02-21,support_ticket
U00332,2024-03-29,support_ticket
U00332,2023-12-04,support_ticket
U00332,2024-08-24,support_ticket
U00332,2024-10-05,feature_use
U00332,2024-03-04,login
U00333,2024-05-27,login
U00333,2023-10-31,support_ticket
U00333,2024-03-30,feature_use
U00333,2023-12-24,feature_use
U00333,2023-08-13,feature_use
U00333,2024-12-11,login
U00333,2024-02-01,login
U00333,2024-03-08,login
U00333,2023-07-21,support_ticket
U00333,2024-02-17,login
U00333,2023-09-04,support_ticket
U00333,2024-06-24,support_ticket
U00333,2024-12-08,feature_use
U00333,2024-08-04,login
U00333,2024-07-02,support_ticket
U00333,2024-03-15,feature_use
U00333,2024-10-06,support_ticket
U00334,2024-05-20,support_ticket
U00334,2022-09-24,feature_use
U00334,2023-01-29,feature_use
U00334,2023-06-23,support_ticket
U00334,2022-09-23,support_ticket
U00334,2024-10-14,feature_use
U00334,2022-05-05,feature_use
U00334,2022-07-27,feature_use
U00334,2023-04-21,support_ticket
U00334,2023-11-15,feature_use
U00334,2023-06-05,feature_use
U00334,2024-07-22,support_ticket
U00334,2023-05-14,login
U00334,2023-08-22,login
U00334,2022-10-18,login
U00334,2021-08-31,login
U00334,2023-02-23,feature_use
U00334,2023-04-19,login
U00334,2024-03-23,support_ticket
U00334,2021-04-08,support_ticket
U00334,2023-02-01,support_ticket
U00334,2022-12-10,support_ticket
U00334,2021-09-18,feature_use
U00334,2022-04-06,feature_use
U00334,2024-07-25,login
U00334,2023-01-13,feature_use
U00334,2024-06-14,feature_use
U00334,2023-06-14,feature_use
U00334,2023-09-23,login
U00335,2023-06-25,login
U00335,2024-01-30,feature_use
U00335,2023-03-11,login
U00335,2023-11-03,support_ticket
U00335,2024-06-16,login
U00335,2023-07-22,login
U00335,2023-11-21,login
U00335,2023-08-11,login
U00335,2024-09-05,feature_use
U00335,2024-08-19,support_ticket
U00335,2024-06-11,login
U00335,2023-07-03,login
U00336,2021-10-18,feature_use
U00336,2022-12-02,feature_use
U00336,2022-05-05,support_ticket
U00336,2021-06-16,feature_use
U00336,2024-04-27,feature_use
U00336,2022-05-18,support_ticket
U00336,2023-09-17,login
U00336,2021-09-23,support_ticket
U00336,2021-03-31,login
U00336,2024-02-20,support_ticket
U00336,2024-12-28,support_ticket
U00336,2021-10-29,feature_use
U00336,2024-02-14,feature_use
U00336,2022-01-30,login
U00336,2021-10-26,login
U00336,2023-03-18,support_ticket
U00336,2024-03-22,feature_use
U00336,2021-08-30,support_ticket
U00336,2022-09-20,feature_use
U00336,2022-01-08,login
U00336,2023-03-06,support_ticket
U00336,2022-09-17,support_ticket
U00336,2022-02-17,feature_use
U00336,2023-12-24,feature_use
U00336,2022-08-07,feature_use
U00336,2024-12-16,support_ticket
U00336,2024-12-13,feature_use
U00336,2021-06-01,login
U00336,2023-12-07,login
U00336,2024-09-30,login
U00336,2024-10-11,support_ticket
U00337,2024-12-18,feature_use
U00337,2024-11-24,support_ticket
U00337,2024-10-30,login
U00337,2024-12-07,feature_use
U00337,2024-12-08,login
U00337,2024-12-24,feature_use
U00338,2024-12-09,feature_use
U00338,2023-05-25,login
U00338,2022-03-18,feature_use
U00338,2021-02-18,login
U00338,2022-09-05,login
U00338,2024-09-26,login
U00338,2024-08-23,support_ticket
U00338,2023-02-13,login
U00338,2023-07-31,support_ticket
U00338,2021-06-20,login
U00338,2023-03-06,feature_use
U00338,2024-10-03,support_ticket
U00338,2024-10-22,login
U00338,2021-04-27,login
U00338,2021-12-20,feature_use
U00338,2024-12-10,login
U00338,2021-11-01,login
U00338,2022-11-07,login
U00338,2022-11-28,feature_use
U00338,2024-10-30,login
U00338,2021-10-15,feature_use
U00338,2021-04-07,support_ticket
U00338,2022-10-21,login
U00338,2024-05-01,support_ticket
U00338,2021-10-22,login
U00338,2023-05-08,support_ticket
U00338,2024-08-20,support_ticket
U00338,2021-08-08,feature_use
U00338,2022-01-14,login
U00338,2022-03-25,login
U00339,2023-05-07,support_ticket
U00339,2023-03-02,feature_use
U00339,2022-02-02,support_ticket
U00339,2023-06-02,login
U00339,2021-05-17,support_ticket
U00339,2024-11-03,login
U00339,2024-06-14,support_ticket
U00339,2024-10-06,feature_use
U00339,2022-08-10,feature_use
U00339,2021-12-10,support_ticket
U00339,2023-04-27,support_ticket
U00339,2023-03-15,support_ticket
U00339,2022-06-03,login
U00339,2022-01-21,login
U00339,2022-01-26,support_ticket
U00339,2023-09-16,login
U00339,2024-09-05,login
U00340,2024-10-02,support_ticket
U00340,2024-02-26,login
U00340,2024-04-24,feature_use
U00340,2024-07-28,support_ticket
U00340,2024-11-18,login
U00340,2024-05-28,login
U00340,2024-02-03,login
U00340,2024-07-02,feature_use
U00340,2024-01-12,support_ticket
U00340,2024-05-26,login
U00340,2024-07-26,feature_use
U00340,2024-01-14,login
U00340,2024-09-06,feature_use
U00340,2023-12-22,support_ticket
U00340,2024-03-03,feature_use
U00340,2024-10-04,feature_use
U00340,2024-01-29,support_ticket
U00340,2024-02-18,login
U00340,2024-06-11,login
U00340,2024-01-18,login
U00340,2024-08-06,login
U00340,2024-02-16,feature_use
U00340,2024-01-19,feature_use
U00340,2024-10-24,support_ticket
U00340,2024-03-21,support_ticket
U00340,2024-11-10,support_ticket
U00340,2024-10-17,login
U00340,2024-11-24,login
U00340,2024-08-07,support_ticket
U00340,2024-10-16,feature_use
U00340,2024-11-25,feature_use
U00340,2024-08-28,feature_use
U00340,2024-06-22,feature_use
U00340,2024-03-10,feature_use
U00340,2024-07-12,feature_use
U00340,2024-02-04,login
U00340,2024-03-15,login
U00340,2024-11-16,login
U00341,2022-12-03,support_ticket
U00341,2024-11-13,login
U00341,2022-08-12,support_ticket
U00341,2023-08-28,feature_use
U00341,2022-11-18,feature_use
U00341,2022-11-18,support_ticket
U00341,2023-01-19,login
U00341,2024-01-01,feature_use
U00341,2022-05-04,feature_use
U00341,2023-01-16,support_ticket
U00341,2023-11-29,login
U00341,2024-02-07,support_ticket
U00341,2022-04-17,feature_use
U00341,2023-05-18,support_ticket
U00342,2024-09-24,login
U00342,2024-08-22,support_ticket
U00342,2024-08-07,feature_use
U00342,2024-11-02,support_ticket
U00342,2024-11-26,feature_use
U00342,2024-08-19,login
U00342,2024-07-25,feature_use
U00342,2024-10-12,login
U00342,2024-12-14,feature_use
U00342,2024-08-24,support_ticket
U00342,2024-12-14,feature_use
U00342,2024-08-31,login
U00342,2024-08-11,login
U00342,2024-10-30,login
U00342,2024-11-03,support_ticket
U00342,2024-08-07,support_ticket
U00342,2024-10-05,support_ticket
U00342,2024-11-03,login
U00342,2024-12-17,support_ticket
U00342,2024-11-22,support_ticket
U00342,2024-10-25,feature_use
U00342,2024-08-09,feature_use
U00342,2024-10-02,feature_use
U00342,2024-08-04,feature_use
U00342,2024-10-13,feature_use
U00342,2024-12-16,login
U00342,2024-09-06,support_ticket
U00342,2024-08-10,feature_use
U00342,2024-08-15,feature_use
U00342,2024-09-30,login
U00342,2024-08-12,support_ticket
U00342,2024-10-19,feature_use
U00342,2024-11-10,feature_use
U00342,2024-07-28,support_ticket
U00342,2024-08-16,support_ticket
U00343,2024-06-19,login
U00343,2024-06-18,feature_use
U00343,2024-04-07,support_ticket
U00343,2024-05-01,feature_use
U00343,2024-10-06,login
U00343,2023-09-20,feature_use
U00343,2024-10-05,login
U00343,2024-10-09,login
U00343,2023-08-30,feature_use
U00343,2023-11-15,feature_use
U00343,2023-11-10,support_ticket
U00343,2023-08-28,login
U00343,2024-07-04,support_ticket
U00343,2024-05-01,login
U00343,2023-10-29,support_ticket
U00343,2024-07-24,login
U00343,2023-11-05,feature_use
U00343,2023-09-27,login
U00343,2024-06-08,login
U00343,2024-09-08,support_ticket
U00343,2024-03-28,support_ticket
U00343,2024-03-14,feature_use
U00343,2024-05-19,support_ticket
U00343,2024-07-17,feature_use
U00343,2024-03-15,login
U00343,2024-06-05,support_ticket
U00343,2024-04-19,login
U00343,2023-09-27,login
U00343,2024-03-26,feature_use
U00344,2023-07-08,login
U00344,2024-07-22,login
U00344,2023-03-29,feature_use
U00344,2024-09-11,feature_use
U00344,2024-10-05,login
U00344,2024-02-28,feature_use
U00344,2024-10-26,support_ticket
U00344,2024-05-10,support_ticket
U00344,2024-08-11,feature_use
U00344,2024-09-08,support_ticket
U00344,2024-01-18,feature_use
U00344,2023-07-14,support_ticket
U00344,2023-06-14,support_ticket
U00344,2024-10-15,support_ticket
U00344,2024-10-29,support_ticket
U00344,2023-09-26,login
U00344,2023-03-12,support_ticket
U00344,2023-02-15,support_ticket
U00344,2023-12-10,feature_use
U00344,2023-09-26,login
U00344,2022-12-15,support_ticket
U00344,2024-10-02,support_ticket
U00344,2024-06-28,support_ticket
U00344,2023-10-22,login
U00344,2023-07-10,login
U00344,2023-04-11,login
U00344,2023-04-25,login
U00344,2024-07-06,login
U00344,2023-11-09,login
U00344,2023-11-06,feature_use
U00344,2023-12-06,feature_use
U00344,2023-08-30,support_ticket
U00344,2024-08-30,feature_use
U00344,2023-08-31,feature_use
U00344,2022-11-21,support_ticket
U00345,2021-08-05,login
U00345,2023-12-12,support_ticket
U00345,2024-03-10,feature_use
U00345,2023-04-22,feature_use
U00345,2024-08-22,support_ticket
U00345,2024-01-11,feature_use
U00345,2023-11-02,feature_use
U00345,2024-10-18,feature_use
U00346,2024-07-27,feature_use
U00346,2023-07-24,feature_use
U00346,2023-11-16,feature_use
U00346,2024-04-13,feature_use
U00346,2023-05-28,feature_use
U00346,2024-03-27,login
U00346,2023-05-17,feature_use
U00346,2023-12-30,feature_use
U00346,2024-03-11,support_ticket
U00346,2023-12-05,feature_use
U00346,2023-11-13,login
U00346,2024-12-16,support_ticket
U00346,2024-05-23,feature_use
U00346,2024-11-22,feature_use
U00346,2023-10-31,feature_use
U00346,2024-07-18,login
U00346,2023-08-14,support_ticket
U00346,2024-11-23,support_ticket
U00346,2024-04-24,login
U00346,2024-11-26,support_ticket
U00346,2024-05-17,login
U00346,2024-03-17,login
U00346,2023-06-13,support_ticket
U00346,2024-05-07,support_ticket
U00346,2024-08-13,support_ticket
U00346,2023-05-02,login
U00346,2024-05-04,feature_use
U00346,2023-08-14,login
U00346,2024-10-16,login
U00346,2024-08-09,feature_use
U00346,2023-11-21,feature_use
U00346,2024-02-24,login
U00346,2023-07-13,feature_use
U00346,2024-02-14,support_ticket
U00346,2024-11-17,support_ticket
U00346,2024-04-01,support_ticket
U00346,2024-05-30,feature_use
U00346,2024-02-06,feature_use
U00346,2024-07-12,login
U00346,2024-02-23,feature_use
U00346,2024-01-17,feature_use
U00346,2023-12-06,feature_use
U00347,2024-10-20,login
U00347,2024-12-28,feature_use
U00347,2024-12-05,login
U00347,2024-11-07,support_ticket
U00347,2024-12-04,support_ticket
U00347,2024-10-19,support_ticket
U00347,2024-10-19,support_ticket
U00347,2024-10-21,feature_use
U00347,2024-12-01,feature_use
U00347,2024-10-24,login
U00347,2024-11-30,feature_use
U00347,2024-11-09,feature_use
U00347,2024-09-20,support_ticket
U00347,2024-12-24,support_ticket
U00347,2024-12-11,support_ticket
U00347,2024-11-28,login
U00347,2024-10-06,login
U00347,2024-09-24,support_ticket
U00347,2024-10-30,support_ticket
U00347,2024-11-10,login
U00347,2024-12-04,support_ticket
U00347,2024-11-18,support_ticket
U00347,2024-10-15,support_ticket
U00347,2024-12-12,support_ticket
U00347,2024-12-09,support_ticket
U00347,2024-12-01,feature_use
U00347,2024-09-30,login
U00347,2024-10-08,login
U00347,2024-09-19,support_ticket
U00347,2024-11-14,login
U00347,2024-09-25,support_ticket
U00347,2024-10-10,login
U00347,2024-11-18,login
U00347,2024-11-18,feature_use
U00347,2024-10-26,support_ticket
U00347,2024-11-01,login
U00347,2024-10-24,support_ticket
U00347,2024-12-17,feature_use
U00347,2024-11-04,feature_use
U00347,2024-11-17,support_ticket
U00347,2024-10-04,login
U00347,2024-09-22,login
U00347,2024-09-19,login
U00347,2024-10-26,feature_use
U00347,2024-11-29,feature_use
U00347,2024-10-26,feature_use
U00347,2024-09-26,login
U00347,2024-12-19,support_ticket
U00347,2024-10-16,support_ticket
U00347,2024-09-24,login
U00348,2023-03-15,login
U00348,2021-12-21,login
U00348,2022-05-08,support_ticket
U00348,2023-10-18,feature_use
U00348,2023-05-31,feature_use
U00348,2024-03-03,support_ticket
U00348,2024-07-17,feature_use
U00348,2022-04-10,feature_use
U00348,2024-06-21,feature_use
U00348,2024-09-23,support_ticket
U00348,2023-11-07,login
U00348,2024-04-27,feature_use
U00348,2021-08-25,support_ticket
U00348,2024-08-16,login
U00349,2023-07-01,support_ticket
U00349,2023-10-11,support_ticket
U00349,2023-08-08,login
U00349,2023-06-29,support_ticket
U00349,2023-09-07,feature_use
U00349,2023-11-08,login
U00349,2023-01-01,login
U00349,2023-05-23,support_ticket
U00349,2024-04-22,feature_use
U00350,2022-10-19,feature_use
U00350,2022-09-05,login
U00350,2023-12-08,login
U00350,2022-05-30,login
U00350,2023-01-17,login
U00350,2023-05-22,feature_use
U00350,2023-04-17,login
U00350,2023-02-19,feature_use
U00351,2024-09-07,login
U00351,2021-02-10,feature_use
U00351,2022-04-23,support_ticket
U00351,2023-07-15,support_ticket
U00351,2024-04-03,feature_use
U00351,2023-11-02,support_ticket
U00351,2024-11-22,support_ticket
U00351,2024-09-11,feature_use
U00351,2024-01-14,login
U00351,2021-03-10,support_ticket
U00351,2024-08-28,feature_use
U00351,2024-12-28,support_ticket
U00351,2021-10-18,support_ticket
U00351,2022-07-31,feature_use
U00351,2024-04-10,login
U00351,2021-11-12,support_ticket
U00351,2021-07-05,support_ticket
U00351,2024-09-21,feature_use
U00352,2024-02-13,login
U00352,2024-08-15,feature_use
U00352,2023-11-05,login
U00352,2024-03-01,login
U00352,2024-03-18,login
U00352,2023-10-02,login
U00352,2024-10-27,feature_use
U00352,2023-06-14,login
U00352,2023-10-09,support_ticket
U00352,2024-02-08,feature_use
U00352,2024-05-31,feature_use
U00352,2023-10-29,feature_use
U00352,2024-04-05,support_ticket
U00352,2023-10-07,login
U00352,2023-11-18,login
U00352,2024-10-10,login
U00352,2023-12-22,login
U00352,2023-09-13,login
U00352,2023-09-11,feature_use
U00352,2024-06-10,support_ticket
U00352,2023-08-15,login
U00352,2023-11-22,login
U00352,2023-12-18,login
U00352,2023-12-07,login
U00352,2024-01-11,feature_use
U00352,2024-08-18,feature_use
U00352,2023-07-05,support_ticket
U00352,2023-08-30,support_ticket
U00352,2024-07-08,feature_use
U00352,2024-05-04,login
U00352,2024-07-18,feature_use
U00352,2023-09-19,feature_use
U00352,2024-04-16,feature_use
U00353,2024-12-15,login
U00353,2024-02-24,feature_use
U00353,2024-10-21,feature_use
U00353,2024-03-14,login
U00353,2024-01-07,login
U00353,2024-03-25,support_ticket
U00353,2024-09-20,support_ticket
U00353,2024-12-26,feature_use
U00353,2024-08-03,login
U00353,2024-03-27,login
U00353,2024-03-17,feature_use
U00353,2024-11-28,login
U00353,2023-12-21,login
U00353,2024-08-30,feature_use
U00353,2024-07-19,login
U00353,2024-09-20,support_ticket
U00353,2024-12-26,login
U00353,2024-01-13,feature_use
U00353,2024-11-29,login
U00353,2024-02-19,support_ticket
U00354,2024-03-15,login
U00354,2024-04-26,login
U00354,2024-05-29,support_ticket
U00354,2024-05-16,feature_use
U00354,2024-09-20,support_ticket
U00354,2024-06-10,support_ticket
U00354,2024-11-18,login
U00354,2024-12-16,feature_use
U00354,2024-09-10,support_ticket
U00354,2024-10-05,feature_use
U00354,2024-03-30,feature_use
U00354,2024-05-16,login
U00354,2024-08-31,support_ticket
U00355,2023-08-15,login
U00355,2024-04-22,feature_use
U00355,2023-06-01,support_ticket
U00355,2024-08-11,login
U00355,2024-10-08,support_ticket
U00355,2022-12-21,feature_use
U00355,2024-12-22,login
U00355,2023-02-24,login
U00355,2023-12-01,support_ticket
U00355,2022-05-14,support_ticket
U00355,2024-01-24,feature_use
U00355,2024-05-08,support_ticket
U00355,2023-09-21,support_ticket
U00355,2023-07-27,support_ticket
U00355,2022-12-19,login
U00355,2024-11-11,login
U00356,2022-10-15,feature_use
U00356,2024-12-13,login
U00356,2022-10-12,login
U00356,2022-06-19,login
U00356,2022-03-21,login
U00356,2022-05-28,support_ticket
U00356,2024-04-20,support_ticket
U00356,2021-12-20,login
U00356,2023-09-05,support_ticket
U00356,2024-11-01,feature_use
U00356,2022-01-06,support_ticket
U00356,2022-02-24,feature_use
U00356,2022-01-05,feature_use
U00356,2023-05-15,support_ticket
U00356,2021-12-08,support_ticket
U00356,2022-12-31,support_ticket
U00356,2022-08-01,feature_use
U00356,2022-04-26,support_ticket
U00356,2023-02-23,support_ticket
U00356,2023-09-22,login
U00356,2023-07-09,support_ticket
U00356,2022-05-08,feature_use
U00356,2022-04-22,login
U00356,2022-09-20,login
U00356,2024-06-30,feature_use
U00356,2023-03-01,login
U00356,2022-12-21,support_ticket
U00356,2024-04-13,login
U00356,2022-08-26,login
U00356,2023-10-04,feature_use
U00356,2022-07-29,login
U00356,2022-05-15,feature_use
U00356,2022-09-21,feature_use
U00356,2023-07-14,support_ticket
U00356,2023-03-13,support_ticket
U00356,2023-11-18,login
U00356,2022-10-30,support_ticket
U00356,2021-09-29,support_ticket
U00356,2024-10-05,login
U00356,2022-11-14,feature_use
U00356,2023-05-21,feature_use
U00356,2024-03-20,login
U00356,2023-06-12,support_ticket
U00356,2024-08-23,feature_use
U00356,2024-08-02,support_ticket
U00357,2024-12-30,feature_use
U00357,2024-12-01,feature_use
U00357,2024-12-15,login
U00357,2024-12-26,login
U00357,2024-12-01,feature_use
U00357,2024-12-20,support_ticket
U00357,2024-12-13,support_ticket
U00357,2024-12-22,feature_use
U00357,2024-12-03,support_ticket
U00357,2024-12-25,feature_use
U00357,2024-12-07,support_ticket
U00357,2024-12-15,feature_use
U00357,2024-12-09,support_ticket
U00357,2024-12-23,login
U00357,2024-12-13,feature_use
U00357,2024-12-21,support_ticket
U00357,2024-12-07,login
U00357,2024-12-31,support_ticket
U00357,2024-12-24,feature_use
U00357,2024-12-14,login
U00357,2024-12-09,login
U00357,2024-12-15,feature_use
U00357,2024-12-16,feature_use
U00357,2024-12-26,login
U00357,2024-12-06,feature_use
U00357,2024-12-19,login
U00357,2024-12-01,feature_use
U00357,2024-12-03,feature_use
U00357,2024-12-12,support_ticket
U00357,2024-12-03,login
U00357,2024-12-26,support_ticket
U00357,2024-12-05,login
U00357,2024-12-21,feature_use
U00357,2024-12-19,support_ticket
U00357,2024-12-30,login
U00357,2024-12-05,support_ticket
U00357,2024-12-10,login
U00357,2024-12-03,feature_use
U00357,2024-12-30,feature_use
U00357,2024-12-07,login
U00357,2024-12-05,support_ticket
U00357,2024-12-11,feature_use
U00358,2024-06-04,feature_use
U00358,2022-06-20,feature_use
U00358,2022-07-14,feature_use
U00358,2024-11-28,support_ticket
U00358,2022-01-10,support_ticket
U00358,2023-06-15,login
U00358,2024-08-26,support_ticket
U00358,2022-10-29,support_ticket
U00358,2022-03-04,login
U00358,2023-08-01,feature_use
U00358,2021-08-03,feature_use
U00358,2024-11-18,feature_use
U00358,2024-08-28,support_ticket
U00358,2021-04-25,support_ticket
U00358,2024-11-29,support_ticket
U00358,2023-01-25,login
U00358,2022-04-03,login
U00358,2021-10-06,login
U00358,2024-10-31,support_ticket
U00358,2021-05-22,login
U00358,2022-09-10,support_ticket
U00358,2024-02-28,login
U00358,2022-01-16,login
U00358,2024-10-06,login
U00358,2022-02-26,login
U00358,2021-09-10,login
U00358,2021-08-04,feature_use
U00358,2022-10-28,support_ticket
U00358,2024-11-17,login
U00358,2023-04-02,support_ticket
U00358,2022-01-09,feature_use
U00358,2024-03-17,feature_use
U00358,2024-03-02,feature_use
U00358,2023-06-01,feature_use
U00358,2021-03-18,login
U00358,2024-06-06,login
U00358,2024-02-21,feature_use
U00358,2022-08-19,support_ticket
U00358,2024-03-05,login
U00358,2023-05-07,feature_use
U00358,2022-11-16,login
U00358,2024-12-09,login
U00358,2021-05-27,feature_use
U00358,2022-02-27,support_ticket
U00358,2023-12-25,feature_use
U00358,2023-08-23,support_ticket
U00358,2024-02-08,feature_use
U00359,2024-12-29,support_ticket
U00359,2024-12-29,support_ticket
U00359,2024-12-30,support_ticket
U00359,2024-12-30,feature_use
U00359,2024-12-30,support_ticket
U00359,2024-12-28,support_ticket
U00359,2024-12-25,support_ticket
U00359,2024-12-30,support_ticket
U00359,2024-12-26,login
U00359,2024-12-28,support_ticket
U00359,2024-12-26,login
U00359,2024-12-26,support_ticket
U00359,2024-12-30,login
U00359,2024-12-26,login
U00359,2024-12-27,login
U00359,2024-12-24,feature_use
U00359,2024-12-25,login
U00359,2024-12-28,login
U00359,2024-12-28,support_ticket
U00359,2024-12-27,login
U00360,2024-10-08,support_ticket
U00360,2024-11-19,support_ticket
U00360,2024-03-31,login
U00360,2024-10-01,support_ticket
U00360,2024-09-18,login
U00360,2024-08-29,support_ticket
U00360,2024-12-11,support_ticket
U00360,2024-12-12,feature_use
U00360,2024-11-23,support_ticket
U00360,2024-10-29,login
U00360,2024-04-25,support_ticket
U00360,2024-05-14,login
U00360,2024-11-10,login
U00360,2024-03-03,login
U00360,2024-09-11,feature_use
U00360,2024-08-30,login
U00360,2024-04-29,support_ticket
U00360,2024-02-04,login
U00360,2024-02-05,feature_use
U00360,2024-05-13,support_ticket
U00360,2024-04-25,support_ticket
U00360,2024-07-24,login
U00360,2024-11-07,feature_use
U00361,2023-07-23,login
U00361,2024-03-10,support_ticket
U00361,2023-06-02,feature_use
U00361,2023-10-16,feature_use
U00361,2023-12-22,support_ticket
U00361,2023-12-12,support_ticket
U00361,2023-04-17,feature_use
U00361,2024-11-02,support_ticket
U00361,2023-09-28,feature_use
U00361,2023-10-08,support_ticket
U00361,2024-11-14,support_ticket
U00361,2023-06-18,login
U00361,2024-07-20,feature_use
U00361,2024-10-13,support_ticket
U00361,2024-07-01,login
U00361,2024-07-27,feature_use
U00361,2023-12-21,login
U00362,2024-10-02,login
U00362,2024-06-13,support_ticket
U00362,2023-10-19,support_ticket
U00362,2022-10-12,login
U00362,2024-05-07,feature_use
U00362,2022-02-07,support_ticket
U00362,2023-07-10,support_ticket
U00362,2022-04-11,support_ticket
U00362,2024-09-04,feature_use
U00362,2022-08-18,feature_use
U00362,2024-03-09,login
U00362,2023-01-10,feature_use
U00362,2024-09-24,feature_use
U00362,2022-03-31,login
U00362,2022-01-20,login
U00362,2022-07-04,support_ticket
U00363,2024-09-28,login
U00363,2024-10-15,support_ticket
U00363,2024-09-27,login
U00363,2024-12-27,support_ticket
U00363,2024-10-15,feature_use
U00363,2024-10-05,feature_use
U00363,2024-09-04,support_ticket
U00363,2024-12-19,feature_use
U00363,2024-08-24,feature_use
U00363,2024-12-20,feature_use
U00363,2024-11-25,login
U00363,2024-08-30,feature_use
U00363,2024-11-21,support_ticket
U00363,2024-09-30,login
U00363,2024-12-30,login
U00363,2024-10-26,login
U00363,2024-09-07,support_ticket
U00363,2024-09-20,feature_use
U00363,2024-12-10,feature_use
U00363,2024-09-17,feature_use
U00363,2024-12-25,support_ticket
U00363,2024-09-16,feature_use
U00363,2024-12-04,support_ticket
U00363,2024-10-21,support_ticket
U00363,2024-11-03,feature_use
U00363,2024-12-24,login
U00363,2024-08-23,support_ticket
U00363,2024-09-26,support_ticket
U00363,2024-11-27,feature_use
U00363,2024-11-21,support_ticket
U00363,2024-11-29,support_ticket
U00363,2024-11-25,login
U00363,2024-11-17,support_ticket
U00363,2024-09-12,login
U00363,2024-11-09,feature_use
U00363,2024-10-10,feature_use
U00363,2024-12-26,support_ticket
U00364,2023-02-03,feature_use
U00364,2023-07-20,login
U00364,2024-04-28,feature_use
U00364,2024-07-08,feature_use
U00364,2024-05-25,support_ticket
U00364,2022-08-30,feature_use
U00364,2024-09-14,feature_use
U00364,2023-01-07,support_ticket
U00364,2024-05-04,login
U00364,2023-11-19,feature_use
U00364,2024-05-24,feature_use
U00364,2023-01-14,support_ticket
U00364,2023-10-16,feature_use
U00364,2024-04-16,feature_use
U00364,2022-10-24,feature_use
U00364,2024-03-30,support_ticket
U00364,2023-09-30,feature_use
U00364,2022-09-12,support_ticket
U00364,2022-08-24,support_ticket
U00364,2024-10-29,support_ticket
U00364,2023-12-02,feature_use
U00364,2024-07-23,support_ticket
U00364,2024-01-12,feature_use
U00364,2024-03-15,feature_use
U00364,2024-07-23,support_ticket
U00364,2024-03-27,feature_use
U00364,2023-10-10,feature_use
U00364,2022-11-06,support_ticket
U00364,2023-03-07,support_ticket
U00364,2024-11-19,support_ticket
U00364,2023-06-26,login
U00364,2023-10-15,feature_use
U00364,2023-04-26,feature_use
U00364,2024-12-27,feature_use
U00364,2024-02-03,support_ticket
U00364,2023-08-07,login
U00364,2023-10-03,support_ticket
U00364,2024-04-07,support_ticket
U00364,2024-11-25,support_ticket
U00364,2022-12-08,feature_use
U00364,2023-06-16,support_ticket
U00365,2022-08-11,feature_use
U00365,2023-05-06,feature_use
U00365,2022-07-24,support_ticket
U00365,2022-12-31,support_ticket
U00365,2024-04-29,support_ticket
U00365,2024-10-16,feature_use
U00365,2024-12-26,login
U00365,2023-06-13,login
U00365,2022-11-12,login
U00365,2022-12-28,feature_use
U00365,2022-12-03,feature_use
U00365,2022-08-23,feature_use
U00365,2023-08-27,feature_use
U00365,2024-01-31,support_ticket
U00365,2022-09-14,login
U00365,2024-11-20,support_ticket
U00365,2023-01-13,feature_use
U00365,2024-01-12,feature_use
U00365,2023-07-16,support_ticket
U00365,2022-10-28,login
U00365,2022-07-14,support_ticket
U00365,2024-12-28,support_ticket
U00365,2024-02-20,support_ticket
U00365,2023-01-24,support_ticket
U00365,2024-10-14,login
U00365,2023-06-16,feature_use
U00365,2023-05-22,support_ticket
U00365,2024-10-25,support_ticket
U00365,2024-01-29,login
U00365,2024-04-07,support_ticket
U00365,2024-08-06,feature_use
U00365,2023-04-08,support_ticket
U00365,2022-10-30,support_ticket
U00365,2023-07-04,feature_use
U00365,2024-12-16,login
U00365,2022-07-28,login
U00365,2023-10-14,feature_use
U00365,2022-07-27,login
U00365,2022-07-14,login
U00366,2024-08-07,feature_use
U00366,2024-08-28,feature_use
U00366,2024-09-18,support_ticket
U00366,2024-03-19,login
U00366,2024-06-24,support_ticket
U00366,2024-02-24,support_ticket
U00366,2023-12-08,login
U00367,2024-08-19,feature_use
U00367,2024-03-23,support_ticket
U00367,2024-06-15,support_ticket
U00367,2024-05-11,feature_use
U00367,2024-11-06,support_ticket
U00367,2024-07-02,feature_use
U00367,2024-09-19,support_ticket
U00367,2024-02-29,support_ticket
U00367,2024-10-05,support_ticket
U00367,2024-02-12,support_ticket
U00367,2024-04-03,support_ticket
U00367,2024-10-01,login
U00367,2024-09-02,support_ticket
U00367,2024-02-20,login
U00367,2024-03-31,support_ticket
U00367,2024-05-17,feature_use
U00367,2024-08-11,support_ticket
U00367,2024-04-05,login
U00367,2024-05-31,feature_use
U00367,2024-07-03,feature_use
U00367,2024-06-11,login
U00367,2024-12-06,support_ticket
U00367,2024-02-25,feature_use
U00367,2024-10-07,feature_use
U00367,2024-07-27,feature_use
U00367,2024-11-15,feature_use
U00367,2024-08-12,login
U00368,2022-04-15,feature_use
U00368,2022-11-12,login
U00368,2022-09-22,feature_use
U00368,2023-12-31,support_ticket
U00368,2024-07-07,feature_use
U00368,2022-11-02,feature_use
U00368,2024-06-15,login
U00368,2023-02-07,login
U00368,2022-10-08,support_ticket
U00368,2022-02-11,feature_use
U00368,2023-05-24,login
U00368,2023-09-21,feature_use
U00368,2022-03-27,feature_use
U00368,2024-11-12,feature_use
U00368,2024-10-05,feature_use
U00368,2023-10-09,support_ticket
U00368,2023-09-08,support_ticket
U00368,2023-11-23,feature_use
U00368,2023-04-27,support_ticket
U00368,2024-07-09,feature_use
U00368,2023-01-10,login
U00368,2023-05-15,support_ticket
U00368,2023-05-02,feature_use
U00368,2022-02-07,feature_use
U00369,2022-07-14,feature_use
U00369,2023-08-20,support_ticket
U00369,2023-09-19,login
U00369,2022-05-03,login
U00369,2022-01-30,login
U00369,2023-03-01,feature_use
U00369,2022-06-25,support_ticket
U00369,2022-10-20,login
U00369,2022-02-23,support_ticket
U00369,2024-05-31,login
U00370,2023-09-23,support_ticket
U00370,2024-08-16,feature_use
U00370,2023-10-07,feature_use
U00370,2024-02-01,support_ticket
U00370,2024-11-08,support_ticket
U00370,2024-01-07,support_ticket
U00370,2024-04-18,support_ticket
U00370,2024-03-23,support_ticket
U00370,2024-03-23,support_ticket
U00370,2024-03-27,login
U00370,2023-11-01,support_ticket
U00370,2024-03-07,login
U00370,2024-04-18,login
U00370,2024-03-15,login
U00370,2024-06-18,login
U00370,2024-09-25,feature_use
U00370,2024-09-11,feature_use
U00370,2023-07-25,feature_use
U00370,2023-07-07,login
U00370,2024-04-08,login
U00370,2024-10-22,support_ticket
U00370,2023-06-17,feature_use
U00370,2024-03-10,support_ticket
U00370,2023-08-02,feature_use
U00370,2024-07-31,feature_use
U00370,2024-03-09,feature_use
U00370,2024-08-24,login
U00370,2024-05-08,support_ticket
U00370,2023-12-05,feature_use
U00370,2023-09-21,feature_use
U00370,2024-07-21,support_ticket
U00370,2024-02-26,login
U00370,2024-08-14,login
U00370,2024-04-28,support_ticket
U00370,2024-03-02,support_ticket
U00370,2024-12-04,feature_use
U00370,2023-11-20,feature_use
U00370,2024-02-20,support_ticket
U00370,2023-11-24,login
U00370,2024-04-05,login
U00370,2024-09-11,support_ticket
U00370,2024-10-28,login
U00370,2023-12-13,login
U00370,2023-09-04,support_ticket
U00370,2023-12-08,feature_use
U00371,2024-12-12,login
U00371,2024-06-05,login
U00371,2023-03-04,support_ticket
U00371,2023-12-17,support_ticket
U00371,2023-01-04,feature_use
U00371,2022-08-09,support_ticket
U00371,2023-10-30,support_ticket
U00371,2023-12-31,login
U00371,2024-10-10,support_ticket
U00371,2022-09-09,feature_use
U00372,2024-01-08,support_ticket
U00372,2024-01-03,login
U00372,2022-09-13,feature_use
U00372,2024-12-29,support_ticket
U00372,2023-11-23,login
U00372,2023-07-24,support_ticket
U00372,2022-11-07,feature_use
U00372,2023-03-08,login
U00372,2023-12-03,support_ticket
U00372,2023-07-14,feature_use
U00372,2023-08-04,support_ticket
U00372,2023-04-09,feature_use
U00372,2024-09-19,login
U00372,2024-01-11,support_ticket
U00372,2022-10-25,login
U00372,2024-02-10,support_ticket
U00373,2024-10-28,feature_use
U00373,2024-12-09,feature_use
U00373,2024-10-07,feature_use
U00373,2024-10-18,feature_use
U00373,2024-11-15,login
U00373,2024-12-16,feature_use
U00373,2024-11-08,support_ticket
U00373,2024-10-31,login
U00373,2024-11-27,feature_use
U00373,2024-11-27,login
U00373,2024-10-22,login
U00374,2024-08-12,login
U00374,2024-03-23,feature_use
U00374,2024-09-16,feature_use
U00374,2024-06-17,login
U00374,2023-08-02,support_ticket
U00374,2023-08-10,login
U00374,2023-08-22,support_ticket
U00374,2024-06-16,feature_use
U00374,2024-02-22,support_ticket
U00374,2023-07-21,support_ticket
U00374,2024-02-28,support_ticket
U00374,2024-06-16,login
U00374,2023-10-09,support_ticket
U00374,2023-09-29,support_ticket
U00374,2024-08-26,support_ticket
U00374,2024-12-19,feature_use
U00374,2024-04-23,login
U00374,2024-04-30,feature_use
U00375,2024-12-30,support_ticket
U00375,2024-05-20,feature_use
U00375,2024-09-02,support_ticket
U00375,2024-08-28,support_ticket
U00375,2024-03-20,support_ticket
U00375,2023-12-22,feature_use
U00375,2023-05-31,support_ticket
U00375,2023-12-22,feature_use
U00375,2023-11-09,support_ticket
U00375,2024-12-04,support_ticket
U00375,2023-11-29,support_ticket
U00375,2023-04-16,support_ticket
U00375,2023-03-31,support_ticket
U00375,2023-01-29,login
U00375,2023-05-03,login
U00375,2024-03-03,support_ticket
U00375,2024-07-27,feature_use
U00375,2024-12-25,support_ticket
U00375,2024-08-22,support_ticket
U00375,2024-10-16,support_ticket
U00375,2023-02-21,login
U00375,2023-10-10,support_ticket
U00376,2024-04-23,support_ticket
U00376,2024-11-24,feature_use
U00376,2024-02-28,feature_use
U00376,2024-01-25,feature_use
U00376,2024-11-10,support_ticket
U00376,2024-06-19,feature_use
U00376,2024-07-04,login
U00376,2024-06-02,login
U00376,2024-08-22,feature_use
U00376,2024-04-08,support_ticket
U00376,2024-08-05,support_ticket
U00376,2024-03-11,login
U00376,2024-04-20,support_ticket
U00376,2024-05-08,support_ticket
U00376,2024-02-02,login
U00376,2024-10-14,support_ticket
U00376,2024-07-10,feature_use
U00376,2024-10-18,login
U00376,2024-02-28,support_ticket
U00376,2024-05-22,support_ticket
U00376,2024-09-25,support_ticket
U00376,2024-02-27,feature_use
U00376,2024-07-08,support_ticket
U00376,2024-01-23,login
U00376,2024-11-29,support_ticket
U00376,2024-11-06,support_ticket
U00376,2024-04-12,login
U00376,2024-09-01,feature_use
U00376,2024-11-08,login
U00376,2024-07-25,feature_use
U00376,2024-04-02,support_ticket
U00376,2024-08-22,feature_use
U00376,2024-11-12,login
U00376,2024-05-10,feature_use
U00376,2024-03-03,support_ticket
U00376,2024-12-19,feature_use
U00376,2024-10-02,support_ticket
U00376,2024-01-28,support_ticket
U00376,2024-09-11,support_ticket
U00377,2024-12-17,support_ticket
U00377,2023-09-13,login
U00377,2023-02-28,support_ticket
U00377,2023-11-30,login
U00377,2024-11-24,support_ticket
U00378,2022-09-06,support_ticket
U00378,2023-01-06,support_ticket
U00378,2022-07-25,login
U00378,2023-01-14,support_ticket
U00378,2022-09-10,support_ticket
U00378,2023-09-02,feature_use
U00378,2022-09-19,support_ticket
U00378,2024-10-07,feature_use
U00378,2023-04-27,login
U00378,2023-01-09,support_ticket
U00378,2023-07-15,login
U00378,2023-12-13,login
U00379,2023-10-19,feature_use
U00379,2024-08-17,support_ticket
U00379,2024-07-18,login
U00379,2024-09-16,support_ticket
U00379,2024-04-27,login
U00379,2022-06-06,feature_use
U00379,2023-03-25,login
U00379,2024-10-10,login
U00379,2023-02-24,login
U00379,2024-04-24,feature_use
U00379,2022-11-21,feature_use
U00379,2022-07-04,feature_use
U00379,2024-12-04,support_ticket
U00379,2024-07-16,support_ticket
U00379,2023-09-14,login
U00379,2023-05-17,feature_use
U00379,2022-09-14,feature_use
U00379,2022-07-13,login
U00379,2024-03-30,feature_use
U00379,2023-09-27,support_ticket
U00379,2023-12-28,feature_use
U00379,2023-11-26,login
U00379,2022-11-24,feature_use
U00379,2022-12-27,support_ticket
U00379,2022-06-24,support_ticket
U00379,2022-05-01,support_ticket
U00379,2023-03-31,support_ticket
U00379,2023-03-19,feature_use
U00379,2022-07-25,feature_use
U00379,2024-02-01,feature_use
U00379,2023-07-29,support_ticket
U00379,2023-01-01,login
U00379,2024-02-19,feature_use
U00379,2024-09-21,feature_use
U00379,2024-08-11,feature_use
U00379,2022-12-25,support_ticket
U00379,2023-09-05,support_ticket
U00379,2022-10-31,feature_use
U00379,2023-04-14,login
U00379,2022-08-05,feature_use
U00379,2023-02-15,login
U00379,2023-05-31,support_ticket
U00379,2024-01-12,login
U00379,2024-02-28,login
U00379,2024-08-29,support_ticket
U00379,2024-11-11,login
U00379,2023-08-19,feature_use
U00379,2022-10-27,feature_use
U00379,2022-05-22,login
U00380,2024-06-13,feature_use
U00380,2024-12-06,support_ticket
U00380,2023-11-05,feature_use
U00380,2022-10-18,feature_use
U00380,2023-06-26,feature_use
U00380,2023-04-13,support_ticket
U00380,2023-01-06,feature_use
U00380,2023-07-02,feature_use
U00380,2022-12-23,support_ticket
U00380,2024-09-12,feature_use
U00380,2022-12-31,login
U00380,2023-01-29,support_ticket
U00380,2024-09-26,feature_use
U00380,2023-09-10,support_ticket
U00380,2023-05-11,feature_use
U00380,2024-04-14,support_ticket
U00380,2023-08-16,feature_use
U00380,2023-07-12,login
U00380,2023-10-31,login
U00380,2022-11-21,login
U00380,2024-08-29,support_ticket
U00380,2024-04-25,login
U00380,2023-03-01,feature_use
U00380,2023-05-21,login
U00380,2023-07-11,login
U00380,2024-02-24,feature_use
U00380,2023-05-15,feature_use
U00380,2023-02-28,support_ticket
U00380,2023-01-26,feature_use
U00380,2024-07-23,feature_use
U00380,2024-09-05,feature_use
U00380,2024-01-21,login
U00380,2024-04-07,support_ticket
U00380,2023-06-06,support_ticket
U00380,2023-09-03,login
U00380,2022-11-05,support_ticket
U00380,2023-12-09,support_ticket
U00380,2022-11-28,feature_use
U00380,2024-03-04,feature_use
U00381,2024-12-26,support_ticket
U00381,2024-11-22,support_ticket
U00381,2023-02-23,support_ticket
U00381,2023-08-16,login
U00381,2024-07-21,support_ticket
U00381,2023-12-01,support_ticket
U00381,2024-07-25,feature_use
U00381,2023-11-23,feature_use
U00381,2024-02-14,login
U00381,2023-10-20,feature_use
U00381,2024-08-23,support_ticket
U00381,2024-05-29,login
U00381,2024-07-06,login
U00381,2024-05-29,feature_use
U00381,2023-09-09,login
U00381,2024-12-08,feature_use
U00381,2024-09-08,support_ticket
U00381,2023-06-22,login
U00381,2024-03-18,feature_use
U00381,2023-03-27,login
U00381,2023-12-29,login
U00382,2024-10-31,support_ticket
U00382,2024-12-21,login
U00382,2024-10-31,feature_use
U00382,2024-09-23,support_ticket
U00382,2024-10-27,feature_use
U00382,2024-11-19,support_ticket
U00382,2024-10-12,support_ticket
U00382,2024-09-25,support_ticket
U00382,2024-09-26,login
U00382,2024-10-18,feature_use
U00382,2024-12-03,feature_use
U00382,2024-10-24,login
U00382,2024-12-12,feature_use
U00382,2024-09-09,login
U00382,2024-11-27,login
U00382,2024-11-13,login
U00382,2024-11-15,login
U00382,2024-12-26,feature_use
U00382,2024-09-21,support_ticket
U00382,2024-12-11,support_ticket
U00382,2024-12-17,feature_use
U00382,2024-12-30,login
U00382,2024-09-20,support_ticket
U00382,2024-09-13,feature_use
U00382,2024-09-14,feature_use
U00382,2024-09-30,login
U00382,2024-12-30,login
U00382,2024-12-24,feature_use
U00382,2024-09-05,support_ticket
U00382,2024-12-14,login
U00382,2024-12-16,login
U00382,2024-12-20,login
U00382,2024-11-14,login
U00382,2024-11-28,support_ticket
U00382,2024-10-12,feature_use
U00382,2024-10-26,login
U00382,2024-08-28,feature_use
U00382,2024-12-03,feature_use
U00382,2024-09-05,login
U00382,2024-09-04,support_ticket
U00382,2024-11-24,feature_use
U00382,2024-11-24,support_ticket
U00383,2022-09-25,login
U00383,2024-05-17,login
U00383,2022-02-06,feature_use
U00383,2023-04-16,login
U00383,2024-04-18,support_ticket
U00383,2021-08-18,login
U00383,2024-09-09,feature_use
U00383,2024-08-29,feature_use
U00383,2021-10-05,support_ticket
U00383,2022-01-06,login
U00383,2022-10-05,support_ticket
U00383,2023-10-26,login
U00383,2024-07-01,support_ticket
U00383,2024-05-02,feature_use
U00383,2022-01-20,support_ticket
U00383,2023-05-24,feature_use
U00383,2024-06-05,feature_use
U00383,2022-05-10,login
U00383,2022-03-15,feature_use
U00383,2021-08-24,feature_use
U00383,2022-11-18,login
U00383,2022-03-31,feature_use
U00383,2021-04-14,feature_use
U00383,2024-10-29,support_ticket
U00383,2022-05-29,login
U00383,2023-07-23,login
U00383,2021-10-23,support_ticket
U00383,2024-09-10,login
U00383,2021-05-28,login
U00383,2022-12-02,feature_use
U00383,2024-02-26,feature_use
U00383,2021-10-06,support_ticket
U00383,2023-05-07,login
U00383,2021-06-27,feature_use
U00383,2021-04-10,login
U00383,2024-04-08,feature_use
U00383,2023-09-21,support_ticket
U00383,2024-11-12,login
U00383,2021-07-09,login
U00383,2021-05-27,login
U00383,2024-07-16,feature_use
U00383,2022-07-14,feature_use
U00383,2023-07-13,support_ticket
U00383,2021-12-19,login
U00383,2024-05-29,feature_use
U00383,2022-04-23,feature_use
U00383,2024-04-03,support_ticket
U00383,2021-05-19,login
U00383,2023-02-09,feature_use
U00383,2023-11-16,support_ticket
U00384,2024-04-30,login
U00384,2024-05-17,feature_use
U00384,2024-06-24,login
U00384,2024-07-17,support_ticket
U00384,2024-12-26,login
U00384,2024-04-29,feature_use
U00384,2024-06-17,support_ticket
U00384,2024-08-19,login
U00384,2024-06-10,login
U00384,2024-10-07,feature_use
U00384,2024-06-05,login
U00384,2024-05-16,login
U00384,2024-06-14,support_ticket
U00384,2024-11-17,feature_use
U00384,2024-09-14,login
U00384,2024-10-30,support_ticket
U00384,2024-08-21,login
U00384,2024-10-07,feature_use
U00384,2024-08-27,login
U00384,2024-06-09,login
U00384,2024-04-29,feature_use
U00384,2024-07-12,support_ticket
U00384,2024-11-07,feature_use
U00384,2024-10-30,feature_use
U00384,2024-11-11,login
U00385,2023-10-12,support_ticket
U00385,2023-12-09,support_ticket
U00385,2023-08-30,feature_use
U00385,2023-06-27,feature_use
U00385,2024-03-09,feature_use
U00385,2024-02-26,feature_use
U00385,2023-08-15,login
U00385,2024-02-06,feature_use
U00385,2024-04-16,login
U00385,2023-12-26,feature_use
U00385,2023-11-15,login
U00385,2024-07-31,login
U00385,2023-11-15,feature_use
U00385,2023-12-23,login
U00385,2024-03-23,login
U00385,2023-11-13,support_ticket
U00385,2023-07-08,support_ticket
U00385,2024-03-25,feature_use
U00385,2024-09-19,feature_use
U00385,2023-12-22,feature_use
U00385,2023-07-14,login
U00385,2023-12-25,feature_use
U00385,2024-06-16,feature_use
U00385,2023-09-25,login
U00385,2023-11-01,feature_use
U00385,2024-08-12,login
U00385,2024-10-09,support_ticket
U00385,2024-04-23,support_ticket
U00385,2023-07-15,support_ticket
U00385,2023-11-05,feature_use
U00385,2024-06-08,support_ticket
U00385,2024-06-22,support_ticket
U00385,2024-12-25,feature_use
U00385,2023-10-13,feature_use
U00385,2023-07-28,login
U00385,2023-10-07,login
U00386,2023-11-15,feature_use
U00386,2023-10-26,login
U00386,2024-10-07,support_ticket
U00386,2024-09-11,support_ticket
U00386,2024-05-12,support_ticket
U00386,2024-09-20,feature_use
U00386,2024-11-26,support_ticket
U00386,2024-10-05,support_ticket
U00386,2024-09-28,login
U00386,2024-02-29,feature_use
U00386,2024-08-16,login
U00386,2023-08-03,support_ticket
U00386,2024-04-25,feature_use
U00386,2024-11-03,feature_use
U00386,2023-08-18,support_ticket
U00386,2024-03-17,feature_use
U00386,2023-10-23,support_ticket
U00386,2023-11-14,support_ticket
U00386,2023-08-27,feature_use
U00386,2024-05-18,support_ticket
U00386,2023-12-05,login
U00386,2024-10-14,feature_use
U00386,2023-09-07,login
U00386,2024-09-10,support_ticket
U00386,2024-02-16,feature_use
U00386,2023-12-02,login
U00386,2024-06-22,login
U00386,2024-05-05,support_ticket
U00386,2024-04-25,support_ticket
U00386,2024-10-14,feature_use
U00386,2024-10-26,login
U00386,2024-12-22,login
U00386,2023-11-22,login
U00386,2024-09-17,feature_use
U00386,2024-04-30,feature_use
U00386,2024-02-01,login
U00386,2023-08-03,login
U00386,2023-09-30,login
U00386,2024-02-14,support_ticket
U00386,2024-12-09,support_ticket
U00386,2023-12-23,login
U00387,2023-08-27,login
U00387,2022-12-23,login
U00387,2021-10-27,login
U00387,2021-12-04,login
U00387,2024-11-19,support_ticket
U00387,2023-12-03,login
U00387,2023-06-12,support_ticket
U00387,2024-01-26,feature_use
U00387,2023-02-25,support_ticket
U00387,2022-06-07,support_ticket
U00387,2021-11-01,login
U00387,2024-09-14,support_ticket
U00387,2024-12-29,login
U00387,2022-06-28,feature_use
U00387,2022-06-23,feature_use
U00387,2021-10-28,login
U00387,2022-04-30,feature_use
U00387,2024-12-28,support_ticket
U00387,2022-08-30,login
U00387,2022-08-03,support_ticket
U00387,2024-07-31,login
U00387,2024-05-15,support_ticket
U00387,2024-10-16,support_ticket
U00387,2024-05-21,support_ticket
U00387,2022-01-22,feature_use
U00387,2021-11-10,support_ticket
U00387,2023-09-12,feature_use
U00388,2022-04-30,support_ticket
U00388,2024-04-01,feature_use
U00388,2023-04-25,feature_use
U00388,2023-03-29,login
U00388,2022-02-24,login
U00388,2024-10-02,feature_use
U00388,2023-02-04,login
U00388,2024-04-20,login
U00388,2022-05-30,support_ticket
U00388,2023-03-28,feature_use
U00388,2022-04-30,login
U00388,2024-10-19,login
U00388,2023-08-26,login
U00388,2024-12-24,support_ticket
U00388,2023-12-09,support_ticket
U00388,2023-04-27,feature_use
U00388,2024-09-04,login
U00388,2023-08-07,login
U00388,2021-12-20,login
U00388,2023-04-29,support_ticket
U00388,2021-12-07,login
U00388,2023-11-26,login
U00388,2023-09-07,login
U00388,2023-06-04,feature_use
U00388,2024-03-03,login
U00388,2024-05-15,feature_use
U00388,2023-12-21,support_ticket
U00388,2023-04-09,feature_use
U00388,2023-05-26,feature_use
U00388,2024-04-15,feature_use
U00388,2022-09-12,support_ticket
U00388,2022-03-02,login
U00388,2022-03-12,support_ticket
U00388,2022-08-22,feature_use
U00388,2021-12-15,login
U00388,2024-11-21,login
U00388,2024-09-16,login
U00388,2022-08-22,support_ticket
U00388,2023-02-11,support_ticket
U00389,2024-02-27,feature_use
U00389,2022-06-28,login
U00389,2024-12-25,feature_use
U00389,2022-11-18,login
U00389,2023-12-22,feature_use
U00389,2023-11-21,login
U00389,2023-11-17,feature_use
U00389,2024-06-01,feature_use
U00389,2022-11-13,feature_use
U00389,2023-02-14,feature_use
U00389,2024-04-09,login
U00389,2023-08-22,feature_use
U00389,2022-12-07,login
U00389,2023-06-14,feature_use
U00389,2022-07-14,login
U00389,2023-04-24,login
U00389,2022-12-07,support_ticket
U00389,2022-10-01,support_ticket
U00389,2022-11-16,support_ticket
U00389,2024-06-14,feature_use
U00389,2022-10-14,support_ticket
U00389,2022-10-23,support_ticket
U00389,2023-08-29,login
U00389,2024-03-31,login
U00389,2024-09-09,support_ticket
U00389,2023-05-28,feature_use
U00389,2024-01-26,login
U00389,2023-04-16,support_ticket
U00389,2024-11-30,feature_use
U00389,2022-10-22,login
U00389,2022-08-28,feature_use
U00389,2024-03-04,login
U00389,2023-02-06,login
U00390,2024-12-16,feature_use
U00390,2024-11-20,login
U00390,2024-11-24,login
U00390,2024-12-24,login
U00390,2024-12-22,login
U00390,2024-12-18,login
U00390,2024-11-20,login
U00390,2024-11-30,login
U00390,2024-11-27,support_ticket
U00390,2024-12-29,feature_use
U00390,2024-11-23,feature_use
U00390,2024-11-24,login
U00390,2024-11-20,support_ticket
U00390,2024-12-05,support_ticket
U00390,2024-12-12,login
U00390,2024-12-20,support_ticket
U00390,2024-12-16,feature_use
U00390,2024-12-09,login
U00390,2024-12-05,feature_use
U00390,2024-12-13,support_ticket
U00390,2024-11-21,feature_use
U00391,2022-06-12,login
U00391,2023-12-01,feature_use
U00391,2022-09-05,support_ticket
U00391,2023-02-18,feature_use
U00391,2021-08-04,login
U00391,2024-12-08,login
U00391,2023-04-26,login
U00391,2021-06-28,feature_use
U00391,2024-04-01,support_ticket
U00391,2024-12-16,login
U00391,2023-03-09,feature_use
U00391,2022-04-14,feature_use
U00391,2022-10-08,feature_use
U00391,2024-07-31,feature_use
U00391,2021-12-01,feature_use
U00391,2023-10-01,support_ticket
U00391,2022-05-26,login
U00391,2023-03-26,login
U00391,2022-02-27,feature_use
U00391,2022-06-24,feature_use
U00391,2023-12-28,login
U00391,2024-04-22,feature_use
U00391,2023-10-18,support_ticket
U00391,2023-08-16,feature_use
U00391,2023-09-11,login
U00391,2022-03-07,feature_use
U00391,2021-11-17,support_ticket
U00391,2023-12-06,feature_use
U00391,2024-07-05,feature_use
U00391,2024-04-24,feature_use
U00391,2024-12-12,feature_use
U00391,2024-02-08,feature_use
U00391,2021-11-25,support_ticket
U00391,2022-05-06,support_ticket
U00391,2021-10-15,support_ticket
U00391,2022-08-13,feature_use
U00391,2021-07-14,login
U00391,2023-10-07,login
U00391,2024-04-24,feature_use
U00391,2024-04-04,support_ticket
U00391,2024-02-28,feature_use
U00391,2022-04-08,login
U00391,2022-10-08,feature_use
U00391,2022-12-22,login
U00391,2023-03-05,login
U00391,2023-03-05,support_ticket
U00392,2024-07-09,support_ticket
U00392,2024-03-16,login
U00392,2024-03-15,login
U00392,2024-06-18,support_ticket
U00392,2024-08-06,feature_use
U00392,2024-11-02,support_ticket
U00392,2024-06-28,login
U00392,2024-06-28,feature_use
U00392,2024-10-18,login
U00392,2024-01-06,feature_use
U00392,2024-11-30,support_ticket
U00392,2024-05-18,feature_use
U00392,2024-11-22,login
U00392,2024-03-01,login
U00392,2024-12-06,support_ticket
U00392,2024-11-06,feature_use
U00392,2024-04-07,support_ticket
U00392,2024-10-05,login
U00392,2024-09-25,login
U00392,2024-08-22,login
U00392,2023-12-30,support_ticket
U00392,2024-08-04,login
U00392,2024-06-03,login
U00392,2024-06-18,support_ticket
U00392,2024-10-24,feature_use
U00392,2024-09-10,support_ticket
U00392,2024-03-29,support_ticket
U00392,2024-01-31,support_ticket
U00392,2024-09-18,feature_use
U00392,2024-10-24,feature_use
U00392,2024-09-28,login
U00393,2024-10-18,feature_use
U00393,2024-07-11,feature_use
U00393,2024-08-01,login
U00393,2024-07-18,login
U00393,2024-07-30,login
U00393,2024-10-09,feature_use
U00393,2024-08-26,support_ticket
U00393,2024-09-16,login
U00393,2024-08-23,login
U00393,2024-07-14,login
U00393,2024-10-17,login
U00393,2024-09-24,support_ticket
U00393,2024-11-19,feature_use
U00393,2024-07-08,login
U00393,2024-11-11,login
U00393,2024-08-01,support_ticket
U00393,2024-12-18,support_ticket
U00393,2024-10-13,login
U00393,2024-07-21,login
U00393,2024-08-17,login
U00393,2024-08-27,login
U00393,2024-12-06,feature_use
U00393,2024-11-24,support_ticket
U00393,2024-12-13,support_ticket
U00393,2024-07-19,login
U00393,2024-07-29,feature_use
U00393,2024-07-15,login
U00393,2024-08-29,feature_use
U00393,2024-11-05,login
U00393,2024-09-06,login
U00394,2023-12-26,support_ticket
U00394,2021-10-03,support_ticket
U00394,2023-10-26,support_ticket
U00394,2024-04-24,feature_use
U00394,2021-06-16,support_ticket
U00394,2021-10-15,support_ticket
U00394,2023-05-18,login
U00394,2023-03-11,support_ticket
U00394,2024-08-29,login
U00394,2024-01-18,feature_use
U00394,2021-10-02,support_ticket
U00394,2024-11-01,feature_use
U00394,2024-10-07,feature_use
U00394,2024-02-20,feature_use
U00394,2023-03-31,login
U00394,2024-09-22,login
U00394,2021-08-19,login
U00394,2023-08-28,feature_use
U00394,2022-06-15,feature_use
U00394,2024-03-04,login
U00394,2021-11-14,login
U00394,2023-11-07,login
U00394,2024-05-01,support_ticket
U00394,2024-12-28,feature_use
U00394,2024-02-18,support_ticket
U00394,2021-03-22,feature_use
U00394,2021-12-21,feature_use
U00394,2024-07-23,login
U00394,2022-06-22,feature_use
U00394,2021-10-30,feature_use
U00394,2021-10-17,feature_use
U00394,2021-05-10,support_ticket
U00394,2024-01-27,login
U00394,2024-08-26,feature_use
U00394,2022-01-25,login
U00394,2022-05-04,support_ticket
U00394,2024-07-17,support_ticket
U00394,2024-10-02,feature_use
U00394,2022-08-11,feature_use
U00394,2023-12-14,login
U00394,2024-03-15,login
U00394,2023-12-03,feature_use
U00394,2022-06-22,login
U00394,2023-09-17,feature_use
U00394,2024-05-04,login
U00394,2021-03-29,login
U00394,2022-10-23,support_ticket
U00394,2021-04-14,support_ticket
U00394,2024-04-12,feature_use
U00395,2023-08-15,support_ticket
U00395,2022-05-28,login
U00395,2022-10-16,support_ticket
U00395,2023-01-14,support_ticket
U00395,2024-09-30,feature_use
U00395,2022-11-10,login
U00395,2022-11-30,feature_use
U00395,2022-11-02,login
U00395,2024-08-17,login
U00395,2023-05-31,support_ticket
U00395,2022-06-03,feature_use
U00395,2024-01-02,support_ticket
U00395,2024-06-15,feature_use
U00395,2023-11-11,feature_use
U00395,2024-09-09,feature_use
U00395,2023-01-16,feature_use
U00395,2024-03-08,feature_use
U00395,2022-05-16,feature_use
U00395,2024-07-24,feature_use
U00395,2024-03-24,support_ticket
U00395,2023-04-26,login
U00395,2023-07-17,support_ticket
U00395,2024-04-01,login
U00395,2023-01-02,support_ticket
U00395,2024-09-12,feature_use
U00395,2024-04-08,support_ticket
U00395,2024-12-13,login
U00396,2023-04-25,login
U00396,2022-02-26,feature_use
U00396,2023-03-07,login
U00396,2023-09-08,login
U00396,2021-07-14,feature_use
U00396,2021-07-24,login
U00396,2022-08-13,feature_use
U00396,2021-10-08,support_ticket
U00396,2024-06-09,feature_use
U00396,2022-05-21,feature_use
U00397,2024-08-18,support_ticket
U00397,2024-12-05,login
U00397,2024-12-15,login
U00397,2024-10-02,support_ticket
U00397,2024-10-03,support_ticket
U00397,2024-08-06,login
U00397,2024-07-27,login
U00397,2024-10-06,login
U00397,2024-11-06,support_ticket
U00397,2024-08-09,login
U00397,2024-10-09,login
U00397,2024-08-01,login
U00397,2024-08-15,feature_use
U00397,2024-08-08,feature_use
U00397,2024-11-19,support_ticket
U00397,2024-10-22,support_ticket
U00397,2024-12-08,feature_use
U00397,2024-10-03,feature_use
U00398,2023-04-22,login
U00398,2023-10-13,login
U00398,2023-09-02,support_ticket
U00398,2022-06-10,login
U00398,2021-12-13,feature_use
U00398,2022-01-10,login
U00398,2023-06-25,feature_use
U00398,2024-04-16,feature_use
U00398,2022-10-21,feature_use
U00398,2024-10-07,support_ticket
U00398,2024-04-24,login
U00398,2023-09-23,feature_use
U00398,2023-04-26,support_ticket
U00398,2023-10-28,feature_use
U00398,2022-07-22,login
U00398,2024-12-29,login
U00398,2024-06-13,feature_use
U00398,2023-10-12,login
U00398,2022-09-07,login
U00398,2024-01-08,support_ticket
U00398,2024-09-21,support_ticket
U00398,2022-06-26,feature_use
U00398,2023-12-18,feature_use
U00398,2022-10-19,feature_use
U00398,2022-03-10,support_ticket
U00398,2024-07-09,login
U00398,2023-03-17,support_ticket
U00398,2024-01-31,login
U00398,2022-10-17,feature_use
U00398,2023-07-29,feature_use
U00398,2024-01-03,feature_use
U00398,2024-04-20,feature_use
U00398,2024-07-23,login
U00398,2022-02-20,feature_use
U00398,2022-04-18,feature_use
U00398,2022-07-03,login
U00398,2024-07-07,login
U00398,2022-04-11,support_ticket
U00398,2024-07-13,login
U00398,2023-12-17,feature_use
U00398,2023-05-30,support_ticket
U00398,2024-08-17,support_ticket
U00398,2023-03-22,feature_use
U00398,2022-04-11,login
U00398,2022-06-25,feature_use
U00398,2023-09-19,feature_use
U00398,2023-03-19,support_ticket
U00398,2022-01-08,login
U00398,2024-05-30,feature_use
U00398,2022-05-05,feature_use
U00399,2023-01-29,support_ticket
U00399,2023-11-01,support_ticket
U00399,2022-04-10,feature_use
U00399,2021-07-16,login
U00399,2024-05-31,login
U00399,2023-02-14,feature_use
U00399,2023-06-21,support_ticket
U00399,2024-03-21,feature_use
U00399,2022-02-01,feature_use
U00399,2022-04-20,support_ticket
U00399,2024-02-26,feature_use
U00399,2021-07-07,feature_use
U00399,2023-08-06,feature_use
U00399,2022-08-31,login
U00399,2021-04-26,feature_use
U00399,2024-12-01,feature_use
U00399,2022-06-02,login
U00399,2023-12-10,login
U00399,2022-06-01,feature_use
U00399,2022-06-05,support_ticket
U00399,2024-05-02,feature_use
U00399,2023-12-05,feature_use
U00399,2022-01-13,feature_use
U00399,2024-08-23,login
U00399,2022-06-25,support_ticket
U00399,2023-09-05,support_ticket
U00399,2024-02-01,feature_use
U00399,2024-08-30,login
U00399,2023-07-16,support_ticket
U00399,2021-06-05,feature_use
U00399,2024-02-27,support_ticket
U00399,2023-06-19,support_ticket
U00399,2022-07-27,login
U00399,2021-07-31,support_ticket
U00399,2023-02-19,feature_use
U00399,2022-07-30,feature_use
U00399,2021-04-17,feature_use
U00400,2024-07-27,support_ticket
U00400,2024-12-25,support_ticket
U00400,2024-10-22,login
U00400,2023-12-22,login
U00400,2024-04-06,feature_use
U00400,2024-09-22,login
U00401,2024-09-04,feature_use
U00401,2024-02-20,login
U00401,2024-04-18,login
U00401,2024-04-26,feature_use
U00401,2024-09-05,login
U00401,2024-09-29,support_ticket
U00401,2024-09-18,feature_use
U00401,2024-05-14,feature_use
U00401,2024-02-17,login
U00401,2024-08-21,login
U00401,2023-06-30,login
U00401,2024-11-22,feature_use
U00401,2023-10-30,login
U00401,2024-10-02,login
U00401,2024-07-18,support_ticket
U00401,2023-10-13,feature_use
U00401,2023-12-30,login
U00401,2023-08-02,support_ticket
U00401,2023-11-29,login
U00401,2023-10-30,feature_use
U00401,2023-09-15,login
U00401,2023-08-17,feature_use
U00401,2024-06-15,support_ticket
U00401,2024-10-15,feature_use
U00401,2023-10-03,feature_use
U00402,2024-07-27,login
U00402,2024-01-22,feature_use
U00402,2024-03-13,support_ticket
U00402,2024-09-27,feature_use
U00402,2024-02-20,feature_use
U00402,2024-05-09,support_ticket
U00402,2024-07-17,support_ticket
U00402,2024-10-02,login
U00402,2024-01-09,feature_use
U00402,2024-03-22,login
U00402,2024-07-28,support_ticket
U00403,2024-11-23,support_ticket
U00403,2024-11-19,login
U00403,2024-10-31,login
U00403,2024-12-19,support_ticket
U00403,2024-10-29,login
U00404,2023-01-06,support_ticket
U00404,2024-03-18,feature_use
U00404,2024-10-04,login
U00404,2022-04-28,feature_use
U00404,2022-02-14,login
U00404,2024-07-04,feature_use
U00404,2022-02-02,login
U00404,2022-06-07,feature_use
U00404,2023-01-26,feature_use
U00404,2022-03-15,feature_use
U00404,2022-01-16,login
U00404,2023-08-13,support_ticket
U00404,2023-02-04,login
U00404,2023-01-07,feature_use
U00404,2024-07-21,login
U00404,2023-05-28,feature_use
U00404,2024-02-04,support_ticket
U00404,2023-03-28,login
U00404,2024-06-14,login
U00404,2023-07-18,feature_use
U00404,2024-05-30,login
U00404,2022-01-04,support_ticket
U00405,2024-09-21,login
U00405,2024-04-05,feature_use
U00405,2023-11-16,login
U00405,2023-08-02,feature_use
U00405,2024-11-14,support_ticket
U00405,2024-11-11,support_ticket
U00405,2024-01-21,login
U00405,2024-11-02,login
U00405,2024-11-03,login
U00405,2023-07-03,feature_use
U00405,2023-08-03,feature_use
U00405,2023-08-26,support_ticket
U00405,2023-05-23,login
U00405,2024-10-01,login
U00405,2024-03-25,login
U00405,2024-02-14,support_ticket
U00405,2023-04-12,feature_use
U00405,2024-09-21,feature_use
U00405,2023-04-24,login
U00406,2024-05-13,feature_use
U00406,2023-08-15,feature_use
U00406,2024-02-29,feature_use
U00406,2024-08-29,login
U00406,2023-08-16,login
U00406,2023-11-26,support_ticket
U00406,2023-03-16,feature_use
U00406,2022-12-05,support_ticket
U00406,2023-09-21,feature_use
U00406,2024-02-06,support_ticket
U00406,2024-02-09,support_ticket
U00406,2023-05-26,login
U00406,2023-08-15,support_ticket
U00406,2022-05-09,support_ticket
U00406,2024-10-04,support_ticket
U00406,2023-07-28,feature_use
U00406,2024-08-21,login
U00406,2023-07-11,support_ticket
U00406,2023-09-28,feature_use
U00406,2024-06-18,feature_use
U00406,2024-09-21,login
U00406,2022-10-29,login
U00406,2023-11-18,login
U00406,2024-03-20,support_ticket
U00406,2024-12-08,login
U00406,2023-12-08,login
U00406,2024-01-08,login
U00406,2022-10-25,login
U00406,2024-07-07,login
U00406,2024-11-19,feature_use
U00406,2024-07-12,feature_use
U00406,2024-10-28,login
U00407,2021-12-26,feature_use
U00407,2023-04-04,support_ticket
U00407,2021-12-30,support_ticket
U00407,2023-01-25,login
U00407,2022-09-07,feature_use
U00407,2022-11-19,login
U00407,2022-12-17,login
U00407,2021-11-03,login
U00407,2023-03-06,feature_use
U00407,2022-03-07,login
U00407,2022-09-01,feature_use
U00407,2023-08-30,feature_use
U00407,2022-02-19,login
U00407,2023-01-27,feature_use
U00407,2023-05-24,feature_use
U00407,2021-12-28,login
U00407,2024-01-28,support_ticket
U00407,2024-08-18,support_ticket
U00407,2024-12-11,feature_use
U00407,2022-12-21,support_ticket
U00407,2022-11-21,login
U00407,2022-11-19,login
U00407,2023-06-16,login
U00407,2024-01-06,login
U00407,2024-03-12,login
U00407,2021-11-04,support_ticket
U00407,2021-12-14,feature_use
U00407,2024-12-19,support_ticket
U00407,2024-10-27,support_ticket
U00407,2023-02-05,login
U00407,2022-07-06,feature_use
U00407,2023-04-27,login
U00407,2022-09-17,support_ticket
U00407,2022-02-15,feature_use
U00407,2023-09-03,support_ticket
U00407,2024-01-03,feature_use
U00407,2022-07-22,login
U00407,2022-06-19,login
U00407,2023-03-02,feature_use
U00407,2024-01-21,login
U00407,2022-03-24,feature_use
U00407,2024-05-19,feature_use
U00407,2023-11-21,feature_use
U00407,2022-09-13,login
U00408,2024-11-05,login
U00408,2024-12-29,feature_use
U00408,2024-08-22,support_ticket
U00408,2024-09-20,feature_use
U00408,2024-10-25,support_ticket
U00409,2024-01-28,login
U00409,2022-12-09,feature_use
U00409,2023-09-07,login
U00409,2024-05-26,login
U00409,2022-09-17,feature_use
U00409,2023-06-23,login
U00409,2024-06-15,feature_use
U00409,2022-10-16,feature_use
U00409,2024-10-29,feature_use
U00409,2023-10-04,feature_use
U00409,2022-11-08,support_ticket
U00410,2024-05-18,feature_use
U00410,2023-04-27,feature_use
U00410,2022-11-26,login
U00410,2024-07-31,login
U00410,2024-05-09,feature_use
U00410,2022-12-14,feature_use
U00410,2024-11-18,login
U00410,2022-09-09,login
U00410,2024-03-19,support_ticket
U00410,2023-01-22,support_ticket
U00410,2024-09-10,support_ticket
U00410,2023-05-15,feature_use
U00410,2022-12-31,feature_use
U00410,2022-10-14,login
U00410,2023-01-30,support_ticket
U00410,2022-11-29,login
U00410,2023-08-10,support_ticket
U00410,2023-04-05,feature_use
U00410,2023-08-11,login
U00410,2023-07-04,login
U00410,2023-05-17,login
U00410,2024-08-19,login
U00410,2022-11-23,support_ticket
U00410,2024-05-29,login
U00410,2023-06-15,login
U00410,2024-06-25,login
U00410,2024-01-24,feature_use
U00410,2023-12-22,support_ticket
U00410,2023-11-28,support_ticket
U00410,2023-01-03,feature_use
U00410,2023-12-03,support_ticket
U00410,2022-12-20,feature_use
U00410,2024-07-22,support_ticket
U00410,2023-04-27,login
U00410,2023-01-17,login
U00410,2024-01-08,support_ticket
U00410,2023-04-11,support_ticket
U00411,2024-12-08,support_ticket
U00411,2023-03-21,support_ticket
U00411,2024-06-10,login
U00411,2024-09-22,login
U00411,2021-06-16,feature_use
U00411,2024-06-16,feature_use
U00411,2024-03-05,login
U00411,2023-11-01,feature_use
U00411,2024-12-20,feature_use
U00411,2024-08-20,login
U00411,2022-08-02,login
U00411,2022-05-15,support_ticket
U00411,2024-09-20,support_ticket
U00411,2023-10-29,feature_use
U00411,2021-12-13,feature_use
U00411,2024-11-16,login
U00411,2022-05-06,feature_use
U00411,2024-01-13,support_ticket
U00411,2024-06-16,support_ticket
U00411,2023-01-15,feature_use
U00411,2022-12-16,login
U00412,2024-10-05,support_ticket
U00412,2024-12-31,feature_use
U00412,2024-07-25,support_ticket
U00412,2024-07-14,feature_use
U00412,2024-11-27,support_ticket
U00412,2024-12-18,login
U00412,2024-11-11,login
U00412,2024-04-27,support_ticket
U00412,2024-09-01,feature_use
U00412,2024-12-20,login
U00412,2024-07-13,feature_use
U00412,2024-09-21,login
U00412,2024-09-28,support_ticket
U00412,2024-10-26,login
U00412,2024-11-04,login
U00412,2024-07-08,login
U00412,2024-07-20,feature_use
U00412,2024-04-22,login
U00412,2024-07-20,feature_use
U00412,2024-11-11,login
U00412,2024-09-18,feature_use
U00412,2024-07-15,support_ticket
U00412,2024-11-14,login
U00412,2024-08-24,login
U00412,2024-04-24,login
U00412,2024-07-13,login
U00412,2024-08-21,feature_use
U00412,2024-06-01,feature_use
U00412,2024-07-16,support_ticket
U00412,2024-04-23,login
U00412,2024-11-17,feature_use
U00412,2024-07-14,support_ticket
U00412,2024-12-01,login
U00412,2024-06-25,feature_use
U00412,2024-11-08,login
U00412,2024-08-30,feature_use
U00412,2024-05-14,support_ticket
U00412,2024-10-19,feature_use
U00413,2023-11-24,login
U00413,2024-09-18,feature_use
U00413,2023-06-28,login
U00413,2024-01-11,support_ticket
U00413,2023-08-03,login
U00413,2023-08-13,support_ticket
U00413,2023-12-29,login
U00413,2024-06-01,login
U00413,2024-11-20,support_ticket
U00413,2023-11-16,login
U00413,2023-10-30,feature_use
U00413,2024-09-04,login
U00413,2023-08-15,support_ticket
U00413,2024-01-01,feature_use
U00413,2023-05-24,support_ticket
U00413,2023-07-05,feature_use
U00413,2023-06-09,support_ticket
U00414,2023-12-27,feature_use
U00414,2024-07-16,login
U00414,2023-08-05,feature_use
U00414,2023-06-25,feature_use
U00414,2023-01-02,support_ticket
U00414,2024-10-16,feature_use
U00414,2022-11-06,feature_use
U00414,2023-12-01,login
U00414,2023-10-16,feature_use
U00414,2023-04-22,support_ticket
U00414,2024-03-02,support_ticket
U00414,2023-09-08,login
U00414,2022-09-26,support_ticket
U00414,2023-08-10,login
U00415,2023-12-14,login
U00415,2024-02-02,feature_use
U00415,2023-11-02,feature_use
U00415,2024-11-12,feature_use
U00415,2024-08-19,login
U00415,2024-11-28,login
U00415,2024-08-26,login
U00415,2023-12-31,login
U00415,2024-10-23,feature_use
U00415,2023-11-14,login
U00415,2024-08-11,support_ticket
U00415,2024-01-27,feature_use
U00415,2024-09-15,login
U00415,2024-04-26,feature_use
U00415,2023-11-26,login
U00415,2024-09-17,login
U00415,2024-04-03,feature_use
U00415,2024-02-05,feature_use
U00415,2023-11-15,support_ticket
U00415,2023-12-26,feature_use
U00415,2023-12-17,feature_use
U00415,2024-05-14,support_ticket
U00415,2024-12-18,feature_use
U00415,2024-06-10,feature_use
U00415,2024-05-18,feature_use
U00415,2024-12-17,login
U00415,2024-04-20,support_ticket
U00415,2024-01-01,feature_use
U00415,2024-07-22,feature_use
U00415,2023-12-18,support_ticket
U00415,2023-10-10,feature_use
U00415,2024-12-10,feature_use
U00415,2024-11-04,login
U00415,2024-05-16,feature_use
U00416,2023-06-03,support_ticket
U00416,2024-09-06,feature_use
U00416,2023-03-13,login
U00416,2024-07-11,support_ticket
U00416,2024-11-12,support_ticket
U00416,2023-09-02,login
U00416,2023-12-24,support_ticket
U00416,2023-08-27,login
U00416,2023-08-12,feature_use
U00416,2024-09-16,login
U00416,2024-05-21,feature_use
U00416,2023-11-21,feature_use
U00416,2023-05-11,feature_use
U00416,2023-08-12,login
U00416,2023-11-23,feature_use
U00416,2024-05-04,feature_use
U00416,2023-09-10,support_ticket
U00416,2024-03-25,support_ticket
U00416,2023-11-09,feature_use
U00416,2024-09-26,login
U00416,2023-08-09,feature_use
U00416,2023-12-18,support_ticket
U00416,2024-03-05,support_ticket
U00416,2023-10-09,feature_use
U00416,2023-07-11,feature_use
U00416,2024-09-15,support_ticket
U00417,2024-08-13,support_ticket
U00417,2024-11-17,login
U00417,2024-07-02,support_ticket
U00417,2024-10-31,support_ticket
U00417,2024-08-06,login
U00417,2024-03-29,login
U00417,2024-09-12,login
U00418,2023-08-08,support_ticket
U00418,2023-07-14,feature_use
U00418,2024-09-25,feature_use
U00418,2023-02-22,login
U00418,2023-10-02,support_ticket
U00418,2023-06-09,login
U00418,2023-07-22,support_ticket
U00418,2024-05-06,login
U00418,2024-12-30,login
U00418,2024-04-14,login
U00418,2023-12-29,support_ticket
U00418,2022-11-15,feature_use
U00418,2024-07-16,feature_use
U00418,2022-10-18,feature_use
U00418,2024-01-10,support_ticket
U00418,2024-06-08,feature_use
U00418,2024-09-20,login
U00418,2023-06-24,login
U00418,2023-12-07,support_ticket
U00418,2024-02-14,feature_use
U00418,2023-06-06,login
U00418,2023-12-09,login
U00418,2023-10-07,support_ticket
U00418,2023-09-16,login
U00418,2024-03-05,feature_use
U00418,2024-06-25,feature_use
U00418,2023-10-27,feature_use
U00418,2023-10-26,feature_use
U00418,2023-01-09,support_ticket
U00418,2023-09-29,login
U00418,2023-10-15,support_ticket
U00418,2024-12-03,login
U00418,2023-09-08,support_ticket
U00418,2023-06-28,support_ticket
U00418,2022-11-25,support_ticket
U00418,2023-09-13,support_ticket
U00418,2024-09-30,support_ticket
U00419,2023-04-25,login
U00419,2023-08-21,feature_use
U00419,2024-07-20,support_ticket
U00419,2023-09-08,support_ticket
U00419,2023-07-12,login
U00419,2024-09-01,feature_use
U00419,2024-02-27,login
U00419,2024-06-29,support_ticket
U00419,2024-10-17,feature_use
U00419,2023-04-11,feature_use
U00419,2023-11-18,feature_use
U00419,2024-05-16,feature_use
U00419,2023-04-25,feature_use
U00419,2023-04-28,login
U00419,2023-11-30,feature_use
U00419,2023-12-20,feature_use
U00419,2024-11-17,support_ticket
U00419,2023-11-28,login
U00419,2023-04-18,feature_use
U00419,2024-07-28,support_ticket
U00419,2024-06-14,support_ticket
U00419,2023-10-24,login
U00419,2024-05-09,feature_use
U00419,2023-07-23,support_ticket
U00419,2023-08-07,login
U00419,2023-09-25,feature_use
U00419,2024-05-15,feature_use
U00419,2024-10-30,support_ticket
U00419,2024-01-03,login
U00419,2024-12-10,login
U00419,2024-08-27,feature_use
U00419,2024-08-23,support_ticket
U00419,2024-08-22,feature_use
U00419,2024-02-21,login
U00419,2024-08-17,feature_use
U00419,2024-11-23,login
U00419,2024-04-21,feature_use
U00419,2023-10-18,support_ticket
U00419,2024-05-19,login
U00419,2024-01-27,support_ticket
U00419,2023-09-11,support_ticket
U00420,2024-11-17,feature_use
U00420,2024-09-25,login
U00420,2024-08-13,support_ticket
U00420,2024-08-17,login
U00420,2024-08-06,support_ticket
U00420,2024-05-14,login
U00420,2024-05-04,support_ticket
U00420,2024-10-24,login
U00420,2024-07-17,support_ticket
U00420,2024-12-17,feature_use
U00420,2024-04-13,support_ticket
U00420,2024-09-26,support_ticket
U00420,2024-10-17,login
U00420,2024-09-29,feature_use
U00420,2024-06-18,login
U00420,2024-04-05,login
U00420,2024-09-26,login
U00420,2024-12-25,support_ticket
U00420,2024-03-12,feature_use
U00420,2024-06-11,support_ticket
U00420,2024-12-27,login
U00420,2024-11-20,support_ticket
U00420,2024-04-15,support_ticket
U00420,2024-12-20,support_ticket
U00420,2024-05-25,feature_use
U00420,2024-05-05,support_ticket
U00420,2024-05-22,feature_use
U00420,2024-08-17,login
U00420,2024-07-02,feature_use
U00420,2024-04-20,feature_use
U00420,2024-03-08,support_ticket
U00420,2024-10-07,feature_use
U00420,2024-07-17,login
U00420,2024-09-28,support_ticket
U00420,2024-08-01,login
U00420,2024-03-20,login
U00420,2024-12-04,support_ticket
U00421,2024-02-12,login
U00421,2024-09-24,login
U00421,2024-03-30,feature_use
U00421,2024-09-30,support_ticket
U00421,2024-08-17,support_ticket
U00421,2023-10-24,login
U00421,2024-03-07,feature_use
U00421,2024-11-14,support_ticket
U00421,2024-08-22,feature_use
U00421,2024-06-01,login
U00421,2024-04-26,support_ticket
U00421,2024-01-14,login
U00421,2024-08-25,feature_use
U00421,2024-12-07,support_ticket
U00421,2024-05-26,login
U00421,2023-10-16,feature_use
U00421,2024-02-24,support_ticket
U00421,2024-07-12,login
U00421,2024-03-02,login
U00421,2024-07-28,support_ticket
U00421,2024-10-29,feature_use
U00421,2024-09-16,login
U00421,2024-12-03,login
U00421,2024-10-06,login
U00421,2024-11-18,support_ticket
U00421,2024-09-26,support_ticket
U00421,2023-11-22,feature_use
U00421,2024-10-20,support_ticket
U00421,2023-12-11,feature_use
U00421,2024-06-12,support_ticket
U00421,2024-12-28,login
U00421,2024-04-29,support_ticket
U00421,2024-04-24,support_ticket
U00421,2024-03-01,support_ticket
U00421,2024-02-05,support_ticket
U00421,2023-12-12,feature_use
U00421,2024-09-09,support_ticket
U00421,2024-08-06,login
U00421,2023-12-06,feature_use
U00421,2024-09-12,feature_use
U00421,2024-11-13,support_ticket
U00421,2024-10-19,support_ticket
U00421,2023-12-26,support_ticket
U00421,2024-07-02,login
U00421,2024-03-31,login
U00421,2024-01-25,feature_use
U00421,2024-11-14,login
U00422,2024-09-26,login
U00422,2024-10-28,login
U00422,2024-09-10,support_ticket
U00422,2024-08-12,login
U00422,2024-09-19,login
U00422,2024-07-19,login
U00422,2024-10-06,support_ticket
U00422,2024-10-13,login
U00422,2024-10-07,support_ticket
U00422,2024-06-13,feature_use
U00422,2024-07-07,feature_use
U00422,2024-07-05,support_ticket
U00423,2024-12-27,feature_use
U00423,2024-12-14,login
U00423,2024-10-10,feature_use
U00423,2024-12-08,feature_use
U00423,2024-08-03,support_ticket
U00423,2024-07-31,feature_use
U00423,2024-09-02,support_ticket
U00423,2024-12-03,support_ticket
U00423,2024-12-22,feature_use
U00423,2024-12-18,login
U00423,2024-11-23,support_ticket
U00423,2024-10-05,login
U00423,2024-08-15,feature_use
U00423,2024-12-12,login
U00423,2024-11-12,support_ticket
U00424,2022-09-21,support_ticket
U00424,2024-02-02,feature_use
U00424,2024-10-24,login
U00424,2022-11-20,feature_use
U00424,2023-07-18,feature_use
U00424,2022-10-11,login
U00424,2023-12-20,login
U00424,2023-11-23,login
U00424,2024-10-05,login
U00424,2023-01-29,support_ticket
U00424,2022-09-28,feature_use
U00424,2022-07-26,support_ticket
U00424,2024-07-12,login
U00424,2024-12-28,feature_use
U00424,2022-12-14,support_ticket
U00424,2024-12-06,feature_use
U00424,2023-03-12,feature_use
U00424,2023-01-07,feature_use
U00424,2024-08-28,support_ticket
U00424,2023-06-23,support_ticket
U00424,2024-03-25,login
U00424,2024-03-16,feature_use
U00424,2023-05-06,support_ticket
U00424,2024-04-24,feature_use
U00424,2024-12-05,login
U00424,2022-08-20,login
U00424,2022-06-09,support_ticket
U00424,2024-07-01,feature_use
U00424,2024-09-04,support_ticket
U00424,2024-04-01,login
U00424,2023-03-30,login
U00424,2024-04-01,feature_use
U00424,2023-01-04,feature_use
U00424,2024-01-29,login
U00424,2024-01-18,login
U00424,2022-11-04,login
U00424,2023-09-10,feature_use
U00424,2023-02-07,login
U00424,2022-12-02,support_ticket
U00424,2024-12-15,feature_use
U00424,2024-01-02,feature_use
U00424,2023-07-17,support_ticket
U00424,2022-07-28,login
U00424,2024-02-12,feature_use
U00424,2024-03-23,feature_use
U00424,2022-05-29,login
U00424,2024-12-24,feature_use
U00424,2023-02-01,feature_use
U00425,2022-04-16,support_ticket
U00425,2023-04-10,login
U00425,2023-07-08,feature_use
U00425,2022-10-16,support_ticket
U00425,2023-12-05,feature_use
U00425,2024-05-09,login
U00425,2024-07-13,feature_use
U00425,2023-08-09,feature_use
U00425,2021-08-20,login
U00425,2023-10-15,support_ticket
U00425,2023-01-26,support_ticket
U00425,2024-08-10,login
U00425,2022-03-18,feature_use
U00425,2024-09-27,feature_use
U00425,2024-05-03,login
U00425,2024-06-12,feature_use
U00425,2023-02-04,support_ticket
U00425,2023-10-15,feature_use
U00425,2022-05-25,login
U00425,2022-04-04,login
U00425,2023-12-11,login
U00425,2023-09-06,feature_use
U00425,2024-02-22,support_ticket
U00425,2024-07-05,feature_use
U00425,2023-02-19,support_ticket
U00426,2023-11-01,feature_use
U00426,2024-05-04,support_ticket
U00426,2024-10-30,support_ticket
U00426,2023-12-17,login
U00426,2023-08-12,feature_use
U00426,2023-12-29,support_ticket
U00426,2024-12-10,feature_use
U00426,2023-12-27,login
U00426,2024-08-15,support_ticket
U00427,2023-05-29,login
U00427,2024-02-15,feature_use
U00427,2024-02-29,login
U00427,2024-04-26,support_ticket
U00427,2024-09-06,feature_use
U00427,2023-07-18,login
U00427,2024-01-06,feature_use
U00427,2024-10-03,support_ticket
U00427,2024-09-24,support_ticket
U00427,2023-06-25,support_ticket
U00427,2024-09-26,support_ticket
U00427,2024-08-01,login
U00427,2023-08-26,feature_use
U00427,2024-08-06,support_ticket
U00427,2024-05-20,feature_use
U00427,2024-08-09,support_ticket
U00427,2024-05-07,support_ticket
U00427,2024-06-08,feature_use
U00427,2024-10-04,login
U00427,2024-02-03,feature_use
U00427,2023-01-30,feature_use
U00427,2023-05-22,login
U00427,2023-10-05,support_ticket
U00427,2023-07-13,login
U00427,2024-07-06,feature_use
U00427,2024-10-01,login
U00427,2023-04-25,feature_use
U00427,2023-08-10,support_ticket
U00427,2024-07-11,support_ticket
U00427,2023-07-31,support_ticket
U00427,2023-04-14,login
U00427,2023-05-27,feature_use
U00427,2023-01-28,login
U00427,2023-01-22,login
U00427,2023-11-10,feature_use
U00427,2023-03-09,support_ticket
U00427,2024-11-22,support_ticket
U00427,2024-05-09,feature_use
U00427,2023-06-17,support_ticket
U00427,2023-03-27,feature_use
U00427,2024-11-15,support_ticket
U00427,2023-09-07,login
U00427,2023-11-05,support_ticket
U00427,2024-08-17,login
U00428,2023-07-01,login
U00428,2022-09-14,login
U00428,2024-02-07,support_ticket
U00428,2024-01-17,feature_use
U00428,2023-01-30,support_ticket
U00428,2024-03-06,feature_use
U00428,2023-01-10,login
U00428,2024-04-24,support_ticket
U00428,2024-03-03,feature_use
U00428,2024-06-17,feature_use
U00428,2024-12-27,support_ticket
U00428,2023-09-24,feature_use
U00428,2023-02-07,support_ticket
U00428,2024-11-09,support_ticket
U00428,2024-08-11,login
U00428,2023-06-27,login
U00428,2023-07-31,support_ticket
U00428,2024-08-23,support_ticket
U00429,2023-06-26,support_ticket
U00429,2023-11-04,login
U00429,2024-04-09,login
U00429,2023-06-01,support_ticket
U00429,2024-09-08,feature_use
U00429,2024-07-12,support_ticket
U00429,2023-08-13,support_ticket
U00429,2024-01-23,support_ticket
U00429,2024-06-14,login
U00429,2024-12-03,support_ticket
U00429,2023-06-04,support_ticket
U00429,2024-05-13,feature_use
U00429,2024-10-28,login
U00429,2023-05-05,login
U00430,2023-10-14,login
U00430,2021-10-03,feature_use
U00430,2024-01-12,feature_use
U00430,2022-04-21,support_ticket
U00430,2024-02-26,support_ticket
U00430,2023-08-11,feature_use
U00430,2022-08-07,support_ticket
U00430,2023-05-15,login
U00430,2023-06-24,login
U00430,2023-06-19,feature_use
U00430,2023-03-09,login
U00430,2022-08-28,feature_use
U00430,2023-01-02,login
U00430,2022-10-30,feature_use
U00430,2023-07-06,feature_use
U00430,2022-04-14,login
U00430,2022-01-12,feature_use
U00430,2024-06-27,feature_use
U00430,2022-11-04,support_ticket
U00430,2022-09-10,login
U00430,2024-07-10,feature_use
U00430,2022-02-02,login
U00430,2024-02-03,login
U00430,2024-12-19,support_ticket
U00430,2022-09-30,login
U00430,2022-07-25,support_ticket
U00430,2023-08-12,support_ticket
U00430,2022-02-20,support_ticket
U00430,2022-11-08,support_ticket
U00430,2024-06-15,login
U00430,2022-12-02,feature_use
U00430,2021-12-19,login
U00430,2023-05-31,support_ticket
U00430,2022-10-09,feature_use
U00430,2023-06-25,feature_use
U00431,2024-05-18,support_ticket
U00431,2024-10-30,login
U00431,2024-05-10,feature_use
U00431,2024-07-31,login
U00431,2024-08-07,support_ticket
U00431,2024-09-22,feature_use
U00431,2024-02-27,login
U00431,2024-06-02,login
U00431,2023-12-26,support_ticket
U00431,2024-08-20,feature_use
U00431,2024-06-05,login
U00431,2024-10-30,login
U00431,2024-08-21,support_ticket
U00431,2024-01-10,support_ticket
U00431,2024-10-04,feature_use
U00431,2024-02-07,feature_use
U00431,2024-12-13,login
U00431,2024-11-24,login
U00431,2024-09-24,support_ticket
U00431,2024-06-18,login
U00431,2024-05-09,feature_use
U00431,2024-07-07,login
U00431,2024-05-02,login
U00431,2024-10-28,login
U00431,2024-10-04,feature_use
U00431,2024-09-09,login
U00431,2024-06-17,feature_use
U00431,2024-09-27,support_ticket
U00431,2024-02-02,support_ticket
U00431,2024-02-10,feature_use
U00431,2024-08-11,feature_use
U00431,2024-05-10,support_ticket
U00431,2024-11-05,feature_use
U00432,2023-12-22,login
U00432,2022-07-30,feature_use
U00432,2022-03-09,support_ticket
U00432,2024-09-05,feature_use
U00432,2021-12-08,login
U00432,2023-07-09,login
U00432,2023-04-20,login
U00432,2023-09-01,feature_use
U00432,2023-09-02,login
U00432,2024-12-12,feature_use
U00432,2022-01-09,login
U00432,2024-12-25,login
U00432,2022-12-02,login
U00432,2024-12-12,login
U00432,2023-02-04,support_ticket
U00432,2024-01-25,feature_use
U00432,2022-10-27,support_ticket
U00432,2022-02-22,login
U00432,2024-10-20,feature_use
U00432,2024-12-21,support_ticket
U00432,2024-02-28,support_ticket
U00432,2023-06-26,support_ticket
U00432,2022-01-15,support_ticket
U00432,2024-05-31,support_ticket
U00432,2024-12-13,login
U00432,2022-10-09,feature_use
U00432,2023-09-22,login
U00432,2023-10-26,login
U00432,2024-01-24,feature_use
U00432,2024-05-16,support_ticket
U00432,2023-01-30,login
U00432,2023-04-01,feature_use
U00432,2024-04-06,login
U00432,2023-01-16,login
U00432,2022-12-26,support_ticket
U00432,2024-07-19,feature_use
U00432,2023-05-26,login
U00432,2024-09-28,support_ticket
U00432,2022-03-22,feature_use
U00432,2024-08-27,login
U00432,2024-10-03,support_ticket
U00432,2024-08-18,login
U00432,2022-11-12,login
U00432,2022-07-31,support_ticket
U00432,2022-06-10,support_ticket
U00432,2023-07-03,login
U00432,2022-05-13,login
U00433,2024-07-25,login
U00433,2024-12-05,feature_use
U00433,2023-09-19,login
U00433,2022-12-04,feature_use
U00433,2024-02-29,feature_use
U00433,2024-03-16,feature_use
U00433,2024-03-24,login
U00433,2023-08-14,login
U00433,2024-11-24,feature_use
U00433,2023-05-01,login
U00433,2024-07-01,login
U00433,2022-12-20,support_ticket
U00433,2024-06-29,feature_use
U00433,2022-09-30,feature_use
U00433,2023-12-06,support_ticket
U00433,2024-07-16,login
U00433,2023-01-25,login
U00434,2023-12-11,support_ticket
U00434,2024-11-23,feature_use
U00434,2024-07-30,login
U00434,2024-04-17,feature_use
U00434,2024-12-17,feature_use
U00434,2024-02-20,support_ticket
U00434,2024-01-07,feature_use
U00434,2024-04-19,support_ticket
U00434,2024-08-09,login
U00434,2024-11-02,support_ticket
U00434,2024-07-30,support_ticket
U00434,2024-09-16,login
U00434,2024-11-30,support_ticket
U00434,2024-11-18,login
U00434,2023-09-27,feature_use
U00434,2024-09-05,login
U00434,2024-01-13,feature_use
U00434,2024-09-02,login
U00434,2024-10-12,support_ticket
U00434,2024-06-06,feature_use
U00434,2024-08-25,login
U00434,2024-06-08,feature_use
U00434,2024-03-20,feature_use
U00434,2024-10-02,feature_use
U00434,2024-03-13,login
U00435,2022-10-09,login
U00435,2023-03-08,support_ticket
U00435,2024-05-24,support_ticket
U00435,2023-04-27,login
U00435,2023-04-15,login
U00435,2022-04-21,login
U00435,2024-05-14,feature_use
U00435,2022-06-22,support_ticket
U00435,2023-10-07,feature_use
U00435,2022-04-24,login
U00435,2023-04-25,feature_use
U00435,2024-07-18,support_ticket
U00435,2024-10-22,feature_use
U00435,2022-04-14,login
U00435,2024-10-22,feature_use
U00435,2023-09-19,feature_use
U00435,2022-05-27,feature_use
U00435,2024-11-13,login
U00435,2023-05-15,login
U00435,2022-05-20,feature_use
U00435,2023-05-18,login
U00435,2023-06-26,login
U00435,2023-04-22,login
U00435,2022-08-18,support_ticket
U00435,2023-10-03,support_ticket
U00435,2022-07-06,support_ticket
U00435,2024-01-16,feature_use
U00435,2023-01-05,login
U00435,2024-01-06,support_ticket
U00435,2023-11-30,login
U00435,2022-04-19,login
U00436,2023-03-05,support_ticket
U00436,2023-05-21,login
U00436,2023-03-21,support_ticket
U00436,2023-09-19,support_ticket
U00436,2023-02-18,login
U00436,2024-01-28,login
U00436,2023-02-12,support_ticket
U00436,2023-10-15,feature_use
U00436,2023-06-30,support_ticket
U00436,2023-08-12,feature_use
U00436,2024-02-03,support_ticket
U00436,2024-05-12,support_ticket
U00436,2024-09-22,feature_use
U00436,2023-09-13,login
U00436,2024-08-30,support_ticket
U00436,2023-07-30,feature_use
U00436,2023-03-03,login
U00436,2024-10-19,support_ticket
U00436,2024-07-19,feature_use
U00436,2023-03-05,login
U00436,2024-05-08,feature_use
U00436,2024-06-07,feature_use
U00436,2024-11-27,feature_use
U00436,2023-10-10,feature_use
U00436,2024-10-26,support_ticket
U00436,2023-06-09,login
U00436,2023-12-12,feature_use
U00436,2024-08-12,support_ticket
U00436,2023-11-04,support_ticket
U00436,2023-11-08,feature_use
U00436,2023-09-07,support_ticket
U00436,2023-04-22,login
U00436,2024-08-12,login
U00436,2024-10-26,support_ticket
U00436,2023-05-23,support_ticket
U00436,2024-08-03,support_ticket
U00436,2024-02-22,feature_use
U00436,2024-10-25,feature_use
U00436,2024-07-15,login
U00436,2023-11-06,feature_use
U00436,2023-12-24,feature_use
U00436,2024-03-10,login
U00437,2024-06-04,support_ticket
U00437,2023-02-27,login
U00437,2021-10-08,feature_use
U00437,2024-07-14,feature_use
U00437,2021-05-16,feature_use
U00437,2024-12-31,feature_use
U00437,2023-03-18,login
U00437,2022-05-24,feature_use
U00437,2021-08-27,feature_use
U00437,2021-11-10,feature_use
U00437,2024-02-12,feature_use
U00437,2021-04-01,feature_use
U00437,2021-02-19,feature_use
U00437,2023-08-06,support_ticket
U00437,2021-12-10,feature_use
U00438,2021-10-13,login
U00438,2022-10-18,feature_use
U00438,2022-01-17,feature_use
U00438,2024-07-09,feature_use
U00438,2021-11-05,login
U00438,2023-10-17,login
U00438,2021-09-19,login
U00438,2024-03-02,login
U00438,2022-03-14,feature_use
U00438,2024-06-24,login
U00438,2023-06-20,feature_use
U00438,2021-12-30,feature_use
U00438,2024-08-24,feature_use
U00438,2024-11-25,login
U00438,2023-10-15,login
U00438,2022-09-13,feature_use
U00438,2023-05-22,login
U00438,2022-11-13,login
U00438,2023-07-11,feature_use
U00438,2024-03-04,support_ticket
U00438,2023-03-08,login
U00438,2023-10-19,feature_use
U00438,2023-09-29,login
U00438,2022-03-28,support_ticket
U00438,2023-06-28,support_ticket
U00438,2024-04-25,support_ticket
U00438,2021-12-31,feature_use
U00438,2024-04-10,login
U00438,2024-11-26,support_ticket
U00438,2022-02-21,support_ticket
U00439,2024-12-29,support_ticket
U00439,2024-12-16,feature_use
U00439,2024-12-03,support_ticket
U00439,2024-11-16,support_ticket
U00439,2024-11-29,support_ticket
U00439,2024-11-05,feature_use
U00439,2024-11-20,feature_use
U00439,2024-10-24,support_ticket
U00439,2024-11-08,login
U00439,2024-11-19,support_ticket
U00439,2024-12-25,feature_use
U00439,2024-11-11,support_ticket
U00439,2024-12-19,feature_use
U00439,2024-11-28,support_ticket
U00439,2024-10-09,feature_use
U00439,2024-12-07,login
U00439,2024-11-01,login
U00439,2024-12-09,feature_use
U00439,2024-10-20,support_ticket
U00439,2024-11-11,login
U00439,2024-10-09,support_ticket
U00439,2024-10-21,support_ticket
U00439,2024-11-01,login
U00439,2024-10-12,support_ticket
U00439,2024-11-24,feature_use
U00439,2024-12-10,login
U00439,2024-11-05,login
U00439,2024-10-27,support_ticket
U00439,2024-12-25,support_ticket
U00439,2024-12-09,login
U00439,2024-10-26,login
U00439,2024-12-20,feature_use
U00439,2024-11-15,feature_use
U00439,2024-10-14,login
U00439,2024-12-19,login
U00439,2024-11-19,login
U00439,2024-10-29,feature_use
U00439,2024-12-06,feature_use
U00440,2024-10-19,support_ticket
U00440,2023-08-30,feature_use
U00440,2023-08-08,feature_use
U00440,2024-06-18,login
U00440,2024-11-17,support_ticket
U00440,2023-08-02,login
U00440,2024-08-20,feature_use
U00440,2024-12-18,login
U00440,2023-04-08,login
U00440,2023-10-22,support_ticket
U00440,2023-08-25,login
U00440,2024-10-01,login
U00440,2023-11-04,support_ticket
U00440,2023-02-20,login
U00440,2024-04-28,support_ticket
U00440,2023-09-01,login
U00440,2023-08-18,support_ticket
U00440,2023-12-02,feature_use
U00440,2023-07-11,login
U00440,2023-12-21,feature_use
U00440,2024-12-26,login
U00440,2024-10-31,support_ticket
U00440,2024-08-10,login
U00440,2024-11-03,login
U00440,2024-06-28,feature_use
U00440,2024-01-14,login
U00440,2024-01-22,feature_use
U00440,2024-02-05,login
U00440,2024-03-24,login
U00440,2024-05-18,feature_use
U00440,2024-05-11,support_ticket
U00440,2024-11-04,support_ticket
U00440,2023-05-02,login
U00440,2024-09-06,login
U00440,2023-06-27,login
U00440,2023-02-23,support_ticket
U00440,2024-03-28,feature_use
U00440,2023-10-29,login
U00440,2023-07-28,login
U00440,2024-05-07,support_ticket
U00440,2023-07-24,login
U00440,2024-07-08,feature_use
U00440,2024-06-12,feature_use
U00440,2023-10-01,login
U00441,2024-12-06,support_ticket
U00441,2024-12-17,support_ticket
U00441,2024-10-18,feature_use
U00441,2024-12-04,feature_use
U00441,2024-12-14,login
U00441,2024-12-09,login
U00441,2024-11-09,support_ticket
U00441,2024-11-29,login
U00441,2024-11-13,feature_use
U00442,2023-01-08,support_ticket
U00442,2022-11-24,login
U00442,2024-08-21,support_ticket
U00442,2022-11-06,login
U00442,2024-09-03,feature_use
U00442,2021-08-13,support_ticket
U00442,2021-05-08,support_ticket
U00443,2024-10-28,feature_use
U00443,2024-11-17,login
U00443,2023-03-18,feature_use
U00443,2023-08-06,login
U00443,2024-09-24,support_ticket
U00443,2024-01-21,feature_use
U00443,2024-12-18,feature_use
U00443,2024-04-04,login
U00443,2024-01-15,feature_use
U00443,2024-01-07,login
U00443,2023-11-18,support_ticket
U00443,2022-11-05,feature_use
U00443,2023-04-15,login
U00443,2022-12-13,login
U00443,2024-10-26,feature_use
U00443,2023-05-17,support_ticket
U00443,2024-09-11,feature_use
U00443,2024-08-13,feature_use
U00443,2023-07-29,feature_use
U00443,2024-11-18,login
U00443,2023-08-19,support_ticket
U00443,2024-02-04,feature_use
U00443,2023-09-21,support_ticket
U00443,2024-03-14,support_ticket
U00443,2024-06-25,login
U00443,2023-02-17,support_ticket
U00443,2023-06-13,support_ticket
U00443,2024-10-18,support_ticket
U00443,2024-09-28,feature_use
U00443,2024-12-08,support_ticket
U00443,2024-05-10,support_ticket
U00443,2023-08-14,support_ticket
U00443,2023-01-21,feature_use
U00443,2024-07-08,support_ticket
U00443,2024-04-04,feature_use
U00444,2024-11-07,feature_use
U00444,2024-08-22,feature_use
U00444,2024-10-11,login
U00444,2024-12-03,feature_use
U00444,2024-11-02,login
U00444,2024-09-20,login
U00444,2024-10-14,support_ticket
U00445,2024-11-08,feature_use
U00445,2023-09-29,login
U00445,2023-09-29,login
U00445,2024-08-10,support_ticket
U00445,2024-06-03,support_ticket
U00445,2024-11-29,support_ticket
U00445,2024-09-24,support_ticket
U00445,2023-09-16,support_ticket
U00445,2024-10-25,login
U00445,2024-01-24,support_ticket
U00445,2024-01-03,support_ticket
U00445,2024-11-28,feature_use
U00445,2023-12-03,feature_use
U00445,2023-08-17,login
U00445,2024-08-01,login
U00445,2023-11-10,support_ticket
U00445,2024-03-26,feature_use
U00445,2024-08-22,support_ticket
U00445,2024-12-26,login
U00445,2023-10-18,login
U00445,2024-09-30,support_ticket
U00446,2024-02-22,feature_use
U00446,2024-02-18,login
U00446,2023-09-29,feature_use
U00446,2024-05-28,support_ticket
U00446,2024-08-01,support_ticket
U00446,2024-09-14,support_ticket
U00446,2024-09-01,login
U00446,2024-09-23,support_ticket
U00446,2024-10-06,login
U00446,2023-08-26,login
U00446,2024-07-21,support_ticket
U00446,2024-10-27,support_ticket
U00446,2024-08-23,login
U00446,2024-03-19,support_ticket
U00446,2024-10-27,feature_use
U00446,2023-06-25,feature_use
U00446,2024-10-02,login
U00446,2024-05-14,support_ticket
U00446,2023-07-04,support_ticket
U00446,2023-11-07,support_ticket
U00446,2024-01-03,support_ticket
U00446,2024-04-29,feature_use
U00446,2024-02-24,feature_use
U00446,2024-11-25,support_ticket
U00446,2024-10-17,feature_use
U00446,2024-05-21,login
U00446,2024-03-14,support_ticket
U00446,2024-06-28,support_ticket
U00446,2024-07-14,support_ticket
U00446,2024-01-17,support_ticket
U00446,2024-05-17,login
U00446,2024-10-22,login
U00446,2023-04-20,support_ticket
U00446,2024-07-15,login
U00446,2023-11-09,feature_use
U00446,2023-08-17,login
U00446,2024-10-24,login
U00446,2024-11-24,login
U00447,2021-09-21,feature_use
U00447,2023-07-02,login
U00447,2021-04-18,login
U00447,2023-08-08,feature_use
U00447,2023-04-02,feature_use
U00447,2023-10-10,support_ticket
U00447,2024-02-04,feature_use
U00447,2022-10-23,feature_use
U00447,2024-01-20,support_ticket
U00447,2024-03-08,feature_use
U00447,2023-01-23,feature_use
U00447,2023-04-07,feature_use
U00447,2023-03-25,login
U00447,2022-03-21,feature_use
U00447,2023-11-22,feature_use
U00447,2022-10-17,login
U00447,2021-04-17,login
U00447,2023-06-03,support_ticket
U00447,2023-10-04,feature_use
U00447,2024-03-05,feature_use
U00447,2024-03-25,login
U00447,2022-11-20,support_ticket
U00447,2021-07-29,feature_use
U00447,2021-08-27,feature_use
U00447,2023-05-26,feature_use
U00447,2022-09-07,feature_use
U00447,2021-11-07,login
U00447,2022-03-27,feature_use
U00447,2022-12-13,feature_use
U00447,2021-08-21,support_ticket
U00447,2024-07-21,support_ticket
U00448,2024-03-05,login
U00448,2023-12-18,login
U00448,2024-01-17,support_ticket
U00448,2024-05-01,support_ticket
U00448,2024-05-11,login
U00448,2024-06-24,login
U00448,2024-12-07,feature_use
U00448,2024-11-29,feature_use
U00448,2024-12-23,login
U00448,2024-10-13,login
U00448,2024-05-24,login
U00448,2024-02-08,feature_use
U00448,2024-01-13,login
U00448,2024-12-30,support_ticket
U00448,2024-03-06,feature_use
U00448,2023-12-23,login
U00448,2024-06-24,support_ticket
U00448,2024-05-03,login
U00448,2024-01-02,login
U00448,2024-11-17,support_ticket
U00448,2024-03-24,support_ticket
U00448,2023-10-30,support_ticket
U00448,2024-08-14,support_ticket
U00448,2024-07-05,login
U00448,2023-10-21,support_ticket
U00448,2024-11-06,feature_use
U00448,2024-10-22,login
U00448,2024-01-22,feature_use
U00448,2024-09-12,support_ticket
U00448,2023-10-12,support_ticket
U00448,2024-11-03,feature_use
U00448,2024-08-27,login
U00448,2024-11-30,support_ticket
U00448,2024-06-05,support_ticket
U00448,2024-06-10,support_ticket
U00449,2022-09-11,feature_use
U00449,2023-04-05,login
U00449,2023-11-15,feature_use
U00449,2022-08-16,login
U00449,2023-05-02,feature_use
U00449,2024-01-10,feature_use
U00449,2023-10-17,login
U00449,2023-02-25,feature_use
U00449,2024-11-17,login
U00449,2023-08-14,login
U00449,2023-04-23,feature_use
U00449,2024-06-03,support_ticket
U00449,2023-09-11,feature_use
U00449,2023-09-29,login
U00449,2023-12-03,feature_use
U00449,2023-09-18,support_ticket
U00449,2024-02-09,login
U00449,2023-12-03,feature_use
U00449,2024-03-19,login
U00449,2024-10-21,feature_use
U00449,2023-12-15,support_ticket
U00449,2024-06-13,support_ticket
U00449,2022-06-11,login
U00449,2024-02-28,feature_use
U00449,2022-04-27,login
U00449,2024-04-29,support_ticket
U00449,2023-01-07,feature_use
U00449,2022-09-23,support_ticket
U00449,2024-10-04,login
U00449,2024-07-24,login
U00449,2022-07-27,feature_use
U00449,2024-11-14,support_ticket
U00449,2023-12-31,login
U00449,2023-04-01,support_ticket
U00449,2023-02-07,support_ticket
U00449,2024-09-03,login
U00450,2023-09-18,feature_use
U00450,2023-08-11,login
U00450,2023-10-25,login
U00450,2024-10-04,support_ticket
U00450,2024-05-30,support_ticket
U00450,2024-06-19,feature_use
U00450,2023-12-24,support_ticket
U00450,2024-05-27,feature_use
U00450,2024-03-12,support_ticket
U00450,2024-03-15,login
U00450,2024-01-17,login
U00450,2024-08-13,feature_use
U00450,2023-12-05,support_ticket
U00450,2024-08-23,support_ticket
U00450,2023-08-16,login
U00450,2023-03-10,support_ticket
U00450,2024-08-22,support_ticket
U00450,2023-07-17,support_ticket
U00450,2024-01-28,support_ticket
U00450,2024-08-20,feature_use
U00450,2024-08-14,feature_use
U00450,2023-06-23,support_ticket
U00450,2024-05-10,login
U00450,2023-11-12,support_ticket
U00450,2023-10-18,login
U00450,2024-05-19,login
U00450,2024-12-24,feature_use
U00450,2024-09-18,feature_use
U00450,2024-12-03,feature_use
U00450,2023-08-23,feature_use
U00450,2024-05-10,feature_use
U00450,2023-12-31,support_ticket
U00450,2023-10-07,login
U00450,2024-06-03,login
U00451,2024-10-05,feature_use
U00451,2024-11-25,login
U00451,2024-12-19,login
U00451,2024-12-28,support_ticket
U00451,2024-12-31,login
U00451,2024-11-21,login
U00451,2024-12-11,login
U00451,2024-12-03,support_ticket
U00451,2024-12-08,login
U00451,2024-11-11,login
U00451,2024-11-22,feature_use
U00451,2024-11-17,support_ticket
U00451,2024-11-13,feature_use
U00451,2024-12-23,support_ticket
U00451,2024-12-19,login
U00451,2024-11-27,login
U00451,2024-11-04,login
U00451,2024-12-02,support_ticket
U00451,2024-10-23,login
U00451,2024-12-27,feature_use
U00451,2024-10-20,feature_use
U00451,2024-12-23,support_ticket
U00451,2024-12-18,login
U00451,2024-10-24,login
U00451,2024-11-03,feature_use
U00451,2024-12-30,support_ticket
U00451,2024-10-12,login
U00451,2024-11-28,feature_use
U00451,2024-11-08,support_ticket
U00451,2024-12-13,support_ticket
U00451,2024-12-25,feature_use
U00451,2024-10-12,support_ticket
U00451,2024-12-14,feature_use
U00451,2024-12-03,feature_use
U00451,2024-12-18,feature_use
U00451,2024-11-07,login
U00451,2024-12-24,feature_use
U00451,2024-11-27,feature_use
U00451,2024-11-14,feature_use
U00451,2024-10-30,support_ticket
U00451,2024-12-11,login
U00451,2024-12-13,support_ticket
U00451,2024-12-23,support_ticket
U00451,2024-10-10,feature_use
U00451,2024-10-31,feature_use
U00451,2024-12-09,login
U00451,2024-11-19,support_ticket
U00451,2024-10-13,feature_use
U00451,2024-12-07,support_ticket
U00452,2024-09-18,feature_use
U00452,2024-11-02,login
U00452,2024-11-10,support_ticket
U00452,2024-08-02,support_ticket
U00452,2024-08-29,support_ticket
U00452,2024-11-29,feature_use
U00452,2024-07-31,support_ticket
U00452,2024-04-28,login
U00453,2024-11-29,feature_use
U00453,2024-10-24,login
U00453,2024-09-22,login
U00453,2024-11-17,feature_use
U00453,2024-11-29,login
U00453,2024-09-26,login
U00454,2024-12-01,support_ticket
U00454,2024-06-21,support_ticket
U00454,2024-09-07,support_ticket
U00454,2024-07-06,support_ticket
U00454,2024-10-31,login
U00454,2024-07-23,support_ticket
U00454,2024-11-26,support_ticket
U00454,2024-10-25,support_ticket
U00454,2024-09-21,support_ticket
U00454,2024-12-31,login
U00454,2024-10-22,login
U00454,2024-06-20,support_ticket
U00454,2024-10-17,login
U00454,2024-09-24,feature_use
U00454,2024-12-14,support_ticket
U00454,2024-06-23,login
U00454,2024-06-26,feature_use
U00454,2024-11-11,login
U00454,2024-08-09,feature_use
U00454,2024-12-30,login
U00454,2024-11-11,support_ticket
U00454,2024-07-20,feature_use
U00454,2024-11-02,support_ticket
U00454,2024-08-12,login
U00454,2024-08-23,support_ticket
U00454,2024-10-22,support_ticket
U00454,2024-10-03,support_ticket
U00454,2024-08-30,support_ticket
U00454,2024-10-08,login
U00454,2024-08-15,support_ticket
U00454,2024-09-02,login
U00454,2024-09-29,feature_use
U00454,2024-09-05,feature_use
U00454,2024-10-22,support_ticket
U00454,2024-09-27,support_ticket
U00454,2024-12-31,support_ticket
U00454,2024-08-10,login
U00454,2024-09-08,feature_use
U00454,2024-12-07,feature_use
U00454,2024-06-17,feature_use
U00454,2024-10-05,login
U00454,2024-12-20,login
U00454,2024-12-27,login
U00454,2024-11-29,login
U00454,2024-07-09,feature_use
U00455,2023-02-03,support_ticket
U00455,2021-06-04,support_ticket
U00455,2022-12-20,feature_use
U00455,2024-12-22,login
U00455,2023-03-11,login
U00455,2024-10-17,login
U00455,2024-02-16,feature_use
U00455,2024-08-25,support_ticket
U00455,2024-12-21,support_ticket
U00455,2022-06-07,support_ticket
U00455,2022-09-20,support_ticket
U00455,2022-10-03,feature_use
U00455,2021-06-08,feature_use
U00455,2023-03-31,support_ticket
U00455,2024-03-13,login
U00455,2021-10-09,login
U00455,2022-12-06,login
U00455,2022-11-30,feature_use
U00455,2021-06-22,support_ticket
U00455,2021-10-04,login
U00455,2022-06-16,support_ticket
U00455,2022-12-29,login
U00455,2022-04-19,feature_use
U00455,2024-03-10,feature_use
U00455,2021-10-28,feature_use
U00455,2024-09-14,feature_use
U00456,2023-09-12,support_ticket
U00456,2023-08-05,support_ticket
U00456,2024-09-18,feature_use
U00456,2024-09-27,support_ticket
U00456,2023-08-21,login
U00456,2024-02-20,support_ticket
U00456,2024-05-02,support_ticket
U00456,2024-03-27,feature_use
U00456,2024-09-06,support_ticket
U00456,2024-04-21,feature_use
U00456,2024-08-22,feature_use
U00456,2024-04-23,login
U00456,2024-02-20,feature_use
U00456,2024-09-07,feature_use
U00456,2023-07-20,login
U00456,2024-09-12,login
U00456,2023-11-12,support_ticket
U00456,2024-05-19,feature_use
U00456,2024-02-06,feature_use
U00456,2024-11-27,support_ticket
U00456,2024-01-27,login
U00456,2024-06-25,support_ticket
U00456,2024-11-19,feature_use
U00456,2024-10-03,support_ticket
U00456,2023-12-09,support_ticket
U00456,2023-11-25,support_ticket
U00456,2024-09-19,login
U00456,2023-10-12,support_ticket
U00456,2024-08-03,support_ticket
U00456,2024-01-27,support_ticket
U00456,2023-08-05,login
U00456,2023-09-26,feature_use
U00456,2024-07-09,support_ticket
U00456,2024-05-04,support_ticket
U00456,2023-12-12,login
U00456,2024-02-15,login
U00456,2024-04-30,login
U00456,2024-07-16,support_ticket
U00456,2024-07-13,login
U00457,2024-01-03,support_ticket
U00457,2023-09-30,support_ticket
U00457,2023-09-23,support_ticket
U00457,2024-03-31,feature_use
U00457,2023-02-06,feature_use
U00457,2023-08-13,feature_use
U00457,2023-11-07,feature_use
U00457,2024-05-09,support_ticket
U00457,2023-09-30,feature_use
U00457,2023-07-12,support_ticket
U00457,2023-05-18,feature_use
U00457,2024-10-21,support_ticket
U00457,2024-01-13,support_ticket
U00457,2023-10-30,support_ticket
U00457,2023-04-07,support_ticket
U00457,2024-05-25,feature_use
U00457,2024-09-28,login
U00457,2024-03-22,login
U00457,2024-04-09,login
U00457,2023-12-23,login
U00457,2023-06-27,login
U00457,2023-04-01,support_ticket
U00457,2024-11-23,login
U00457,2024-03-02,support_ticket
U00457,2024-07-31,login
U00457,2024-11-04,feature_use
U00457,2023-04-24,login
U00457,2023-11-16,feature_use
U00457,2024-11-26,feature_use
U00457,2024-02-12,support_ticket
U00457,2023-03-13,support_ticket
U00457,2024-09-08,feature_use
U00457,2024-08-10,login
U00457,2024-12-23,feature_use
U00457,2024-04-17,feature_use
U00457,2023-02-08,support_ticket
U00457,2023-05-24,support_ticket
U00457,2023-05-21,support_ticket
U00457,2024-03-02,feature_use
U00457,2024-11-23,support_ticket
U00458,2023-08-17,login
U00458,2023-06-27,feature_use
U00458,2024-11-02,feature_use
U00458,2023-02-22,support_ticket
U00458,2024-11-14,support_ticket
U00458,2024-02-20,support_ticket
U00458,2023-08-02,login
U00458,2024-08-16,login
U00458,2024-03-23,feature_use
U00458,2024-04-30,feature_use
U00458,2023-05-29,support_ticket
U00458,2024-02-13,feature_use
U00458,2024-03-21,feature_use
U00458,2023-04-12,login
U00458,2023-06-14,feature_use
U00458,2024-03-01,login
U00458,2023-11-03,login
U00458,2023-02-24,login
U00458,2023-06-03,login
U00458,2024-12-19,support_ticket
U00459,2023-10-07,support_ticket
U00459,2024-08-29,support_ticket
U00459,2023-02-14,login
U00459,2023-08-06,support_ticket
U00459,2024-03-28,feature_use
U00459,2024-07-25,login
U00459,2024-03-11,feature_use
U00459,2024-01-06,support_ticket
U00459,2023-01-21,login
U00459,2024-05-04,feature_use
U00459,2024-09-25,login
U00459,2023-12-06,login
U00459,2024-10-16,feature_use
U00459,2023-10-14,feature_use
U00459,2023-05-08,feature_use
U00459,2023-11-01,login
U00459,2024-09-27,login
U00459,2023-08-09,login
U00459,2023-12-29,login
U00460,2023-05-27,feature_use
U00460,2023-07-24,feature_use
U00460,2023-05-30,login
U00460,2024-12-25,feature_use
U00460,2024-10-30,login
U00460,2022-11-09,support_ticket
U00460,2023-08-16,login
U00460,2023-12-03,login
U00460,2023-08-12,login
U00460,2022-09-26,support_ticket
U00460,2024-03-09,feature_use
U00460,2024-08-10,support_ticket
U00460,2023-08-14,support_ticket
U00460,2024-04-28,feature_use
U00460,2023-07-19,support_ticket
U00460,2024-09-03,login
U00460,2024-05-04,login
U00460,2023-11-29,support_ticket
U00460,2023-10-12,feature_use
U00460,2024-12-07,feature_use
U00460,2024-10-28,login
U00460,2023-05-21,support_ticket
U00460,2022-09-04,login
U00460,2023-02-26,support_ticket
U00460,2023-06-16,login
U00460,2023-01-19,support_ticket
U00460,2024-10-17,feature_use
U00460,2023-07-06,login
U00460,2024-08-04,support_ticket
U00460,2023-02-18,feature_use
U00460,2024-09-25,feature_use
U00460,2024-06-18,feature_use
U00460,2024-02-02,feature_use
U00460,2023-11-24,login
U00461,2024-03-11,support_ticket
U00461,2023-07-21,feature_use
U00461,2024-11-12,login
U00461,2024-03-16,login
U00461,2024-04-04,feature_use
U00461,2024-04-28,feature_use
U00461,2023-10-14,feature_use
U00461,2024-11-25,feature_use
U00461,2024-02-08,login
U00461,2024-07-21,login
U00461,2023-11-15,feature_use
U00461,2024-10-31,support_ticket
U00461,2024-12-31,feature_use
U00461,2024-06-09,login
U00461,2023-09-24,login
U00461,2023-07-29,feature_use
U00462,2023-12-30,feature_use
U00462,2023-07-23,feature_use
U00462,2024-12-19,support_ticket
U00462,2024-08-18,feature_use
U00462,2022-09-21,support_ticket
U00463,2021-07-29,support_ticket
U00463,2024-03-31,feature_use
U00463,2024-02-06,login
U00463,2021-08-14,login
U00463,2024-04-15,feature_use
U00463,2022-08-25,login
U00463,2023-01-13,login
U00463,2024-07-19,login
U00463,2023-02-07,login
U00463,2021-08-24,feature_use
U00463,2022-07-26,feature_use
U00463,2023-12-25,support_ticket
U00463,2023-08-06,login
U00463,2024-10-27,login
U00463,2021-05-14,feature_use
U00463,2024-05-11,login
U00463,2024-05-11,feature_use
U00464,2021-12-16,support_ticket
U00464,2023-12-24,support_ticket
U00464,2024-08-24,feature_use
U00464,2024-01-29,feature_use
U00464,2022-06-05,feature_use
U00464,2024-04-02,login
U00464,2023-12-26,support_ticket
U00464,2024-10-11,support_ticket
U00464,2021-09-19,login
U00464,2024-02-08,support_ticket
U00464,2022-10-25,login
U00465,2023-06-22,feature_use
U00465,2022-05-23,support_ticket
U00465,2022-06-26,login
U00465,2023-08-26,login
U00465,2021-09-06,login
U00465,2022-06-24,login
U00465,2022-06-03,support_ticket
U00465,2023-10-22,feature_use
U00465,2023-04-07,support_ticket
U00466,2024-09-29,login
U00466,2024-07-10,feature_use
U00466,2024-06-02,login
U00466,2024-09-10,login
U00466,2024-04-28,feature_use
U00466,2024-11-10,feature_use
U00467,2023-02-17,feature_use
U00467,2023-01-20,feature_use
U00467,2023-09-27,support_ticket
U00467,2024-06-28,support_ticket
U00467,2023-03-29,login
U00467,2023-02-09,feature_use
U00467,2024-01-12,login
U00468,2023-12-05,login
U00468,2021-09-26,login
U00468,2021-10-12,feature_use
U00468,2021-03-23,login
U00468,2022-10-22,login
U00468,2024-04-22,login
U00468,2022-01-18,support_ticket
U00468,2022-01-01,login
U00468,2023-02-07,feature_use
U00468,2021-10-19,support_ticket
U00468,2021-03-03,login
U00468,2024-09-25,support_ticket
U00468,2024-06-16,login
U00468,2021-06-09,login
U00468,2022-03-07,feature_use
U00468,2024-01-05,feature_use
U00468,2022-03-10,login
U00468,2024-03-30,login
U00469,2023-01-03,support_ticket
U00469,2022-09-15,feature_use
U00469,2022-09-30,support_ticket
U00469,2023-11-08,login
U00469,2022-12-07,login
U00469,2023-02-04,support_ticket
U00469,2023-02-26,feature_use
U00469,2024-01-15,support_ticket
U00469,2023-04-27,feature_use
U00469,2022-06-09,login
U00469,2023-06-09,login
U00469,2024-07-15,feature_use
U00469,2023-05-28,feature_use
U00469,2024-03-18,feature_use
U00469,2021-10-04,login
U00469,2023-03-18,support_ticket
U00469,2024-08-07,feature_use
U00470,2023-01-23,feature_use
U00470,2022-12-15,support_ticket
U00470,2022-04-14,support_ticket
U00470,2023-12-24,login
U00470,2024-06-06,feature_use
U00470,2024-08-19,support_ticket
U00470,2023-05-04,feature_use
U00470,2024-01-01,login
U00470,2024-08-16,login
U00470,2023-12-23,feature_use
U00470,2022-06-30,feature_use
U00470,2022-12-22,feature_use
U00470,2024-03-30,feature_use
U00470,2023-11-04,support_ticket
U00470,2022-05-08,feature_use
U00470,2024-09-18,feature_use
U00470,2022-11-11,feature_use
U00470,2023-05-12,support_ticket
U00470,2024-11-04,login
U00470,2024-04-25,feature_use
U00470,2023-08-30,login
U00470,2023-06-22,feature_use
U00470,2024-01-19,login
U00470,2023-05-18,feature_use
U00470,2024-01-22,login
U00470,2023-08-06,feature_use
U00470,2023-07-01,feature_use
U00470,2024-05-31,support_ticket
U00470,2023-10-05,support_ticket
U00470,2023-04-15,feature_use
U00470,2023-02-23,support_ticket
U00470,2024-04-07,login
U00471,2024-05-17,support_ticket
U00471,2023-01-17,support_ticket
U00471,2022-07-18,login
U00471,2022-10-08,login
U00471,2023-04-28,feature_use
U00471,2024-06-19,login
U00471,2022-10-24,login
U00471,2023-01-16,feature_use
U00471,2021-08-08,login
U00471,2024-09-26,feature_use
U00471,2024-10-04,support_ticket
U00471,2023-06-28,login
U00471,2024-08-25,support_ticket
U00471,2022-05-27,feature_use
U00471,2022-08-31,login
U00471,2024-11-03,feature_use
U00471,2023-06-13,support_ticket
U00471,2022-12-26,support_ticket
U00471,2023-07-20,login
U00471,2024-11-22,support_ticket
U00471,2021-04-16,feature_use
U00471,2021-09-17,feature_use
U00471,2024-02-29,login
U00471,2022-10-21,support_ticket
U00471,2023-10-13,support_ticket
U00471,2024-09-22,login
U00471,2024-08-06,support_ticket
U00471,2024-03-16,support_ticket
U00471,2021-07-30,feature_use
U00471,2021-09-06,feature_use
U00471,2022-05-27,support_ticket
U00471,2023-12-13,login
U00471,2021-09-17,feature_use
U00471,2024-01-13,support_ticket
U00471,2022-03-31,support_ticket
U00471,2023-09-25,login
U00471,2021-04-22,login
U00471,2021-04-10,feature_use
U00471,2022-04-24,feature_use
U00471,2021-11-16,feature_use
U00471,2021-06-22,feature_use
U00471,2022-01-28,login
U00471,2021-09-05,feature_use
U00471,2024-02-25,support_ticket
U00471,2023-07-09,feature_use
U00472,2023-01-23,support_ticket
U00472,2023-05-27,feature_use
U00472,2023-10-12,support_ticket
U00472,2023-08-04,login
U00472,2023-05-18,login
U00472,2023-10-23,feature_use
U00472,2023-07-24,support_ticket
U00472,2023-11-04,feature_use
U00472,2024-02-14,login
U00472,2023-12-01,support_ticket
U00472,2023-10-15,login
U00472,2024-08-18,support_ticket
U00472,2023-06-21,feature_use
U00472,2024-12-23,feature_use
U00472,2023-12-22,feature_use
U00472,2023-08-02,login
U00472,2024-09-07,login
U00472,2024-04-19,login
U00472,2024-08-25,support_ticket
U00472,2024-10-10,feature_use
U00472,2023-01-15,login
U00472,2024-02-12,support_ticket
U00472,2023-09-29,support_ticket
U00472,2024-11-14,login
U00472,2024-11-17,login
U00472,2023-07-08,support_ticket
U00472,2024-03-02,support_ticket
U00472,2024-01-31,support_ticket
U00472,2023-10-30,support_ticket
U00472,2024-04-19,login
U00472,2024-09-30,feature_use
U00472,2024-04-10,support_ticket
U00472,2023-01-30,feature_use
U00472,2024-12-02,support_ticket
U00472,2023-08-21,login
U00472,2023-12-06,login
U00472,2024-09-09,login
U00472,2023-02-06,login
U00472,2024-02-06,login
U00472,2023-06-26,feature_use
U00473,2022-11-23,login
U00473,2023-12-10,support_ticket
U00473,2023-07-05,support_ticket
U00473,2024-07-03,feature_use
U00473,2024-11-12,support_ticket
U00473,2022-11-29,login
U00473,2023-05-13,login
U00473,2023-06-20,feature_use
U00473,2023-07-31,login
U00473,2024-02-25,support_ticket
U00473,2023-12-29,feature_use
U00473,2024-08-28,login
U00473,2024-09-27,feature_use
U00473,2024-04-24,login
U00473,2023-08-10,login
U00473,2024-05-24,support_ticket
U00473,2024-10-02,feature_use
U00473,2023-01-24,support_ticket
U00473,2022-12-28,login
U00473,2024-01-13,feature_use
U00473,2024-07-01,login
U00473,2022-12-03,login
U00473,2023-07-10,support_ticket
U00473,2023-01-27,login
U00473,2023-12-10,login
U00473,2023-08-11,support_ticket
U00473,2024-08-26,support_ticket
U00473,2024-06-21,support_ticket
U00473,2024-08-29,login
U00473,2024-12-24,login
U00473,2022-12-13,feature_use
U00473,2024-08-27,login
U00473,2022-12-04,login
U00473,2024-04-20,support_ticket
U00473,2023-12-27,feature_use
U00473,2023-02-24,feature_use
U00473,2024-05-05,login
U00473,2024-11-29,login
U00473,2024-07-22,support_ticket
U00473,2022-12-05,login
U00473,2023-08-20,login
U00474,2024-11-09,login
U00474,2023-03-19,support_ticket
U00474,2024-12-30,support_ticket
U00474,2023-05-31,feature_use
U00474,2024-01-15,feature_use
U00474,2024-12-23,login
U00474,2022-08-28,login
U00474,2023-05-20,login
U00474,2022-09-12,feature_use
U00474,2022-08-29,support_ticket
U00474,2023-10-30,support_ticket
U00474,2024-05-15,login
U00475,2023-08-23,login
U00475,2024-11-19,feature_use
U00475,2023-07-12,login
U00475,2024-04-08,feature_use
U00475,2023-08-22,support_ticket
U00475,2023-08-09,feature_use
U00475,2023-09-08,login
U00475,2023-09-28,support_ticket
U00475,2023-08-21,support_ticket
U00475,2024-03-24,login
U00475,2023-09-28,feature_use
U00475,2024-08-30,support_ticket
U00475,2023-05-17,login
U00475,2024-10-27,support_ticket
U00475,2023-08-11,feature_use
U00475,2023-08-15,login
U00475,2023-09-25,support_ticket
U00475,2024-08-25,support_ticket
U00475,2024-03-14,feature_use
U00475,2023-09-29,feature_use
U00475,2023-07-28,support_ticket
U00475,2023-12-17,feature_use
U00475,2024-09-11,support_ticket
U00475,2024-05-24,feature_use
U00475,2024-06-05,feature_use
U00475,2024-07-24,login
U00475,2023-07-25,login
U00475,2024-11-30,login
U00475,2023-06-20,support_ticket
U00475,2024-10-05,feature_use
U00475,2023-09-03,support_ticket
U00475,2024-06-04,login
U00475,2024-12-24,feature_use
U00475,2023-11-02,login
U00475,2023-10-15,login
U00475,2024-05-03,feature_use
U00476,2021-10-13,support_ticket
U00476,2022-09-09,login
U00476,2023-03-29,login
U00476,2023-03-20,login
U00476,2023-08-30,support_ticket
U00476,2023-10-15,support_ticket
U00476,2022-05-25,feature_use
U00476,2021-09-24,feature_use
U00477,2023-09-28,feature_use
U00477,2023-12-23,login
U00477,2023-12-08,login
U00477,2024-11-13,feature_use
U00477,2023-11-27,login
U00477,2023-01-14,login
U00477,2024-10-21,feature_use
U00477,2023-10-28,feature_use
U00477,2023-03-19,support_ticket
U00477,2024-05-03,support_ticket
U00477,2024-07-20,support_ticket
U00477,2024-10-01,feature_use
U00477,2024-06-28,support_ticket
U00477,2024-01-14,feature_use
U00477,2024-02-15,support_ticket
U00477,2023-10-28,support_ticket
U00477,2024-08-17,support_ticket
U00477,2023-08-26,login
U00477,2023-02-12,feature_use
U00477,2023-04-30,support_ticket
U00477,2024-10-16,support_ticket
U00477,2023-12-26,feature_use
U00477,2024-04-18,feature_use
U00477,2024-11-21,feature_use
U00477,2023-08-13,feature_use
U00477,2024-01-19,support_ticket
U00477,2023-11-11,login
U00477,2023-07-19,feature_use
U00477,2024-10-26,support_ticket
U00477,2023-04-10,feature_use
U00477,2023-06-20,feature_use
U00477,2024-02-29,login
U00477,2024-11-11,feature_use
U00477,2024-03-01,feature_use
U00477,2023-02-07,feature_use
U00477,2024-02-07,login
U00477,2024-05-13,login
U00477,2024-11-21,login
U00477,2023-04-06,feature_use
U00477,2024-11-11,feature_use
U00478,2022-11-10,login
U00478,2023-09-25,support_ticket
U00478,2023-12-22,login
U00478,2023-01-27,login
U00478,2024-06-25,feature_use
U00478,2022-03-10,login
U00478,2021-08-19,support_ticket
U00478,2023-12-03,feature_use
U00478,2024-08-24,support_ticket
U00478,2021-12-10,support_ticket
U00478,2023-02-19,login
U00478,2024-05-03,login
U00479,2022-08-21,login
U00479,2023-07-26,feature_use
U00479,2022-09-18,login
U00479,2023-08-25,support_ticket
U00479,2022-07-21,login
U00479,2023-03-24,support_ticket
U00479,2022-09-11,login
U00479,2022-11-19,login
U00479,2023-10-16,login
U00479,2022-10-01,login
U00479,2023-10-20,login
U00479,2023-01-14,login
U00479,2023-09-29,feature_use
U00479,2023-07-25,feature_use
U00479,2024-09-02,login
U00479,2023-09-19,login
U00479,2023-03-31,support_ticket
U00479,2023-11-25,support_ticket
U00479,2023-01-28,login
U00479,2022-03-31,feature_use
U00479,2022-07-02,login
U00479,2024-04-11,support_ticket
U00479,2022-12-29,feature_use
U00479,2023-12-09,login
U00479,2022-11-18,feature_use
U00479,2024-09-26,login
U00479,2024-03-20,login
U00479,2024-11-12,login
U00479,2023-03-20,support_ticket
U00479,2022-04-29,feature_use
U00479,2022-10-14,feature_use
U00479,2024-12-14,feature_use
U00479,2024-11-03,login
U00479,2022-09-14,support_ticket
U00479,2023-09-24,support_ticket
U00479,2022-08-11,login
U00479,2024-06-17,feature_use
U00479,2023-01-20,login
U00479,2024-01-13,support_ticket
U00480,2024-10-27,feature_use
U00480,2024-11-21,login
U00480,2024-11-26,feature_use
U00480,2024-11-17,login
U00480,2024-09-14,login
U00480,2024-11-19,login
U00480,2024-12-28,login
U00480,2024-09-14,feature_use
U00480,2024-09-24,support_ticket
U00480,2024-10-17,support_ticket
U00480,2024-10-23,login
U00480,2024-10-19,login
U00480,2024-11-28,feature_use
U00480,2024-12-31,login
U00480,2024-12-20,support_ticket
U00480,2024-12-17,login
U00480,2024-12-03,feature_use
U00480,2024-10-17,feature_use
U00480,2024-11-21,feature_use
U00480,2024-12-22,feature_use
U00480,2024-10-17,support_ticket
U00480,2024-11-30,login
U00480,2024-11-20,login
U00480,2024-10-03,login
U00480,2024-12-02,support_ticket
U00480,2024-12-06,support_ticket
U00480,2024-11-28,login
U00480,2024-09-13,feature_use
U00480,2024-10-09,feature_use
U00480,2024-11-13,support_ticket
U00480,2024-12-02,support_ticket
U00480,2024-09-14,support_ticket
U00480,2024-10-10,feature_use
U00480,2024-11-21,support_ticket
U00480,2024-12-18,login
U00480,2024-12-05,login
U00480,2024-09-23,login
U00480,2024-12-25,support_ticket
U00480,2024-11-29,support_ticket
U00480,2024-12-11,feature_use
U00480,2024-10-13,login
U00480,2024-12-25,support_ticket
U00480,2024-11-01,support_ticket
U00480,2024-11-23,login
U00480,2024-10-21,feature_use
U00480,2024-11-20,feature_use
U00480,2024-10-25,feature_use
U00481,2024-06-05,support_ticket
U00481,2023-08-18,support_ticket
U00481,2024-05-07,login
U00481,2023-07-28,feature_use
U00481,2024-10-10,support_ticket
U00481,2023-09-16,support_ticket
U00481,2024-05-28,feature_use
U00481,2023-12-31,support_ticket
U00481,2024-10-09,login
U00481,2024-08-17,login
U00481,2023-09-15,feature_use
U00481,2024-07-01,feature_use
U00481,2024-11-09,login
U00481,2024-03-23,feature_use
U00481,2024-05-02,feature_use
U00481,2024-10-24,login
U00481,2023-10-20,feature_use
U00481,2024-06-17,login
U00481,2024-10-24,feature_use
U00481,2023-10-31,login
U00481,2024-09-28,support_ticket
U00481,2023-10-06,feature_use
U00481,2023-09-25,login
U00481,2024-07-28,login
U00481,2023-08-17,support_ticket
U00481,2024-05-10,login
U00481,2024-11-29,support_ticket
U00481,2024-09-08,support_ticket
U00482,2023-11-29,support_ticket
U00482,2024-07-17,feature_use
U00482,2024-02-06,feature_use
U00482,2024-02-09,feature_use
U00482,2024-10-08,feature_use
U00482,2024-11-21,login
U00482,2024-02-20,login
U00482,2024-06-06,feature_use
U00482,2024-08-18,login
U00482,2024-01-09,support_ticket
U00482,2023-11-19,feature_use
U00482,2023-12-06,login
U00482,2024-02-09,support_ticket
U00482,2023-09-10,login
U00482,2024-01-26,login
U00482,2024-04-27,support_ticket
U00482,2023-11-11,feature_use
U00482,2023-11-03,support_ticket
U00482,2024-02-24,feature_use
U00482,2024-01-12,feature_use
U00482,2024-07-11,login
U00482,2024-02-22,support_ticket
U00482,2024-02-28,feature_use
U00482,2024-04-29,feature_use
U00482,2024-11-14,support_ticket
U00482,2024-12-26,login
U00482,2024-03-22,login
U00482,2024-11-08,feature_use
U00482,2024-06-22,feature_use
U00482,2023-09-15,login
U00482,2024-01-28,login
U00482,2024-03-14,feature_use
U00482,2023-10-09,login
U00482,2024-10-02,login
U00482,2023-12-30,support_ticket
U00482,2023-11-20,support_ticket
U00482,2024-10-18,feature_use
U00482,2024-08-18,support_ticket
U00482,2024-02-04,feature_use
U00482,2023-12-09,login
U00482,2024-11-15,login
U00482,2024-02-19,support_ticket
U00482,2024-06-09,login
U00482,2024-06-02,feature_use
U00483,2024-11-08,feature_use
U00483,2024-11-07,login
U00483,2024-12-14,feature_use
U00483,2024-12-01,login
U00483,2024-12-20,support_ticket
U00483,2024-12-14,login
U00483,2024-12-04,login
U00483,2024-11-12,feature_use
U00483,2024-11-24,login
U00483,2024-12-14,login
U00483,2024-12-29,login
U00483,2024-11-07,feature_use
U00483,2024-11-11,feature_use
U00483,2024-12-05,support_ticket
U00483,2024-12-25,login
U00483,2024-11-13,feature_use
U00483,2024-12-19,login
U00483,2024-12-13,login
U00483,2024-12-01,feature_use
U00484,2024-12-29,feature_use
U00484,2024-12-29,feature_use
U00484,2024-12-29,login
U00484,2024-12-30,login
U00484,2024-12-29,login
U00484,2024-12-29,support_ticket
U00484,2024-12-29,support_ticket
U00484,2024-12-29,feature_use
U00484,2024-12-31,feature_use
U00484,2024-12-29,login
U00484,2024-12-29,login
U00484,2024-12-30,login
U00484,2024-12-31,support_ticket
U00484,2024-12-29,login
U00484,2024-12-31,login
U00484,2024-12-31,login
U00484,2024-12-29,feature_use
U00484,2024-12-31,login
U00484,2024-12-30,support_ticket
U00484,2024-12-30,login
U00484,2024-12-31,login
U00484,2024-12-29,login
U00484,2024-12-31,login
U00484,2024-12-29,support_ticket
U00484,2024-12-31,support_ticket
U00484,2024-12-30,feature_use
U00484,2024-12-29,feature_use
U00484,2024-12-29,login
U00484,2024-12-30,feature_use
U00484,2024-12-31,support_ticket
U00484,2024-12-31,feature_use
U00484,2024-12-31,feature_use
U00484,2024-12-29,support_ticket
U00484,2024-12-31,feature_use
U00484,2024-12-30,support_ticket
U00484,2024-12-30,login
U00484,2024-12-31,feature_use
U00484,2024-12-31,support_ticket
U00484,2024-12-29,login
U00484,2024-12-29,feature_use
U00484,2024-12-30,support_ticket
U00484,2024-12-29,login
U00484,2024-12-31,login
U00485,2023-08-12,support_ticket
U00485,2024-12-21,feature_use
U00485,2024-01-24,support_ticket
U00485,2021-11-16,feature_use
U00485,2023-04-24,feature_use
U00485,2023-01-29,feature_use
U00485,2023-01-25,login
U00485,2023-12-11,login
U00485,2022-02-12,support_ticket
U00485,2023-02-10,feature_use
U00486,2022-06-01,login
U00486,2024-05-12,feature_use
U00486,2024-03-25,feature_use
U00486,2024-03-25,feature_use
U00486,2022-02-27,feature_use
U00486,2022-10-28,support_ticket
U00486,2024-06-21,support_ticket
U00486,2024-03-05,login
U00486,2022-07-14,login
U00486,2022-09-23,support_ticket
U00486,2022-04-26,support_ticket
U00486,2023-08-19,feature_use
U00486,2024-11-25,login
U00486,2024-02-11,support_ticket
U00486,2022-03-31,support_ticket
U00486,2022-03-02,login
U00486,2022-07-28,login
U00487,2024-06-08,login
U00487,2023-08-22,feature_use
U00487,2024-04-19,support_ticket
U00487,2024-06-13,feature_use
U00487,2022-08-11,feature_use
U00487,2024-04-22,feature_use
U00487,2024-04-25,feature_use
U00487,2023-02-12,feature_use
U00487,2023-03-26,login
U00488,2024-07-23,support_ticket
U00488,2024-12-17,login
U00488,2024-10-12,support_ticket
U00488,2024-07-01,login
U00488,2024-06-22,feature_use
U00488,2024-09-05,support_ticket
U00488,2024-12-31,feature_use
U00488,2024-11-11,login
U00488,2024-12-23,login
U00488,2024-05-25,feature_use
U00488,2024-06-29,support_ticket
U00488,2024-09-19,login
U00488,2024-04-24,login
U00488,2024-04-27,support_ticket
U00489,2024-02-04,feature_use
U00489,2024-12-27,login
U00489,2024-06-02,support_ticket
U00489,2024-05-28,support_ticket
U00489,2023-03-29,login
U00489,2024-10-16,support_ticket
U00489,2023-01-10,login
U00489,2023-03-23,feature_use
U00489,2024-01-18,feature_use
U00489,2024-07-02,support_ticket
U00489,2024-07-30,support_ticket
U00489,2023-11-21,feature_use
U00489,2024-07-16,login
U00489,2023-03-06,feature_use
U00489,2024-12-09,support_ticket
U00489,2024-10-27,feature_use
U00489,2023-02-10,feature_use
U00489,2024-09-01,support_ticket
U00489,2023-05-22,support_ticket
U00489,2024-03-19,feature_use
U00490,2024-10-09,login
U00490,2024-06-14,login
U00490,2024-09-16,login
U00490,2024-01-13,login
U00490,2024-02-11,feature_use
U00490,2024-11-28,login
U00490,2024-07-08,feature_use
U00490,2024-03-15,support_ticket
U00490,2024-07-29,feature_use
U00490,2024-05-20,login
U00490,2024-07-30,feature_use
U00490,2024-04-13,feature_use
U00490,2024-01-24,login
U00490,2024-08-28,login
U00490,2024-05-14,feature_use
U00490,2024-06-16,login
U00490,2024-04-28,feature_use
U00490,2024-06-27,support_ticket
U00490,2024-07-10,feature_use
U00490,2024-07-07,support_ticket
U00490,2024-08-19,feature_use
U00490,2024-05-04,support_ticket
U00490,2024-08-04,support_ticket
U00490,2024-05-21,support_ticket
U00490,2024-07-28,login
U00490,2024-03-16,feature_use
U00491,2024-03-28,support_ticket
U00491,2024-05-08,login
U00491,2023-11-13,feature_use
U00491,2024-05-28,support_ticket
U00491,2024-01-11,feature_use
U00491,2023-11-04,feature_use
U00491,2024-08-24,login
U00491,2024-08-18,feature_use
U00491,2024-04-17,feature_use
U00491,2024-08-01,feature_use
U00491,2023-12-28,login
U00491,2024-12-25,support_ticket
U00491,2023-11-29,feature_use
U00491,2024-11-28,login
U00491,2024-11-20,feature_use
U00491,2024-06-02,support_ticket
U00491,2024-07-11,login
U00491,2024-09-02,login
U00491,2024-11-14,feature_use
U00491,2024-10-26,login
U00491,2024-09-11,feature_use
U00491,2024-08-27,login
U00491,2024-03-12,support_ticket
U00491,2024-03-18,login
U00491,2023-12-09,login
U00491,2024-08-22,login
U00491,2024-04-04,feature_use
U00491,2024-12-06,support_ticket
U00491,2024-05-10,login
U00491,2024-02-05,login
U00491,2024-12-09,login
U00491,2024-03-30,feature_use
U00491,2024-06-25,support_ticket
U00491,2024-10-20,support_ticket
U00491,2024-10-09,support_ticket
U00491,2024-10-24,login
U00491,2024-03-27,feature_use
U00491,2024-07-11,support_ticket
U00491,2024-08-18,feature_use
U00491,2024-01-11,feature_use
U00491,2023-12-31,support_ticket
U00492,2021-11-06,feature_use
U00492,2021-09-10,login
U00492,2022-11-06,support_ticket
U00492,2024-12-25,support_ticket
U00492,2022-04-23,login
U00492,2023-03-14,feature_use
U00492,2024-09-02,support_ticket
U00492,2022-05-13,login
U00492,2022-08-22,feature_use
U00492,2022-06-07,support_ticket
U00492,2021-11-14,support_ticket
U00492,2023-01-26,feature_use
U00492,2021-12-01,support_ticket
U00492,2023-10-09,feature_use
U00492,2023-10-20,support_ticket
U00492,2024-01-20,login
U00492,2023-10-10,login
U00492,2023-11-03,support_ticket
U00492,2022-10-15,support_ticket
U00492,2022-05-06,support_ticket
U00492,2023-12-13,login
U00492,2021-07-31,login
U00492,2021-12-07,login
U00493,2024-09-01,login
U00493,2024-11-08,support_ticket
U00493,2024-11-02,login
U00493,2024-12-03,feature_use
U00493,2024-10-17,login
U00493,2024-10-19,feature_use
U00493,2024-12-19,support_ticket
U00493,2024-12-01,login
U00493,2024-10-07,support_ticket
U00493,2024-12-07,feature_use
U00493,2024-09-16,support_ticket
U00493,2024-10-17,feature_use
U00493,2024-08-28,feature_use
U00493,2024-10-29,support_ticket
U00494,2024-09-14,feature_use
U00494,2024-08-30,support_ticket
U00494,2022-07-31,login
U00494,2023-10-13,feature_use
U00494,2024-10-11,feature_use
U00494,2022-12-28,support_ticket
U00494,2024-03-18,login
U00494,2022-07-11,login
U00494,2022-08-13,feature_use
U00494,2023-12-13,feature_use
U00494,2024-05-06,login
U00494,2024-10-01,support_ticket
U00494,2024-10-24,login
U00494,2023-04-04,login
U00494,2024-07-08,support_ticket
U00494,2024-12-03,login
U00494,2022-06-04,login
U00494,2024-09-22,feature_use
U00494,2023-01-09,feature_use
U00494,2022-07-07,feature_use
U00494,2023-03-05,support_ticket
U00494,2024-03-18,support_ticket
U00494,2024-09-18,support_ticket
U00495,2022-06-13,support_ticket
U00495,2024-09-27,login
U00495,2022-11-20,support_ticket
U00495,2024-05-03,support_ticket
U00495,2023-11-24,support_ticket
U00495,2024-05-27,support_ticket
U00495,2024-05-04,login
U00495,2023-01-30,feature_use
U00495,2024-01-26,login
U00495,2022-06-14,feature_use
U00495,2022-06-14,feature_use
U00495,2022-12-16,login
U00495,2023-04-04,feature_use
U00495,2023-05-12,support_ticket
U00495,2023-03-27,login
U00495,2024-03-16,login
U00495,2024-08-13,feature_use
U00495,2022-10-25,support_ticket
U00495,2024-01-22,support_ticket
U00495,2022-07-27,feature_use
U00495,2023-09-22,support_ticket
U00495,2022-11-21,feature_use
U00495,2023-02-24,feature_use
U00495,2023-03-06,feature_use
U00495,2023-09-12,login
U00495,2022-10-31,login
U00495,2024-01-12,support_ticket
U00495,2022-04-25,login
U00495,2024-11-12,feature_use
U00495,2023-09-23,feature_use
U00495,2023-05-08,feature_use
U00495,2023-07-15,login
U00495,2023-08-24,feature_use
U00495,2023-10-27,feature_use
U00495,2022-05-19,login
U00495,2024-12-23,support_ticket
U00495,2022-05-21,login
U00495,2024-10-08,feature_use
U00495,2024-06-30,support_ticket
U00495,2022-07-27,feature_use
U00495,2024-10-17,support_ticket
U00495,2023-10-04,support_ticket
U00495,2023-11-06,support_ticket
U00495,2024-04-02,login
U00495,2023-08-21,support_ticket
U00495,2022-07-27,feature_use
U00496,2023-11-04,feature_use
U00496,2024-12-27,feature_use
U00496,2024-09-24,support_ticket
U00496,2024-09-22,login
U00496,2023-10-13,support_ticket
U00496,2024-11-10,feature_use
U00496,2024-10-09,feature_use
U00496,2024-02-09,support_ticket
U00496,2024-02-06,login
U00496,2024-09-13,login
U00497,2021-10-07,support_ticket
U00497,2023-05-02,login
U00497,2023-05-26,support_ticket
U00497,2022-09-11,feature_use
U00497,2022-08-06,feature_use
U00497,2023-07-14,support_ticket
U00497,2024-07-22,login
U00497,2024-10-30,feature_use
U00497,2023-11-25,feature_use
U00497,2023-12-31,support_ticket
U00497,2022-05-17,support_ticket
U00497,2023-08-09,login
U00497,2023-07-30,login
U00497,2022-12-02,support_ticket
U00497,2024-11-10,support_ticket
U00497,2022-06-13,feature_use
U00497,2022-06-05,feature_use
U00497,2023-10-11,support_ticket
U00497,2022-04-30,login
U00497,2024-02-27,support_ticket
U00497,2024-03-27,feature_use
U00497,2024-09-01,login
U00497,2021-11-27,support_ticket
U00497,2023-05-21,support_ticket
U00497,2023-01-13,feature_use
U00497,2023-12-07,support_ticket
U00497,2024-04-02,support_ticket
U00497,2022-09-13,login
U00497,2022-09-01,login
U00497,2022-05-20,support_ticket
U00497,2023-06-12,login
U00497,2022-06-01,feature_use
U00497,2022-07-15,feature_use
U00497,2023-09-08,feature_use
U00497,2024-11-08,support_ticket
U00498,2023-05-18,feature_use
U00498,2023-08-23,login
U00498,2024-07-17,feature_use
U00498,2024-10-28,support_ticket
U00498,2022-12-04,login
U00498,2023-08-26,login
U00498,2024-03-16,feature_use
U00498,2023-08-06,feature_use
U00498,2023-01-20,login
U00498,2022-10-07,support_ticket
U00498,2024-01-24,login
U00498,2022-10-10,support_ticket
U00498,2024-05-02,feature_use
U00498,2023-02-08,support_ticket
U00498,2022-10-11,support_ticket
U00498,2024-01-13,login
U00498,2024-04-23,support_ticket
U00498,2023-03-22,feature_use
U00498,2024-12-23,feature_use
U00498,2024-01-26,feature_use
U00498,2024-11-05,login
U00498,2023-02-03,support_ticket
U00498,2023-07-29,login
U00498,2023-08-25,login
U00498,2024-09-11,support_ticket
U00498,2024-02-07,support_ticket
U00498,2024-03-02,feature_use
U00498,2023-04-24,login
U00498,2024-12-09,support_ticket
U00498,2022-12-04,login
U00498,2023-12-30,login
U00498,2023-03-01,login
U00498,2022-11-21,login
U00498,2024-10-05,feature_use
U00498,2023-02-24,login
U00498,2023-08-01,support_ticket
U00498,2023-07-27,feature_use
U00498,2023-05-12,support_ticket
U00498,2022-11-25,feature_use
U00498,2024-10-28,support_ticket
U00498,2024-02-10,support_ticket
U00498,2024-08-11,feature_use
U00498,2024-01-26,login
U00498,2024-11-16,support_ticket
U00498,2024-12-13,support_ticket
U00498,2023-12-14,login
U00499,2024-07-08,login
U00499,2023-12-19,feature_use
U00499,2024-04-16,feature_use
U00499,2024-02-03,feature_use
U00499,2024-05-29,feature_use
U00499,2023-07-08,login
U00499,2023-12-22,support_ticket
U00499,2023-03-04,login
U00499,2023-06-20,feature_use
U00499,2021-12-11,login
U00499,2023-11-29,login
U00499,2022-10-05,feature_use
U00499,2022-08-19,support_ticket
U00499,2023-12-26,support_ticket
U00499,2023-11-25,login
U00499,2024-06-05,support_ticket
U00499,2022-12-24,support_ticket
U00499,2022-11-17,login
U00499,2022-05-08,support_ticket
U00499,2022-04-13,feature_use
U00499,2023-03-23,support_ticket
U00499,2021-12-06,feature_use
U00499,2021-12-22,feature_use
U00499,2023-06-14,feature_use
U00499,2023-03-22,feature_use
U00499,2022-02-19,login
U00499,2023-09-25,feature_use
U00499,2022-07-01,login
U00499,2023-09-13,login
U00499,2022-05-24,login
U00499,2022-03-30,feature_use
U00499,2022-09-15,feature_use
U00499,2021-11-27,login
U00499,2024-09-06,login
U00499,2022-08-11,feature_use
U00499,2023-10-24,support_ticket
U00499,2023-01-10,support_ticket
U00499,2023-04-28,feature_use
U00499,2023-09-28,support_ticket
U00499,2024-05-30,support_ticket
U00499,2022-12-30,login
U00499,2023-08-23,feature_use
U00499,2024-09-13,support_ticket
U00499,2023-01-06,feature_use
U00499,2024-08-12,login
U00499,2022-11-26,login
U00499,2023-06-12,support_ticket
U00499,2024-02-12,feature_use
U00500,2022-01-08,feature_use
U00500,2023-09-01,login
U00500,2024-05-05,feature_use
U00500,2023-09-07,feature_use
U00500,2022-11-09,login
U00500,2021-08-21,login
U00500,2022-01-09,feature_use
U00500,2022-04-16,support_ticket
U00500,2023-10-18,feature_use
U00500,2023-07-23,login
U00500,2024-06-01,login
U00500,2023-04-02,feature_use
U00500,2024-07-13,feature_use
U00500,2022-12-28,support_ticket
U00500,2022-06-11,support_ticket
U00500,2024-04-21,support_ticket
U00500,2022-03-26,feature_use
U00500,2021-07-11,login
U00500,2021-09-14,support_ticket
U00500,2022-04-21,login
U00500,2024-07-28,feature_use
U00500,2021-10-15,login
U00500,2023-03-20,support_ticket
U00500,2023-08-17,login
U00500,2023-04-21,login
U00500,2024-10-24,login
U00500,2024-08-24,feature_use
U00500,2023-01-30,login
U00500,2022-04-25,feature_use
U00500,2022-02-25,feature_use
U00500,2022-08-25,support_ticket
U00500,2021-10-30,support_ticket
U00500,2022-08-15,login
U00500,2023-04-22,feature_use
U00500,2022-09-23,feature_use
U00500,2024-11-12,support_ticket
U00500,2022-08-21,login
U00500,2022-01-05,login
U00500,2021-10-30,support_ticket
U00500,2021-09-21,support_ticket
U00500,2021-10-21,support_ticket
U00501,2024-01-30,login
U00501,2024-12-21,feature_use
U00501,2024-11-18,login
U00501,2023-06-07,feature_use
U00501,2024-11-29,login
U00501,2023-11-28,support_ticket
U00501,2024-01-26,feature_use
U00501,2024-03-15,login
U00501,2024-05-12,support_ticket
U00501,2023-12-05,support_ticket
U00501,2023-07-25,support_ticket
U00501,2024-01-25,login
U00501,2024-02-27,support_ticket
U00501,2024-01-15,support_ticket
U00501,2024-08-31,feature_use
U00501,2024-08-11,login
U00501,2024-02-07,feature_use
U00501,2024-07-11,login
U00501,2024-12-01,support_ticket
U00501,2023-06-29,support_ticket
U00501,2023-08-27,login
U00501,2023-10-22,support_ticket
U00501,2024-08-16,support_ticket
U00501,2023-08-11,feature_use
U00501,2024-04-09,feature_use
U00501,2024-02-21,feature_use
U00501,2023-06-07,feature_use
U00501,2024-01-15,login
U00501,2023-09-02,login
U00501,2024-05-26,support_ticket
U00501,2024-12-16,login
U00501,2024-02-09,login
U00501,2024-08-20,feature_use
U00501,2023-12-28,support_ticket
U00501,2024-09-04,support_ticket
U00501,2024-10-31,feature_use
U00501,2023-10-24,login
U00501,2024-12-26,support_ticket
U00501,2023-10-09,support_ticket
U00501,2024-04-14,login
U00501,2024-08-09,support_ticket
U00501,2024-01-28,feature_use
U00501,2024-07-25,support_ticket
U00502,2024-11-27,login
U00502,2023-05-20,feature_use
U00502,2024-06-14,feature_use
U00502,2024-06-07,support_ticket
U00502,2023-05-14,support_ticket
U00502,2024-06-24,feature_use
U00502,2024-03-16,login
U00502,2024-12-07,support_ticket
U00502,2024-08-11,login
U00502,2024-03-27,login
U00502,2024-04-20,support_ticket
U00502,2024-07-25,support_ticket
U00502,2024-12-16,feature_use
U00502,2023-02-28,login
U00502,2024-12-04,feature_use
U00502,2024-11-19,login
U00502,2024-05-18,feature_use
U00502,2023-07-29,support_ticket
U00502,2023-07-15,login
U00502,2024-04-13,feature_use
U00502,2024-04-23,feature_use
U00502,2024-07-14,support_ticket
U00502,2024-07-14,login
U00502,2024-09-08,support_ticket
U00502,2023-08-21,feature_use
U00502,2024-11-23,feature_use
U00502,2023-05-01,feature_use
U00503,2022-04-14,login
U00503,2024-06-03,support_ticket
U00503,2024-09-17,support_ticket
U00503,2024-05-08,support_ticket
U00503,2021-05-04,feature_use
U00503,2022-12-20,support_ticket
U00503,2024-08-10,login
U00503,2023-02-13,support_ticket
U00503,2024-05-03,login
U00503,2022-02-04,feature_use
U00503,2023-04-02,support_ticket
U00503,2024-01-04,feature_use
U00503,2023-12-11,login
U00503,2023-10-08,feature_use
U00503,2024-09-19,feature_use
U00503,2023-06-20,feature_use
U00503,2021-06-23,support_ticket
U00503,2022-05-22,support_ticket
U00503,2023-05-29,support_ticket
U00503,2024-04-26,login
U00503,2023-02-11,login
U00503,2021-09-28,support_ticket
U00503,2022-12-19,login
U00503,2023-10-22,login
U00503,2023-07-05,feature_use
U00504,2024-12-03,support_ticket
U00504,2024-05-31,support_ticket
U00504,2024-03-31,login
U00504,2024-12-23,feature_use
U00504,2024-09-14,feature_use
U00504,2024-04-12,support_ticket
U00504,2024-11-23,feature_use
U00504,2024-04-06,support_ticket
U00504,2024-04-23,feature_use
U00504,2024-11-20,feature_use
U00504,2024-03-16,login
U00504,2024-08-27,login
U00504,2024-02-27,support_ticket
U00504,2024-12-29,login
U00504,2024-07-08,feature_use
U00504,2024-12-25,support_ticket
U00504,2024-05-27,support_ticket
U00504,2024-10-10,support_ticket
U00504,2024-11-02,feature_use
U00504,2024-10-19,login
U00504,2024-06-23,support_ticket
U00504,2024-03-04,login
U00504,2024-12-22,login
U00504,2024-03-05,login
U00504,2024-04-17,support_ticket
U00504,2024-05-11,feature_use
U00504,2024-03-02,login
U00504,2024-11-10,feature_use
U00504,2024-03-14,feature_use
U00504,2024-07-14,login
U00504,2024-12-13,login
U00504,2024-09-17,support_ticket
U00504,2024-12-28,feature_use
U00504,2024-05-11,login
U00504,2024-05-17,login
U00505,2023-12-22,support_ticket
U00505,2022-11-13,login
U00505,2024-10-30,login
U00505,2023-11-04,login
U00505,2021-12-02,login
U00505,2024-06-24,support_ticket
U00505,2022-10-13,login
U00505,2022-06-13,feature_use
U00505,2022-08-27,feature_use
U00505,2024-01-23,login
U00505,2023-02-21,support_ticket
U00505,2024-11-26,feature_use
U00505,2023-09-22,login
U00505,2024-04-26,support_ticket
U00505,2023-04-21,login
U00505,2023-07-08,feature_use
U00505,2022-03-15,support_ticket
U00506,2024-11-02,feature_use
U00506,2024-12-17,support_ticket
U00506,2024-11-10,feature_use
U00506,2024-12-19,feature_use
U00506,2024-10-26,login
U00506,2024-12-25,feature_use
U00506,2024-12-02,feature_use
U00506,2024-10-20,feature_use
U00506,2024-12-15,feature_use
U00506,2024-10-26,feature_use
U00506,2024-10-22,feature_use
U00506,2024-11-05,support_ticket
U00506,2024-10-02,feature_use
U00506,2024-11-11,support_ticket
U00506,2024-11-17,support_ticket
U00506,2024-12-01,support_ticket
U00506,2024-11-16,feature_use
U00506,2024-11-28,login
U00506,2024-12-18,support_ticket
U00506,2024-10-28,support_ticket
U00506,2024-10-19,feature_use
U00506,2024-12-04,support_ticket
U00507,2024-12-30,feature_use
U00507,2024-12-17,support_ticket
U00507,2023-09-11,support_ticket
U00507,2022-03-09,feature_use
U00507,2024-01-23,login
U00507,2023-09-22,feature_use
U00507,2022-12-20,support_ticket
U00507,2023-01-17,login
U00507,2022-02-25,login
U00507,2023-11-15,feature_use
U00507,2023-05-03,support_ticket
U00507,2023-12-06,login
U00507,2024-02-20,support_ticket
U00507,2022-12-02,login
U00507,2022-03-07,support_ticket
U00507,2023-07-31,support_ticket
U00507,2024-06-07,login
U00507,2024-12-21,support_ticket
U00507,2022-09-13,feature_use
U00508,2024-10-17,feature_use
U00508,2024-06-04,support_ticket
U00508,2023-09-12,support_ticket
U00508,2022-11-03,feature_use
U00508,2022-10-26,support_ticket
U00508,2024-12-19,feature_use
U00508,2023-08-24,login
U00508,2023-10-06,support_ticket
U00508,2022-11-03,support_ticket
U00508,2023-03-30,support_ticket
U00508,2023-07-04,feature_use
U00508,2024-01-19,login
U00508,2024-10-21,login
U00508,2022-11-23,feature_use
U00508,2023-04-21,feature_use
U00508,2023-03-27,support_ticket
U00508,2024-11-16,login
U00508,2024-05-04,login
U00508,2024-09-14,feature_use
U00508,2024-01-02,login
U00509,2024-06-09,support_ticket
U00509,2024-09-06,feature_use
U00509,2024-09-21,support_ticket
U00509,2024-03-31,login
U00509,2024-04-12,login
U00509,2024-10-30,login
U00509,2024-09-16,support_ticket
U00509,2024-09-24,login
U00509,2024-09-26,login
U00509,2024-06-04,support_ticket
U00509,2024-03-31,feature_use
U00509,2024-09-20,login
U00509,2024-07-01,support_ticket
U00509,2024-05-16,feature_use
U00509,2024-07-14,feature_use
U00509,2024-07-23,login
U00509,2024-06-08,feature_use
U00509,2024-08-11,support_ticket
U00509,2024-07-26,login
U00509,2024-12-05,support_ticket
U00509,2024-09-14,login
U00509,2024-05-08,support_ticket
U00509,2024-05-19,login
U00509,2024-06-09,login
U00509,2024-09-25,support_ticket
U00509,2024-04-12,feature_use
U00509,2024-06-22,feature_use
U00509,2024-09-28,login
U00509,2024-11-19,feature_use
U00509,2024-06-13,support_ticket
U00509,2024-11-06,support_ticket
U00509,2024-10-09,login
U00509,2024-09-21,login
U00509,2024-04-24,support_ticket
U00509,2024-10-01,feature_use
U00509,2024-07-21,support_ticket
U00510,2024-12-21,support_ticket
U00510,2023-10-30,feature_use
U00510,2023-07-05,feature_use
U00510,2022-04-26,feature_use
U00510,2024-04-14,login
U00510,2022-04-27,support_ticket
U00510,2023-03-03,feature_use
U00510,2022-05-24,login
U00510,2024-07-16,support_ticket
U00510,2023-07-29,feature_use
U00510,2023-11-15,feature_use
U00510,2023-02-06,support_ticket
U00510,2024-05-30,support_ticket
U00510,2022-01-16,feature_use
U00510,2022-08-17,feature_use
U00510,2022-11-29,support_ticket
U00510,2022-06-21,feature_use
U00511,2022-09-23,login
U00511,2024-02-01,feature_use
U00511,2023-10-08,login
U00511,2022-05-24,login
U00511,2023-05-22,feature_use
U00511,2023-09-16,feature_use
U00511,2022-07-17,feature_use
U00511,2023-01-19,login
U00511,2022-07-31,feature_use
U00511,2021-10-07,support_ticket
U00511,2023-01-19,support_ticket
U00511,2022-04-09,support_ticket
U00511,2024-02-01,feature_use
U00511,2022-07-03,login
U00511,2024-11-28,support_ticket
U00511,2021-12-09,feature_use
U00511,2024-10-22,login
U00511,2022-01-28,support_ticket
U00511,2024-01-10,login
U00511,2021-09-20,login
U00511,2024-12-16,feature_use
U00511,2022-01-08,feature_use
U00511,2024-05-17,login
U00511,2023-05-08,feature_use
U00511,2021-10-15,support_ticket
U00511,2023-06-16,support_ticket
U00511,2024-11-30,support_ticket
U00511,2022-05-29,login
U00511,2023-12-15,feature_use
U00511,2022-11-19,support_ticket
U00511,2022-03-02,login
U00511,2022-10-24,feature_use
U00511,2022-11-22,support_ticket
U00511,2024-09-21,support_ticket
U00512,2023-12-04,support_ticket
U00512,2024-01-10,login
U00512,2024-11-26,feature_use
U00512,2024-11-18,login
U00512,2023-03-22,login
U00512,2024-02-05,support_ticket
U00512,2023-09-28,feature_use
U00513,2024-09-24,login
U00513,2024-06-03,support_ticket
U00513,2024-06-18,support_ticket
U00513,2024-07-20,login
U00513,2024-07-25,feature_use
U00513,2024-05-27,feature_use
U00513,2024-09-22,feature_use
U00513,2024-11-02,feature_use
U00513,2024-11-14,login
U00513,2024-04-22,login
U00513,2024-09-06,feature_use
U00513,2024-04-02,support_ticket
U00513,2024-08-14,support_ticket
U00513,2024-07-31,login
U00513,2024-05-03,support_ticket
U00513,2024-07-02,support_ticket
U00513,2024-08-21,login
U00513,2024-10-30,support_ticket
U00513,2024-09-27,login
U00513,2024-05-03,login
U00513,2024-06-09,support_ticket
U00513,2024-11-23,feature_use
U00513,2024-05-20,support_ticket
U00513,2024-05-14,feature_use
U00514,2024-09-18,login
U00514,2024-12-18,login
U00514,2024-10-19,support_ticket
U00514,2024-04-27,feature_use
U00514,2024-08-14,login
U00514,2024-10-11,login
U00515,2024-12-18,login
U00515,2024-12-07,login
U00515,2024-12-31,login
U00515,2024-10-20,support_ticket
U00515,2024-12-17,feature_use
U00515,2024-11-12,support_ticket
U00515,2024-11-02,login
U00515,2024-10-26,support_ticket
U00515,2024-12-23,login
U00515,2024-12-03,support_ticket
U00515,2024-10-23,feature_use
U00515,2024-12-09,login
U00515,2024-12-11,feature_use
U00515,2024-12-14,login
U00515,2024-10-17,feature_use
U00516,2024-10-23,support_ticket
U00516,2024-11-22,feature_use
U00516,2024-10-03,login
U00516,2024-09-22,support_ticket
U00516,2024-08-14,feature_use
U00516,2024-10-31,support_ticket
U00516,2024-11-06,support_ticket
U00516,2024-06-21,feature_use
U00516,2024-07-21,login
U00516,2024-08-05,feature_use
U00516,2024-08-21,login
U00516,2024-06-03,login
U00516,2024-06-02,login
U00517,2024-02-16,support_ticket
U00517,2024-12-06,login
U00517,2024-10-13,support_ticket
U00517,2022-03-16,login
U00517,2023-10-01,support_ticket
U00517,2023-12-15,login
U00517,2022-12-19,support_ticket
U00517,2023-10-14,support_ticket
U00517,2024-04-02,feature_use
U00517,2024-03-27,login
U00517,2023-05-06,support_ticket
U00517,2022-04-12,feature_use
U00517,2022-01-22,support_ticket
U00517,2023-03-02,feature_use
U00517,2024-04-19,support_ticket
U00517,2024-08-02,support_ticket
U00517,2023-12-18,feature_use
U00517,2022-05-25,support_ticket
U00517,2022-10-31,login
U00517,2024-05-22,support_ticket
U00517,2024-11-04,login
U00517,2022-04-06,login
U00517,2023-05-18,support_ticket
U00517,2022-10-02,feature_use
U00517,2022-12-24,login
U00517,2022-04-14,feature_use
U00517,2022-07-29,login
U00517,2023-05-20,feature_use
U00517,2024-02-12,login
U00517,2022-07-29,support_ticket
U00517,2023-10-02,login
U00517,2022-11-05,login
U00517,2022-07-25,login
U00517,2022-12-17,feature_use
U00517,2023-05-03,login
U00517,2022-03-10,support_ticket
U00517,2023-02-12,support_ticket
U00517,2022-06-11,support_ticket
U00517,2024-03-07,support_ticket
U00517,2022-09-10,support_ticket
U00517,2024-04-25,login
U00517,2024-05-04,login
U00517,2023-05-06,support_ticket
U00517,2022-06-30,support_ticket
U00517,2024-09-11,login
U00517,2024-02-23,support_ticket
U00518,2024-01-15,support_ticket
U00518,2024-02-29,support_ticket
U00518,2024-09-17,feature_use
U00518,2024-07-19,feature_use
U00518,2023-12-07,feature_use
U00519,2021-04-17,login
U00519,2021-03-01,feature_use
U00519,2021-10-05,login
U00519,2022-06-23,support_ticket
U00519,2021-08-05,login
U00519,2023-09-10,login
U00519,2023-08-06,login
U00519,2023-06-20,login
U00519,2022-07-17,support_ticket
U00519,2023-01-30,login
U00519,2024-09-13,support_ticket
U00519,2024-01-09,support_ticket
U00519,2022-10-31,login
U00519,2022-01-17,login
U00519,2023-08-10,login
U00519,2024-01-01,feature_use
U00520,2024-04-30,support_ticket
U00520,2024-04-15,support_ticket
U00520,2024-07-18,support_ticket
U00520,2024-08-07,feature_use
U00520,2024-07-15,feature_use
U00520,2024-10-06,support_ticket
U00520,2024-11-01,login
U00520,2024-09-23,feature_use
U00520,2024-08-25,feature_use
U00520,2024-05-02,support_ticket
U00521,2024-05-03,feature_use
U00521,2024-08-03,login
U00521,2023-02-13,feature_use
U00521,2024-04-18,support_ticket
U00521,2022-06-13,support_ticket
U00521,2024-08-09,support_ticket
U00521,2024-02-15,login
U00521,2024-03-07,login
U00521,2023-10-13,feature_use
U00521,2022-05-24,login
U00521,2024-01-18,feature_use
U00521,2024-04-07,support_ticket
U00521,2023-01-09,login
U00521,2023-11-19,feature_use
U00521,2024-07-26,login
U00521,2024-05-14,login
U00522,2024-09-26,support_ticket
U00522,2024-08-23,support_ticket
U00522,2024-05-17,login
U00522,2024-03-16,support_ticket
U00522,2024-03-03,login
U00522,2024-12-08,support_ticket
U00522,2024-12-24,feature_use
U00522,2024-11-28,feature_use
U00522,2024-01-27,feature_use
U00522,2024-05-23,feature_use
U00522,2024-07-05,login
U00522,2024-09-01,feature_use
U00522,2024-04-05,support_ticket
U00522,2024-04-12,login
U00522,2024-05-22,support_ticket
U00522,2024-02-17,login
U00522,2024-08-13,feature_use
U00523,2024-03-10,login
U00523,2023-08-22,feature_use
U00523,2023-11-16,feature_use
U00523,2024-10-14,login
U00523,2023-09-02,support_ticket
U00523,2024-06-19,support_ticket
U00523,2024-07-14,login
U00523,2024-07-08,feature_use
U00523,2024-09-11,login
U00523,2024-01-21,feature_use
U00523,2024-03-25,feature_use
U00524,2024-01-21,support_ticket
U00524,2024-09-29,feature_use
U00524,2022-01-02,login
U00524,2023-12-31,support_ticket
U00524,2023-03-07,login
U00524,2022-01-15,feature_use
U00524,2024-12-01,login
U00524,2024-08-11,support_ticket
U00524,2023-02-28,feature_use
U00524,2023-02-26,support_ticket
U00524,2022-04-29,feature_use
U00524,2022-11-24,support_ticket
U00524,2022-09-11,support_ticket
U00524,2022-07-09,support_ticket
U00524,2022-10-28,feature_use
U00524,2022-03-17,feature_use
U00524,2023-09-25,support_ticket
U00524,2023-02-18,feature_use
U00524,2022-03-30,login
U00524,2023-05-14,login
U00524,2023-12-31,support_ticket
U00524,2022-09-12,support_ticket
U00524,2022-05-30,login
U00524,2024-12-05,feature_use
U00524,2022-11-02,login
U00524,2024-10-05,login
U00524,2023-06-17,feature_use
U00524,2022-07-31,support_ticket
U00524,2022-12-18,login
U00524,2022-05-17,support_ticket
U00524,2022-07-10,feature_use
U00524,2024-02-17,support_ticket
U00524,2022-03-08,feature_use
U00524,2023-10-05,support_ticket
U00524,2024-05-24,support_ticket
U00524,2024-10-20,support_ticket
U00524,2023-04-19,support_ticket
U00524,2024-07-23,feature_use
U00524,2024-05-26,support_ticket
U00525,2022-12-24,feature_use
U00525,2023-04-10,login
U00525,2023-02-13,feature_use
U00525,2023-03-03,login
U00525,2023-08-08,support_ticket
U00525,2023-12-20,feature_use
U00525,2023-12-28,feature_use
U00525,2024-04-08,support_ticket
U00525,2023-02-01,support_ticket
U00525,2024-07-22,support_ticket
U00525,2024-09-04,login
U00525,2022-11-05,feature_use
U00525,2023-01-13,feature_use
U00525,2023-05-31,support_ticket
U00525,2024-09-27,support_ticket
U00525,2023-09-12,feature_use
U00525,2023-07-03,login
U00525,2023-12-18,login
U00525,2023-01-31,login
U00525,2024-06-28,feature_use
U00525,2023-11-06,feature_use
U00525,2024-01-29,login
U00525,2024-11-27,feature_use
U00525,2023-02-09,feature_use
U00525,2024-06-29,feature_use
U00525,2024-07-11,feature_use
U00525,2023-06-07,feature_use
U00525,2024-05-23,support_ticket
U00525,2023-01-07,login
U00525,2024-06-05,login
U00525,2024-04-17,support_ticket
U00525,2024-10-23,support_ticket
U00525,2024-08-20,support_ticket
U00525,2024-06-17,login
U00525,2023-12-02,support_ticket
U00525,2023-04-15,support_ticket
U00525,2022-12-14,login
U00525,2024-12-16,login
U00525,2024-08-15,login
U00525,2024-03-21,login
U00525,2024-01-06,feature_use
U00525,2023-10-18,login
U00525,2024-09-25,support_ticket
U00526,2022-02-13,feature_use
U00526,2022-09-20,support_ticket
U00526,2022-07-26,feature_use
U00526,2022-02-24,login
U00526,2021-11-27,feature_use
U00526,2024-12-01,support_ticket
U00526,2023-04-28,feature_use
U00526,2024-09-19,login
U00526,2021-09-23,feature_use
U00526,2024-11-07,login
U00526,2022-11-01,feature_use
U00526,2022-05-23,support_ticket
U00526,2023-06-24,support_ticket
U00526,2023-02-18,feature_use
U00526,2024-05-14,feature_use
U00527,2023-02-22,feature_use
U00527,2024-03-30,login
U00527,2024-12-15,login
U00527,2022-09-28,feature_use
U00527,2023-06-12,support_ticket
U00527,2023-02-08,support_ticket
U00527,2022-09-30,login
U00527,2023-09-09,feature_use
U00527,2022-06-23,feature_use
U00527,2023-05-30,login
U00527,2022-12-01,feature_use
U00527,2022-04-04,support_ticket
U00527,2023-04-23,feature_use
U00527,2024-03-30,login
U00527,2022-06-24,support_ticket
U00527,2022-11-27,support_ticket
U00527,2022-12-08,feature_use
U00527,2022-02-03,login
U00527,2024-12-03,feature_use
U00527,2023-03-11,support_ticket
U00527,2023-05-07,feature_use
U00527,2023-05-01,login
U00527,2023-01-18,support_ticket
U00527,2024-12-29,feature_use
U00527,2023-09-01,login
U00527,2022-05-30,feature_use
U00527,2024-01-25,login
U00527,2022-03-06,support_ticket
U00527,2023-03-30,login
U00527,2024-07-09,support_ticket
U00527,2024-02-16,support_ticket
U00527,2023-10-11,support_ticket
U00527,2022-02-21,support_ticket
U00527,2024-04-14,support_ticket
U00527,2023-08-07,feature_use
U00527,2024-11-25,feature_use
U00527,2022-08-23,support_ticket
U00528,2024-10-16,support_ticket
U00528,2024-12-29,support_ticket
U00528,2024-11-03,support_ticket
U00528,2024-10-25,feature_use
U00528,2024-12-12,support_ticket
U00528,2024-11-05,feature_use
U00528,2024-10-23,feature_use
U00528,2024-12-02,support_ticket
U00528,2024-10-20,login
U00528,2024-11-07,login
U00528,2024-12-30,feature_use
U00528,2024-11-05,feature_use
U00528,2024-12-08,login
U00528,2024-12-12,support_ticket
U00528,2024-10-29,login
U00528,2024-12-12,support_ticket
U00528,2024-11-09,support_ticket
U00528,2024-11-18,login
U00528,2024-11-04,feature_use
U00528,2024-10-28,support_ticket
U00528,2024-11-02,support_ticket
U00528,2024-11-02,support_ticket
U00529,2023-10-01,support_ticket
U00529,2024-12-15,support_ticket
U00529,2024-02-17,login
U00529,2024-08-21,support_ticket
U00529,2024-03-04,login
U00529,2024-02-22,feature_use
U00529,2024-05-12,feature_use
U00529,2023-07-11,login
U00529,2023-10-07,support_ticket
U00529,2024-05-09,feature_use
U00529,2024-03-27,login
U00529,2024-04-25,support_ticket
U00529,2024-03-30,login
U00529,2023-07-28,login
U00529,2024-04-08,login
U00529,2024-07-07,login
U00529,2024-05-07,feature_use
U00529,2024-08-21,feature_use
U00529,2023-09-28,login
U00529,2024-12-05,feature_use
U00529,2023-09-01,feature_use
U00529,2024-08-26,feature_use
U00530,2024-10-31,support_ticket
U00530,2024-08-08,login
U00530,2024-08-15,feature_use
U00530,2024-08-25,login
U00530,2024-11-02,support_ticket
U00531,2024-07-06,login
U00531,2023-01-27,feature_use
U00531,2022-08-22,feature_use
U00531,2023-05-28,support_ticket
U00531,2022-11-28,feature_use
U00531,2024-11-18,feature_use
U00531,2022-10-17,support_ticket
U00531,2024-04-22,support_ticket
U00531,2022-09-09,support_ticket
U00531,2024-11-04,login
U00531,2023-08-12,login
U00531,2024-05-27,login
U00531,2022-08-10,support_ticket
U00531,2023-02-03,feature_use
U00531,2023-08-10,feature_use
U00531,2024-04-05,feature_use
U00531,2023-01-15,support_ticket
U00531,2024-02-25,support_ticket
U00531,2023-01-09,login
U00531,2024-04-23,login
U00531,2023-03-18,feature_use
U00531,2023-08-09,support_ticket
U00531,2023-08-08,feature_use
U00531,2024-03-02,support_ticket
U00531,2023-09-20,support_ticket
U00531,2023-01-07,login
U00531,2024-02-17,feature_use
U00531,2023-03-10,login
U00531,2024-01-15,feature_use
U00531,2022-10-17,support_ticket
U00531,2023-03-27,login
U00531,2024-11-14,login
U00531,2024-04-14,support_ticket
U00531,2024-09-22,login
U00531,2024-03-28,support_ticket
U00531,2022-07-30,support_ticket
U00531,2024-10-03,login
U00531,2024-09-23,feature_use
U00531,2022-11-20,feature_use
U00531,2024-05-13,support_ticket
U00531,2024-12-09,login
U00531,2023-05-11,login
U00531,2023-08-05,feature_use
U00531,2024-06-02,login
U00532,2022-09-10,feature_use
U00532,2023-12-09,login
U00532,2022-10-08,feature_use
U00532,2024-07-16,support_ticket
U00532,2022-12-06,login
U00532,2023-01-31,login
U00532,2024-04-15,feature_use
U00532,2022-03-19,support_ticket
U00532,2024-08-04,feature_use
U00532,2024-02-01,support_ticket
U00532,2023-01-25,support_ticket
U00532,2021-11-06,support_ticket
U00532,2024-01-29,feature_use
U00532,2023-04-03,login
U00532,2023-03-27,login
U00532,2024-10-16,login
U00532,2023-10-16,support_ticket
U00532,2022-05-22,support_ticket
U00532,2023-06-28,feature_use
U00532,2021-10-03,feature_use
U00532,2023-02-23,login
U00532,2023-07-19,login
U00532,2024-11-16,feature_use
U00532,2022-07-22,support_ticket
U00532,2024-07-28,support_ticket
U00532,2023-09-25,support_ticket
U00532,2023-03-02,feature_use
U00532,2021-09-07,login
U00532,2024-10-30,feature_use
U00532,2024-01-03,feature_use
U00532,2023-06-22,login
U00532,2023-06-13,support_ticket
U00532,2022-03-06,feature_use
U00532,2023-11-29,feature_use
U00532,2021-11-21,feature_use
U00532,2024-03-16,login
U00532,2024-09-20,support_ticket
U00533,2021-08-25,login
U00533,2024-12-10,support_ticket
U00533,2023-07-13,feature_use
U00533,2022-05-22,support_ticket
U00533,2024-06-22,feature_use
U00533,2022-10-24,feature_use
U00533,2023-03-22,support_ticket
U00533,2023-11-17,support_ticket
U00533,2023-09-27,support_ticket
U00533,2024-01-21,feature_use
U00533,2024-02-23,support_ticket
U00533,2024-08-23,support_ticket
U00533,2024-11-14,feature_use
U00533,2024-03-08,login
U00533,2023-11-30,support_ticket
U00533,2022-03-22,feature_use
U00533,2021-09-30,feature_use
U00534,2024-10-27,login
U00534,2024-11-23,support_ticket
U00534,2024-12-16,login
U00534,2024-10-31,login
U00534,2024-11-17,support_ticket
U00534,2024-11-23,support_ticket
U00534,2024-12-17,login
U00534,2024-12-03,feature_use
U00534,2024-12-21,feature_use
U00534,2024-12-13,feature_use
U00534,2024-12-01,login
U00534,2024-12-03,login
U00534,2024-12-29,support_ticket
U00534,2024-12-24,feature_use
U00534,2024-10-23,support_ticket
U00534,2024-11-02,feature_use
U00534,2024-12-22,support_ticket
U00534,2024-11-27,feature_use
U00534,2024-11-13,login
U00534,2024-11-26,support_ticket
U00534,2024-11-16,feature_use
U00534,2024-12-15,support_ticket
U00534,2024-12-26,feature_use
U00534,2024-10-23,feature_use
U00534,2024-12-01,login
U00534,2024-12-02,feature_use
U00534,2024-12-12,support_ticket
U00534,2024-11-19,feature_use
U00534,2024-12-03,feature_use
U00534,2024-10-26,login
U00534,2024-11-23,login
U00534,2024-12-31,feature_use
U00534,2024-10-30,feature_use
U00534,2024-12-28,support_ticket
U00534,2024-11-11,feature_use
U00534,2024-12-17,login
U00534,2024-11-28,login
U00534,2024-11-06,feature_use
U00534,2024-10-28,support_ticket
U00534,2024-11-20,support_ticket
U00534,2024-12-01,support_ticket
U00534,2024-12-22,feature_use
U00535,2024-06-25,feature_use
U00535,2024-09-04,login
U00535,2024-11-02,feature_use
U00535,2024-04-21,support_ticket
U00535,2024-11-11,feature_use
U00535,2024-10-04,login
U00535,2024-07-11,support_ticket
U00535,2024-01-11,support_ticket
U00535,2024-06-30,login
U00535,2024-05-29,support_ticket
U00535,2024-06-12,login
U00535,2023-12-25,support_ticket
U00535,2024-01-28,login
U00535,2024-01-25,login
U00535,2024-07-27,support_ticket
U00535,2024-10-06,feature_use
U00536,2023-03-04,login
U00536,2024-12-12,support_ticket
U00536,2024-01-21,login
U00536,2022-03-29,feature_use
U00536,2024-01-15,support_ticket
U00536,2024-08-24,feature_use
U00536,2022-08-25,support_ticket
U00536,2023-08-11,feature_use
U00536,2023-03-21,support_ticket
U00536,2023-04-17,feature_use
U00536,2022-05-16,login
U00536,2023-04-28,feature_use
U00536,2023-05-26,login
U00536,2022-05-19,login
U00536,2024-05-01,feature_use
U00536,2022-11-03,feature_use
U00536,2023-02-02,support_ticket
U00536,2023-01-10,login
U00536,2023-12-31,support_ticket
U00536,2022-12-17,feature_use
U00536,2023-08-30,support_ticket
U00536,2023-04-18,support_ticket
U00536,2024-04-22,support_ticket
U00536,2022-12-03,login
U00536,2022-07-13,support_ticket
U00536,2022-06-09,support_ticket
U00536,2024-12-08,login
U00536,2022-10-14,login
U00536,2023-04-11,feature_use
U00536,2024-02-21,feature_use
U00536,2022-06-26,feature_use
U00536,2024-03-28,support_ticket
U00536,2024-10-06,login
U00536,2023-06-30,login
U00536,2024-08-02,login
U00536,2024-09-20,feature_use
U00536,2023-01-30,feature_use
U00536,2024-08-31,feature_use
U00536,2023-07-13,feature_use
U00536,2024-09-20,feature_use
U00536,2022-09-21,support_ticket
U00536,2023-05-25,login
U00536,2023-04-29,login
U00537,2023-10-20,support_ticket
U00537,2023-01-24,support_ticket
U00537,2021-07-16,support_ticket
U00537,2024-10-01,support_ticket
U00537,2024-09-13,feature_use
U00537,2024-02-02,feature_use
U00537,2024-02-02,feature_use
U00537,2024-09-29,feature_use
U00537,2022-12-01,support_ticket
U00537,2022-08-26,feature_use
U00537,2024-02-15,support_ticket
U00537,2023-03-08,login
U00537,2024-08-08,feature_use
U00537,2022-05-17,feature_use
U00537,2023-11-20,feature_use
U00537,2021-06-18,login
U00537,2023-12-24,feature_use
U00537,2023-12-02,feature_use
U00537,2024-06-07,feature_use
U00537,2022-11-20,login
U00537,2022-10-18,login
U00537,2021-06-08,feature_use
U00537,2023-09-02,feature_use
U00537,2023-04-19,login
U00537,2023-01-14,support_ticket
U00537,2023-10-21,feature_use
U00537,2022-06-06,feature_use
U00537,2021-10-20,login
U00537,2023-02-01,feature_use
U00537,2022-06-22,support_ticket
U00538,2022-11-09,support_ticket
U00538,2024-05-04,login
U00538,2024-11-25,login
U00538,2024-06-29,support_ticket
U00538,2022-10-27,support_ticket
U00538,2023-06-21,support_ticket
U00538,2022-10-14,feature_use
U00538,2023-09-26,feature_use
U00538,2023-09-10,support_ticket
U00538,2024-02-10,login
U00538,2023-05-15,support_ticket
U00538,2023-07-04,support_ticket
U00538,2023-06-06,feature_use
U00538,2023-05-18,support_ticket
U00538,2024-12-07,feature_use
U00538,2024-07-11,support_ticket
U00538,2023-11-16,feature_use
U00538,2023-05-19,feature_use
U00539,2024-12-29,login
U00539,2024-11-09,support_ticket
U00539,2022-10-19,feature_use
U00539,2023-08-22,login
U00539,2024-03-15,support_ticket
U00539,2024-12-31,support_ticket
U00539,2024-07-27,login
U00539,2024-11-06,login
U00539,2023-03-01,feature_use
U00539,2022-07-07,support_ticket
U00539,2024-07-01,login
U00539,2022-08-18,login
U00539,2024-06-30,login
U00539,2024-09-19,feature_use
U00539,2024-01-27,support_ticket
U00539,2023-06-13,feature_use
U00540,2022-02-11,support_ticket
U00540,2024-06-26,support_ticket
U00540,2024-12-27,support_ticket
U00540,2023-11-29,feature_use
U00540,2022-02-14,login
U00540,2024-09-28,login
U00540,2023-06-16,support_ticket
U00540,2022-11-17,support_ticket
U00540,2024-03-08,feature_use
U00541,2024-08-10,login
U00541,2024-04-15,support_ticket
U00541,2024-04-09,feature_use
U00541,2024-09-02,feature_use
U00541,2023-09-04,support_ticket
U00541,2024-07-23,support_ticket
U00541,2024-10-11,support_ticket
U00541,2023-06-01,feature_use
U00541,2024-09-15,support_ticket
U00541,2024-07-26,feature_use
U00541,2024-06-27,support_ticket
U00541,2023-10-29,support_ticket
U00541,2023-06-17,support_ticket
U00541,2024-06-16,support_ticket
U00541,2023-10-15,feature_use
U00541,2024-07-18,feature_use
U00541,2024-06-18,login
U00541,2024-11-21,support_ticket
U00541,2023-08-09,feature_use
U00541,2023-11-16,support_ticket
U00541,2024-01-25,support_ticket
U00541,2024-01-24,login
U00541,2023-12-02,support_ticket
U00541,2023-12-08,feature_use
U00541,2024-08-06,feature_use
U00541,2023-06-18,feature_use
U00541,2024-03-11,feature_use
U00541,2024-02-03,support_ticket
U00541,2024-11-29,feature_use
U00541,2023-11-26,login
U00542,2023-11-04,login
U00542,2024-02-16,login
U00542,2023-09-27,login
U00542,2024-08-15,feature_use
U00542,2024-03-09,login
U00542,2023-12-30,feature_use
U00542,2023-12-29,feature_use
U00542,2023-10-25,login
U00542,2024-09-05,support_ticket
U00543,2023-01-01,feature_use
U00543,2024-05-06,support_ticket
U00543,2023-09-11,feature_use
U00543,2022-10-05,feature_use
U00543,2023-07-27,feature_use
U00543,2024-09-18,feature_use
U00543,2024-08-11,login
U00543,2022-04-19,login
U00543,2023-03-18,support_ticket
U00543,2023-01-10,feature_use
U00544,2024-10-02,support_ticket
U00544,2024-12-25,login
U00544,2024-12-31,login
U00544,2024-12-03,feature_use
U00544,2024-12-21,login
U00544,2024-11-14,login
U00544,2024-12-07,support_ticket
U00544,2024-12-26,support_ticket
U00544,2024-11-21,feature_use
U00544,2024-11-08,feature_use
U00544,2024-11-30,feature_use
U00545,2023-10-19,login
U00545,2023-10-19,feature_use
U00545,2023-06-11,support_ticket
U00545,2023-10-03,login
U00545,2023-08-16,feature_use
U00545,2024-09-01,feature_use
U00545,2023-10-11,feature_use
U00545,2024-05-26,feature_use
U00545,2024-09-22,login
U00545,2024-03-16,login
U00545,2024-12-20,support_ticket
U00546,2023-02-24,support_ticket
U00546,2022-01-17,support_ticket
U00546,2021-10-09,feature_use
U00546,2024-03-11,support_ticket
U00546,2022-12-11,feature_use
U00546,2024-08-06,support_ticket
U00546,2021-06-06,support_ticket
U00546,2024-01-14,feature_use
U00546,2024-11-26,login
U00546,2022-01-23,support_ticket
U00546,2023-03-18,feature_use
U00546,2023-02-17,support_ticket
U00546,2021-09-22,feature_use
U00546,2023-09-09,feature_use
U00546,2024-08-02,login
U00546,2022-04-24,support_ticket
U00546,2022-04-04,login
U00546,2024-05-26,login
U00546,2022-11-07,support_ticket
U00546,2024-04-24,login
U00546,2024-03-05,support_ticket
U00546,2021-05-03,support_ticket
U00546,2021-06-01,login
U00546,2024-02-04,login
U00546,2022-07-21,feature_use
U00546,2022-03-02,feature_use
U00546,2021-10-26,support_ticket
U00546,2024-07-04,login
U00546,2022-11-08,login
U00546,2021-09-06,support_ticket
U00546,2024-07-07,feature_use
U00546,2024-04-29,feature_use
U00546,2022-06-18,login
U00546,2024-05-26,support_ticket
U00546,2021-09-04,login
U00546,2021-06-17,support_ticket
U00546,2022-11-13,login
U00546,2023-10-03,login
U00546,2022-10-05,login
U00547,2023-08-02,support_ticket
U00547,2023-11-19,login
U00547,2023-04-23,login
U00547,2022-12-28,feature_use
U00547,2024-07-21,feature_use
U00547,2023-10-10,login
U00547,2022-11-28,login
U00547,2023-08-28,login
U00547,2022-11-12,login
U00547,2022-12-03,feature_use
U00548,2024-03-25,feature_use
U00548,2024-10-31,support_ticket
U00548,2024-05-04,support_ticket
U00548,2024-05-10,login
U00548,2024-10-14,feature_use
U00548,2024-12-26,feature_use
U00548,2024-08-27,feature_use
U00548,2024-11-08,feature_use
U00548,2024-10-27,login
U00548,2024-08-23,feature_use
U00548,2024-08-22,login
U00548,2024-12-30,support_ticket
U00548,2024-06-22,support_ticket
U00548,2024-05-09,login
U00548,2024-10-14,support_ticket
U00548,2024-08-03,feature_use
U00548,2024-06-06,login
U00548,2024-10-19,feature_use
U00548,2024-05-01,support_ticket
U00548,2024-05-11,login
U00548,2024-10-20,login
U00548,2024-10-01,support_ticket
U00548,2024-09-30,support_ticket
U00549,2024-08-27,login
U00549,2024-08-19,support_ticket
U00549,2024-12-16,support_ticket
U00549,2024-09-06,login
U00549,2024-10-07,login
U00549,2024-09-04,feature_use
U00549,2024-12-19,login
U00549,2024-11-18,support_ticket
U00549,2024-09-05,login
U00549,2024-08-25,support_ticket
U00549,2024-12-09,feature_use
U00549,2024-11-14,login
U00549,2024-11-09,support_ticket
U00549,2024-12-27,feature_use
U00549,2024-09-10,login
U00549,2024-12-17,login
U00549,2024-10-12,feature_use
U00549,2024-12-28,support_ticket
U00549,2024-08-26,support_ticket
U00549,2024-08-04,login
U00549,2024-10-31,support_ticket
U00549,2024-10-01,login
U00549,2024-11-02,feature_use
U00549,2024-09-06,login
U00549,2024-12-23,support_ticket
U00549,2024-11-28,login
U00549,2024-09-24,login
U00549,2024-09-10,login
U00549,2024-08-15,support_ticket
U00549,2024-11-30,feature_use
U00549,2024-12-25,feature_use
U00549,2024-12-08,support_ticket
U00549,2024-09-05,feature_use
U00549,2024-09-21,support_ticket
U00549,2024-11-30,login
U00549,2024-09-10,support_ticket
U00549,2024-11-01,login
U00549,2024-10-18,feature_use
U00549,2024-09-20,support_ticket
U00549,2024-08-15,feature_use
U00549,2024-12-13,support_ticket
U00549,2024-08-09,support_ticket
U00549,2024-09-10,support_ticket
U00549,2024-12-14,feature_use
U00550,2023-10-11,login
U00550,2023-04-05,support_ticket
U00550,2021-10-21,login
U00550,2022-08-31,feature_use
U00550,2021-09-19,feature_use
U00550,2023-08-28,feature_use
U00551,2023-07-24,feature_use
U00551,2023-12-10,support_ticket
U00551,2024-07-10,feature_use
U00551,2022-12-09,support_ticket
U00551,2024-06-12,login
U00551,2023-07-18,login
U00551,2024-08-07,support_ticket
U00551,2024-11-12,support_ticket
U00551,2024-03-28,feature_use
U00551,2024-01-17,feature_use
U00551,2024-10-01,feature_use
U00551,2023-05-25,login
U00551,2023-02-01,feature_use
U00551,2023-09-30,support_ticket
U00551,2023-10-25,feature_use
U00551,2023-03-14,login
U00551,2024-04-07,support_ticket
U00551,2024-03-14,support_ticket
U00551,2024-03-31,support_ticket
U00551,2024-01-24,support_ticket
U00551,2023-11-22,feature_use
U00551,2024-01-06,support_ticket
U00551,2024-07-17,support_ticket
U00551,2023-06-28,login
U00551,2023-05-26,feature_use
U00551,2024-09-01,login
U00551,2023-12-28,support_ticket
U00551,2023-03-08,login
U00551,2024-06-24,login
U00551,2023-01-26,login
U00551,2024-11-10,login
U00551,2024-05-19,feature_use
U00551,2022-11-06,feature_use
U00551,2024-03-04,support_ticket
U00551,2023-08-07,support_ticket
U00552,2023-10-21,support_ticket
U00552,2023-08-16,login
U00552,2023-08-18,login
U00552,2024-07-03,login
U00552,2024-04-19,support_ticket
U00552,2024-06-26,support_ticket
U00552,2024-04-08,support_ticket
U00552,2024-01-20,support_ticket
U00552,2024-05-23,feature_use
U00552,2023-10-15,support_ticket
U00552,2023-12-03,feature_use
U00552,2024-11-13,support_ticket
U00552,2023-09-18,feature_use
U00552,2024-03-26,feature_use
U00552,2024-10-25,login
U00552,2024-04-02,support_ticket
U00552,2024-08-02,login
U00552,2024-09-22,feature_use
U00552,2024-03-08,support_ticket
U00552,2023-09-27,support_ticket
U00552,2024-07-05,support_ticket
U00552,2024-03-14,login
U00552,2024-09-07,feature_use
U00552,2023-08-09,support_ticket
U00552,2024-04-18,support_ticket
U00552,2024-09-17,support_ticket
U00552,2024-09-27,feature_use
U00552,2024-08-24,support_ticket
U00552,2023-12-31,support_ticket
U00552,2024-01-18,feature_use
U00552,2024-02-07,login
U00552,2024-01-16,support_ticket
U00552,2023-08-02,login
U00553,2024-01-23,login
U00553,2024-02-20,feature_use
U00553,2024-01-14,login
U00553,2024-09-03,support_ticket
U00553,2024-11-21,feature_use
U00553,2024-08-24,support_ticket
U00553,2024-04-14,support_ticket
U00553,2024-08-19,feature_use
U00553,2024-08-06,support_ticket
U00553,2024-11-02,support_ticket
U00553,2023-07-02,support_ticket
U00553,2024-07-26,feature_use
U00553,2024-05-10,support_ticket
U00553,2024-01-24,feature_use
U00553,2024-03-15,support_ticket
U00553,2024-03-27,support_ticket
U00553,2024-05-12,support_ticket
U00553,2024-10-12,feature_use
U00553,2023-11-11,login
U00553,2024-02-05,feature_use
U00553,2024-01-05,login
U00553,2024-10-15,feature_use
U00553,2024-05-31,support_ticket
U00553,2024-05-16,support_ticket
U00553,2023-11-23,support_ticket
U00553,2024-10-26,feature_use
U00553,2024-12-15,support_ticket
U00553,2024-09-24,feature_use
U00553,2023-09-11,support_ticket
U00553,2023-08-18,support_ticket
U00553,2024-04-07,support_ticket
U00553,2024-07-13,support_ticket
U00553,2023-11-21,feature_use
U00553,2024-09-10,feature_use
U00553,2023-10-15,support_ticket
U00553,2023-10-12,support_ticket
U00553,2024-10-30,feature_use
U00553,2024-03-03,feature_use
U00554,2024-03-12,support_ticket
U00554,2024-08-01,feature_use
U00554,2024-05-02,login
U00554,2024-06-12,support_ticket
U00554,2024-08-31,feature_use
U00554,2023-10-04,support_ticket
U00554,2024-07-28,feature_use
U00554,2024-12-05,support_ticket
U00554,2024-08-22,login
U00554,2023-06-20,login
U00554,2024-01-09,feature_use
U00554,2024-11-09,login
U00554,2023-08-13,login
U00554,2024-07-21,login
U00554,2023-07-20,login
U00554,2024-05-12,support_ticket
U00554,2024-10-10,support_ticket
U00554,2023-11-17,login
U00554,2024-03-25,login
U00555,2024-09-03,feature_use
U00555,2024-09-12,support_ticket
U00555,2024-03-29,feature_use
U00555,2024-11-13,support_ticket
U00555,2024-03-04,feature_use
U00555,2024-06-22,feature_use
U00555,2024-09-18,login
U00555,2024-09-25,support_ticket
U00555,2024-09-01,feature_use
U00555,2024-07-20,support_ticket
U00555,2024-11-29,login
U00555,2024-01-21,support_ticket
U00555,2024-08-25,login
U00556,2022-10-06,login
U00556,2023-04-17,feature_use
U00556,2024-04-16,login
U00556,2022-12-10,feature_use
U00556,2023-05-10,feature_use
U00556,2024-11-01,login
U00556,2023-10-16,support_ticket
U00556,2023-11-10,feature_use
U00556,2024-10-31,feature_use
U00556,2023-01-12,feature_use
U00556,2023-08-28,feature_use
U00556,2023-07-04,feature_use
U00556,2022-10-14,feature_use
U00556,2023-06-05,support_ticket
U00556,2023-03-04,feature_use
U00556,2022-11-08,support_ticket
U00556,2023-12-19,feature_use
U00556,2023-06-28,support_ticket
U00556,2023-11-14,support_ticket
U00556,2024-09-14,login
U00556,2024-02-17,login
U00556,2022-11-16,support_ticket
U00557,2024-12-20,login
U00557,2023-12-23,support_ticket
U00557,2023-09-16,support_ticket
U00557,2024-06-23,login
U00557,2023-03-03,support_ticket
U00557,2024-10-21,login
U00557,2024-11-10,support_ticket
U00557,2023-11-06,feature_use
U00557,2024-02-12,support_ticket
U00557,2024-08-16,support_ticket
U00557,2023-04-20,support_ticket
U00557,2023-11-22,support_ticket
U00557,2022-12-27,login
U00557,2023-02-09,feature_use
U00557,2023-10-08,support_ticket
U00557,2024-09-08,support_ticket
U00557,2023-06-24,support_ticket
U00557,2023-07-23,login
U00557,2024-10-03,feature_use
U00557,2024-02-21,feature_use
U00557,2023-10-07,support_ticket
U00557,2023-04-05,login
U00557,2023-04-25,feature_use
U00557,2023-05-19,feature_use
U00557,2023-08-07,login
U00557,2024-07-27,feature_use
U00558,2024-07-13,support_ticket
U00558,2024-07-31,feature_use
U00558,2024-04-07,support_ticket
U00558,2024-06-01,login
U00558,2024-06-27,support_ticket
U00558,2024-09-19,login
U00558,2024-07-15,feature_use
U00558,2023-12-24,support_ticket
U00558,2024-12-16,support_ticket
U00558,2024-11-02,support_ticket
U00558,2024-01-02,support_ticket
U00558,2024-07-27,login
U00558,2024-07-02,feature_use
U00558,2024-05-21,feature_use
U00558,2023-12-17,login
U00558,2024-08-31,support_ticket
U00558,2024-10-29,feature_use
U00558,2024-04-13,login
U00558,2024-12-22,feature_use
U00558,2024-09-16,login
U00558,2024-05-03,login
U00558,2024-10-21,login
U00558,2024-06-18,feature_use
U00558,2024-09-24,support_ticket
U00558,2024-02-11,support_ticket
U00558,2024-12-04,support_ticket
U00558,2024-12-05,login
U00558,2024-08-02,support_ticket
U00558,2024-05-02,support_ticket
U00558,2024-08-30,feature_use
U00559,2024-06-23,feature_use
U00559,2024-06-20,feature_use
U00559,2024-05-23,feature_use
U00559,2024-09-04,login
U00559,2024-07-14,login
U00559,2024-05-14,feature_use
U00559,2024-04-14,support_ticket
U00559,2024-09-19,feature_use
U00559,2024-10-08,support_ticket
U00559,2024-02-26,support_ticket
U00559,2024-04-15,login
U00559,2024-12-07,feature_use
U00559,2024-08-11,feature_use
U00559,2024-10-12,feature_use
U00559,2024-01-02,feature_use
U00559,2024-06-08,support_ticket
U00559,2024-02-08,login
U00559,2024-11-16,login
U00559,2024-09-04,feature_use
U00559,2024-12-08,support_ticket
U00559,2023-12-08,feature_use
U00559,2024-06-05,support_ticket
U00560,2023-10-22,login
U00560,2023-12-10,login
U00560,2023-12-24,support_ticket
U00560,2024-04-08,feature_use
U00560,2023-04-27,login
U00560,2024-10-30,login
U00560,2023-04-12,login
U00560,2023-11-27,support_ticket
U00560,2023-09-05,feature_use
U00560,2024-03-30,login
U00560,2023-10-11,support_ticket
U00560,2023-09-16,login
U00560,2024-10-30,login
U00560,2024-10-26,feature_use
U00560,2024-11-30,support_ticket
U00560,2024-04-29,login
U00560,2023-06-16,feature_use
U00560,2023-12-30,feature_use
U00560,2024-05-16,feature_use
U00560,2024-02-04,feature_use
U00561,2022-10-30,feature_use
U00561,2023-02-03,support_ticket
U00561,2024-04-24,feature_use
U00561,2022-02-10,feature_use
U00561,2024-07-27,feature_use
U00561,2023-09-04,feature_use
U00561,2022-10-11,support_ticket
U00561,2023-05-04,login
U00561,2022-11-28,login
U00561,2024-08-01,feature_use
U00561,2023-09-01,feature_use
U00562,2022-03-17,support_ticket
U00562,2024-01-14,feature_use
U00562,2023-10-19,feature_use
U00562,2024-02-20,support_ticket
U00562,2022-08-28,support_ticket
U00562,2024-05-26,feature_use
U00562,2022-05-10,login
U00562,2023-07-31,support_ticket
U00562,2022-10-07,login
U00562,2024-05-29,login
U00562,2023-06-12,login
U00562,2023-10-20,feature_use
U00562,2022-02-12,feature_use
U00562,2022-03-18,feature_use
U00562,2022-09-05,feature_use
U00562,2024-05-09,support_ticket
U00562,2024-08-07,support_ticket
U00562,2022-08-24,feature_use
U00562,2024-11-14,support_ticket
U00562,2024-11-06,support_ticket
U00562,2023-06-26,feature_use
U00562,2022-10-21,support_ticket
U00562,2024-01-25,support_ticket
U00562,2023-11-25,support_ticket
U00562,2024-01-06,login
U00562,2023-04-28,feature_use
U00562,2023-09-12,feature_use
U00562,2024-05-13,login
U00562,2022-10-18,feature_use
U00562,2022-04-02,login
U00562,2024-04-14,login
U00562,2022-03-20,login
U00562,2024-09-08,feature_use
U00562,2022-04-13,support_ticket
U00562,2022-04-30,login
U00562,2024-07-25,support_ticket
U00562,2022-04-22,feature_use
U00562,2024-09-08,support_ticket
U00562,2023-08-15,support_ticket
U00562,2022-04-18,feature_use
U00563,2024-04-13,support_ticket
U00563,2022-11-09,support_ticket
U00563,2023-08-12,feature_use
U00563,2022-05-29,feature_use
U00563,2022-09-25,login
U00563,2023-11-27,support_ticket
U00563,2023-03-09,support_ticket
U00563,2024-12-09,support_ticket
U00563,2024-03-27,feature_use
U00563,2024-02-10,support_ticket
U00563,2023-04-05,feature_use
U00563,2022-12-20,feature_use
U00563,2024-08-02,login
U00563,2023-12-03,support_ticket
U00563,2023-11-09,support_ticket
U00563,2024-10-24,support_ticket
U00563,2024-02-22,login
U00563,2024-08-07,login
U00563,2024-05-28,login
U00563,2022-08-09,support_ticket
U00563,2024-11-16,login
U00563,2023-05-17,login
U00563,2023-01-21,login
U00563,2023-10-18,login
U00563,2022-12-12,support_ticket
U00563,2021-11-24,login
U00563,2023-05-21,login
U00563,2022-02-14,support_ticket
U00563,2024-06-25,feature_use
U00563,2022-10-13,feature_use
U00563,2023-08-06,support_ticket
U00563,2023-02-17,feature_use
U00563,2024-02-17,support_ticket
U00563,2023-02-13,feature_use
U00563,2024-07-19,support_ticket
U00563,2024-03-06,feature_use
U00563,2022-03-18,support_ticket
U00563,2023-05-12,support_ticket
U00563,2021-12-25,login
U00564,2024-12-27,login
U00564,2024-12-27,login
U00564,2024-11-03,support_ticket
U00564,2024-09-06,feature_use
U00564,2024-12-17,feature_use
U00564,2024-10-11,support_ticket
U00564,2024-08-18,feature_use
U00564,2024-07-16,support_ticket
U00564,2024-08-23,feature_use
U00564,2024-08-25,support_ticket
U00564,2024-10-24,login
U00564,2024-11-07,support_ticket
U00564,2024-09-15,support_ticket
U00564,2024-07-27,login
U00564,2024-11-16,support_ticket
U00564,2024-10-17,feature_use
U00564,2024-12-06,login
U00564,2024-08-01,login
U00564,2024-12-29,login
U00564,2024-08-29,login
U00564,2024-07-29,feature_use
U00564,2024-12-17,support_ticket
U00564,2024-08-21,feature_use
U00564,2024-08-19,feature_use
U00564,2024-07-31,login
U00564,2024-12-06,feature_use
U00564,2024-12-21,support_ticket
U00564,2024-12-02,login
U00564,2024-10-03,support_ticket
U00564,2024-09-26,feature_use
U00564,2024-09-29,feature_use
U00564,2024-09-15,support_ticket
U00564,2024-12-18,feature_use
U00564,2024-10-14,feature_use
U00564,2024-09-02,login
U00564,2024-10-13,support_ticket
U00564,2024-09-29,feature_use
U00564,2024-09-21,login
U00564,2024-08-07,support_ticket
U00564,2024-08-03,support_ticket
U00564,2024-11-23,support_ticket
U00564,2024-10-05,login
U00564,2024-09-02,feature_use
U00564,2024-11-02,login
U00564,2024-11-17,login
U00564,2024-10-04,login
U00564,2024-07-24,login
U00564,2024-11-28,support_ticket
U00564,2024-12-21,support_ticket
U00564,2024-08-04,support_ticket
U00565,2024-06-18,feature_use
U00565,2024-10-05,support_ticket
U00565,2024-08-01,login
U00565,2024-11-29,feature_use
U00565,2024-11-09,login
U00565,2024-07-11,feature_use
U00565,2024-05-07,login
U00565,2024-03-14,login
U00565,2024-07-11,support_ticket
U00565,2024-11-22,login
U00565,2024-06-09,login
U00565,2024-08-12,feature_use
U00565,2024-03-30,login
U00565,2024-04-25,login
U00565,2024-10-12,login
U00565,2024-12-02,login
U00565,2024-09-15,login
U00565,2024-06-08,login
U00565,2024-11-15,feature_use
U00565,2024-09-18,feature_use
U00565,2024-10-25,feature_use
U00565,2024-03-23,support_ticket
U00565,2024-12-18,login
U00565,2024-10-01,support_ticket
U00565,2024-11-02,feature_use
U00565,2024-04-24,support_ticket
U00565,2024-06-29,feature_use
U00565,2024-09-09,login
U00565,2024-09-07,login
U00565,2024-11-02,feature_use
U00565,2024-11-02,support_ticket
U00565,2024-04-02,support_ticket
U00565,2024-09-29,login
U00565,2024-04-17,feature_use
U00565,2024-05-14,login
U00565,2024-07-22,support_ticket
U00565,2024-11-23,support_ticket
U00565,2024-09-18,support_ticket
U00565,2024-03-25,support_ticket
U00565,2024-07-31,login
U00565,2024-11-11,feature_use
U00565,2024-12-19,login
U00566,2024-11-23,support_ticket
U00566,2024-11-15,feature_use
U00566,2024-12-03,support_ticket
U00566,2024-12-07,feature_use
U00566,2024-11-27,support_ticket
U00566,2024-12-19,feature_use
U00566,2024-12-03,login
U00567,2024-12-28,login
U00567,2024-11-04,login
U00567,2024-10-15,support_ticket
U00567,2024-09-22,support_ticket
U00567,2024-07-30,feature_use
U00567,2024-09-27,support_ticket
U00567,2024-08-02,support_ticket
U00567,2024-11-26,support_ticket
U00567,2024-07-28,login
U00567,2024-10-09,login
U00567,2024-10-19,support_ticket
U00567,2024-08-23,support_ticket
U00567,2024-12-24,feature_use
U00567,2024-08-07,login
U00567,2024-12-13,login
U00567,2024-10-28,support_ticket
U00567,2024-12-18,login
U00567,2024-09-11,feature_use
U00567,2024-12-11,login
U00567,2024-12-20,feature_use
U00567,2024-11-20,login
U00567,2024-11-20,feature_use
U00567,2024-09-07,login
U00567,2024-10-18,login
U00567,2024-08-11,support_ticket
U00567,2024-09-26,support_ticket
U00567,2024-11-03,support_ticket
U00567,2024-08-29,feature_use
U00567,2024-09-06,feature_use
U00567,2024-07-25,login
U00567,2024-09-07,login
U00567,2024-11-10,support_ticket
U00567,2024-07-31,support_ticket
U00567,2024-12-02,feature_use
U00567,2024-10-26,feature_use
U00567,2024-12-03,login
U00567,2024-08-30,support_ticket
U00567,2024-09-22,login
U00567,2024-10-27,support_ticket
U00567,2024-09-22,support_ticket
U00567,2024-10-09,login
U00567,2024-12-31,support_ticket
U00568,2024-07-09,feature_use
U00568,2024-10-08,feature_use
U00568,2024-09-07,feature_use
U00568,2024-07-29,feature_use
U00568,2024-09-25,feature_use
U00568,2024-09-10,feature_use
U00568,2024-12-01,login
U00568,2024-12-31,support_ticket
U00568,2024-10-04,login
U00568,2024-07-14,login
U00569,2024-04-26,login
U00569,2023-09-18,login
U00569,2024-12-27,login
U00569,2023-12-30,login
U00569,2024-05-23,feature_use
U00569,2024-11-26,support_ticket
U00569,2024-10-25,support_ticket
U00569,2023-07-02,login
U00569,2024-06-01,support_ticket
U00569,2024-09-26,login
U00570,2024-11-10,login
U00570,2024-11-03,support_ticket
U00570,2023-07-22,login
U00570,2023-07-28,feature_use
U00570,2024-08-18,support_ticket
U00570,2024-09-29,login
U00570,2024-04-30,login
U00570,2023-11-04,feature_use
U00570,2024-07-20,login
U00570,2024-05-27,login
U00570,2024-07-30,feature_use
U00570,2024-12-29,login
U00570,2024-05-18,login
U00570,2024-02-24,feature_use
U00570,2024-07-23,support_ticket
U00570,2024-03-16,login
U00570,2024-10-01,feature_use
U00570,2024-10-05,feature_use
U00570,2024-09-13,login
U00570,2023-07-04,feature_use
U00570,2024-04-06,login
U00570,2024-05-07,feature_use
U00570,2024-10-02,support_ticket
U00570,2024-02-18,login
U00570,2024-10-20,login
U00570,2023-08-09,login
U00570,2024-02-11,login
U00570,2024-03-21,support_ticket
U00570,2024-08-28,support_ticket
U00570,2024-09-29,feature_use
U00570,2024-11-17,feature_use
U00570,2024-06-07,login
U00570,2023-06-25,feature_use
U00570,2024-12-31,feature_use
U00570,2024-12-22,login
U00570,2024-04-30,support_ticket
U00571,2024-10-28,login
U00571,2024-11-27,login
U00571,2024-09-11,login
U00571,2024-07-23,feature_use
U00571,2024-05-01,feature_use
U00571,2024-11-28,feature_use
U00571,2024-06-06,feature_use
U00571,2024-05-09,feature_use
U00571,2024-09-25,support_ticket
U00571,2024-12-10,feature_use
U00571,2024-11-21,support_ticket
U00571,2024-10-26,feature_use
U00571,2024-11-17,feature_use
U00571,2024-08-09,login
U00571,2024-05-22,login
U00571,2024-05-09,feature_use
U00571,2024-12-26,support_ticket
U00571,2024-08-25,feature_use
U00571,2024-07-13,feature_use
U00571,2024-07-27,feature_use
U00571,2024-10-15,support_ticket
U00571,2024-07-24,feature_use
U00571,2024-07-22,feature_use
U00571,2024-06-03,support_ticket
U00571,2024-09-17,feature_use
U00571,2024-06-03,login
U00571,2024-08-03,support_ticket
U00571,2024-09-20,login
U00571,2024-07-10,support_ticket
U00571,2024-07-21,feature_use
U00571,2024-12-23,support_ticket
U00571,2024-05-02,login
U00571,2024-09-21,login
U00572,2024-07-22,feature_use
U00572,2024-10-21,feature_use
U00572,2024-08-02,feature_use
U00572,2024-11-19,feature_use
U00572,2023-11-11,feature_use
U00572,2024-05-18,support_ticket
U00572,2024-09-03,support_ticket
U00572,2024-09-06,login
U00572,2024-10-03,support_ticket
U00572,2024-06-01,login
U00572,2024-02-25,support_ticket
U00572,2024-01-12,feature_use
U00572,2024-12-10,support_ticket
U00572,2024-07-06,login
U00572,2024-09-20,feature_use
U00572,2024-06-18,feature_use
U00572,2024-06-17,support_ticket
U00572,2024-05-15,feature_use
U00572,2023-11-26,support_ticket
U00572,2024-02-19,support_ticket
U00572,2024-08-21,feature_use
U00572,2024-01-18,feature_use
U00572,2024-02-28,feature_use
U00572,2024-07-02,support_ticket
U00572,2024-02-08,support_ticket
U00572,2024-12-23,feature_use
U00572,2023-12-11,support_ticket
U00572,2024-12-12,login
U00572,2023-12-04,feature_use
U00572,2024-11-28,login
U00572,2024-05-07,login
U00572,2024-01-11,support_ticket
U00572,2024-09-06,feature_use
U00572,2024-02-02,login
U00572,2024-10-09,login
U00572,2024-06-01,support_ticket
U00572,2024-10-05,login
U00572,2024-04-01,login
U00572,2024-01-28,login
U00572,2024-02-12,support_ticket
U00572,2024-12-07,login
U00572,2023-12-02,login
U00572,2024-02-24,support_ticket
U00573,2024-03-26,feature_use
U00573,2024-05-16,feature_use
U00573,2023-08-27,feature_use
U00573,2023-09-01,feature_use
U00573,2024-04-24,support_ticket
U00573,2024-03-23,support_ticket
U00573,2023-08-06,feature_use
U00573,2024-07-21,support_ticket
U00573,2023-12-15,login
U00573,2024-07-18,feature_use
U00573,2024-09-08,feature_use
U00573,2023-12-25,support_ticket
U00573,2024-06-11,login
U00573,2023-12-21,support_ticket
U00573,2024-07-20,login
U00573,2024-12-09,support_ticket
U00573,2023-09-22,login
U00573,2024-08-29,feature_use
U00573,2024-04-19,support_ticket
U00573,2024-07-13,feature_use
U00573,2024-12-06,feature_use
U00573,2024-04-11,login
U00573,2023-12-01,support_ticket
U00573,2023-08-14,feature_use
U00573,2024-01-21,feature_use
U00573,2024-07-27,feature_use
U00573,2023-12-28,support_ticket
U00573,2023-08-10,feature_use
U00573,2024-04-13,feature_use
U00573,2024-09-27,feature_use
U00573,2023-12-17,feature_use
U00573,2024-07-10,login
U00573,2024-12-07,support_ticket
U00573,2024-10-11,support_ticket
U00573,2024-11-03,support_ticket
U00573,2024-09-13,login
U00573,2024-02-04,login
U00573,2024-03-25,support_ticket
U00573,2023-12-15,login
U00573,2023-12-07,login
U00573,2023-10-19,feature_use
U00573,2023-09-08,login
U00574,2023-02-23,support_ticket
U00574,2023-07-27,feature_use
U00574,2022-06-28,support_ticket
U00574,2024-07-21,support_ticket
U00574,2022-01-21,support_ticket
U00574,2023-12-19,support_ticket
U00574,2024-04-05,feature_use
U00574,2022-03-19,support_ticket
U00574,2024-02-08,login
U00574,2021-09-30,feature_use
U00574,2022-03-15,feature_use
U00574,2024-07-02,feature_use
U00574,2023-08-12,login
U00574,2024-07-20,login
U00574,2023-12-23,support_ticket
U00574,2024-07-22,feature_use
U00574,2023-01-21,feature_use
U00574,2021-12-18,feature_use
U00574,2021-05-14,login
U00574,2022-05-30,login
U00574,2024-05-10,support_ticket
U00574,2024-02-28,login
U00574,2023-12-17,login
U00574,2021-06-05,feature_use
U00574,2021-10-04,support_ticket
U00574,2021-07-20,login
U00574,2024-04-10,feature_use
U00574,2023-01-26,feature_use
U00574,2021-10-06,login
U00574,2021-06-09,login
U00574,2022-03-19,support_ticket
U00574,2024-12-30,login
U00574,2021-10-12,support_ticket
U00574,2024-01-23,feature_use
U00574,2022-12-27,feature_use
U00574,2022-11-04,login
U00574,2023-07-21,feature_use
U00574,2024-04-16,feature_use
U00574,2024-10-16,login
U00574,2021-09-13,login
U00574,2022-10-30,feature_use
U00574,2023-08-25,login
U00574,2023-12-08,feature_use
U00574,2024-12-18,support_ticket
U00575,2021-12-24,feature_use
U00575,2022-05-23,feature_use
U00575,2024-08-19,feature_use
U00575,2022-11-06,feature_use
U00575,2022-05-22,login
U00575,2022-09-20,support_ticket
U00576,2024-05-15,feature_use
U00576,2024-09-14,feature_use
U00576,2024-07-14,support_ticket
U00576,2024-09-16,login
U00576,2024-06-21,login
U00576,2024-09-24,feature_use
U00576,2024-09-07,feature_use
U00576,2024-06-06,login
U00576,2024-10-24,support_ticket
U00576,2024-06-25,feature_use
U00576,2024-09-14,support_ticket
U00576,2024-10-12,login
U00576,2024-08-18,login
U00576,2024-11-20,login
U00576,2024-12-08,feature_use
U00576,2024-07-25,feature_use
U00576,2024-09-30,login
U00576,2024-06-28,login
U00576,2024-08-11,feature_use
U00576,2024-05-20,feature_use
U00576,2024-11-06,support_ticket
U00576,2024-09-14,feature_use
U00576,2024-09-06,support_ticket
U00576,2024-05-26,support_ticket
U00576,2024-10-10,feature_use
U00576,2024-05-02,login
U00576,2024-08-02,login
U00576,2024-11-01,login
U00576,2024-09-22,feature_use
U00576,2024-09-05,support_ticket
U00577,2023-12-19,login
U00577,2023-12-16,feature_use
U00577,2023-10-20,support_ticket
U00577,2023-12-17,login
U00577,2023-12-06,support_ticket
U00577,2024-01-11,support_ticket
U00577,2024-08-01,login
U00577,2024-04-05,login
U00577,2024-01-05,support_ticket
U00577,2024-11-08,login
U00577,2024-05-07,support_ticket
U00577,2024-02-24,feature_use
U00577,2024-07-19,support_ticket
U00577,2024-01-18,support_ticket
U00577,2023-11-19,feature_use
U00577,2024-08-20,feature_use
U00577,2023-12-11,login
U00577,2024-10-18,login
U00577,2024-11-02,login
U00577,2024-05-21,support_ticket
U00577,2024-01-21,login
U00577,2024-11-25,feature_use
U00577,2024-11-18,feature_use
U00577,2023-11-27,feature_use
U00577,2024-02-09,feature_use
U00577,2024-11-26,login
U00577,2024-09-30,login
U00577,2024-09-03,login
U00577,2024-07-25,support_ticket
U00577,2023-10-26,support_ticket
U00577,2024-04-05,support_ticket
U00577,2023-10-16,login
U00577,2024-06-08,support_ticket
U00577,2024-11-29,support_ticket
U00577,2024-11-08,login
U00578,2023-09-01,support_ticket
U00578,2023-10-26,feature_use
U00578,2022-03-12,feature_use
U00578,2022-11-24,login
U00578,2024-10-17,feature_use
U00578,2022-05-04,support_ticket
U00578,2023-02-25,feature_use
U00578,2024-09-21,feature_use
U00578,2024-02-21,feature_use
U00578,2022-02-26,support_ticket
U00578,2023-05-05,feature_use
U00578,2023-11-26,login
U00578,2023-02-15,feature_use
U00578,2022-12-15,login
U00578,2024-02-20,support_ticket
U00578,2024-11-11,login
U00578,2022-02-09,support_ticket
U00578,2024-06-08,login
U00578,2022-07-02,feature_use
U00578,2024-03-23,support_ticket
U00578,2021-05-03,support_ticket
U00578,2022-11-23,login
U00578,2022-11-16,feature_use
U00578,2024-06-28,feature_use
U00578,2021-07-07,support_ticket
U00578,2021-05-27,support_ticket
U00578,2021-07-06,support_ticket
U00578,2022-11-03,login
U00578,2024-08-08,login
U00578,2023-08-01,support_ticket
U00578,2023-03-21,feature_use
U00578,2022-07-06,feature_use
U00578,2023-07-24,login
U00578,2022-11-05,login
U00578,2023-07-04,feature_use
U00578,2022-01-03,login
U00578,2023-04-14,feature_use
U00578,2024-07-24,login
U00578,2021-06-01,login
U00578,2023-07-18,support_ticket
U00578,2022-07-11,login
U00578,2024-07-27,login
U00578,2022-09-26,support_ticket
U00578,2021-07-24,login
U00578,2023-02-04,login
U00578,2023-11-06,login
U00579,2024-12-25,support_ticket
U00579,2024-09-10,feature_use
U00579,2024-09-19,login
U00579,2024-10-16,feature_use
U00579,2024-12-21,login
U00579,2024-09-29,feature_use
U00579,2024-12-27,feature_use
U00579,2024-10-19,support_ticket
U00579,2024-12-29,login
U00579,2024-12-17,login
U00579,2024-11-16,login
U00580,2024-07-31,login
U00580,2024-10-27,login
U00580,2024-07-18,feature_use
U00580,2024-10-27,support_ticket
U00580,2024-11-28,feature_use
U00580,2024-09-15,feature_use
U00580,2024-07-04,login
U00580,2024-10-18,support_ticket
U00580,2024-11-03,login
U00580,2024-12-23,support_ticket
U00580,2024-12-05,feature_use
U00580,2024-10-28,feature_use
U00580,2024-11-15,feature_use
U00580,2024-11-17,feature_use
U00580,2024-12-11,feature_use
U00580,2024-12-14,login
U00580,2024-08-22,login
U00580,2024-12-30,support_ticket
U00580,2024-05-29,login
U00580,2024-07-05,feature_use
U00580,2024-12-06,login
U00580,2024-11-29,feature_use
U00580,2024-09-20,support_ticket
U00580,2024-12-09,login
U00580,2024-09-04,feature_use
U00580,2024-05-26,login
U00580,2024-11-24,login
U00580,2024-06-29,support_ticket
U00580,2024-10-15,login
U00580,2024-10-18,login
U00580,2024-11-20,support_ticket
U00580,2024-06-07,feature_use
U00580,2024-08-08,feature_use
U00580,2024-09-05,login
U00580,2024-12-31,support_ticket
U00580,2024-08-11,feature_use
U00580,2024-06-30,feature_use
U00580,2024-09-29,feature_use
U00581,2023-09-01,feature_use
U00581,2023-04-21,support_ticket
U00581,2022-02-20,support_ticket
U00581,2023-06-09,login
U00581,2023-03-29,login
U00581,2024-02-03,support_ticket
U00581,2024-08-10,support_ticket
U00581,2022-08-26,support_ticket
U00581,2022-03-10,support_ticket
U00581,2024-04-09,feature_use
U00581,2023-11-19,feature_use
U00581,2023-02-08,support_ticket
U00581,2022-12-12,feature_use
U00581,2023-02-21,support_ticket
U00581,2024-02-02,support_ticket
U00581,2021-12-14,feature_use
U00581,2023-08-21,login
U00581,2022-11-15,support_ticket
U00581,2023-10-16,login
U00581,2024-09-21,feature_use
U00582,2022-10-29,feature_use
U00582,2024-02-21,login
U00582,2022-12-21,support_ticket
U00582,2022-02-17,login
U00582,2022-12-17,login
U00582,2024-04-11,login
U00582,2023-02-18,feature_use
U00582,2022-12-22,support_ticket
U00582,2022-09-30,login
U00582,2022-08-05,login
U00582,2023-12-14,feature_use
U00582,2022-02-23,login
U00582,2022-06-08,feature_use
U00582,2024-03-31,feature_use
U00582,2021-09-13,support_ticket
U00582,2024-10-10,support_ticket
U00582,2023-09-05,login
U00582,2024-02-25,login
U00582,2021-11-20,login
U00582,2022-11-14,feature_use
U00582,2021-10-30,feature_use
U00582,2021-12-26,feature_use
U00582,2021-11-06,login
U00582,2022-12-22,login
U00582,2023-05-30,login
U00582,2021-09-27,feature_use
U00582,2022-01-30,feature_use
U00582,2023-07-31,feature_use
U00582,2024-07-29,feature_use
U00582,2021-11-18,support_ticket
U00582,2023-01-28,support_ticket
U00582,2021-11-15,feature_use
U00582,2022-06-07,login
U00582,2023-04-04,feature_use
U00582,2023-10-14,feature_use
U00582,2021-12-23,login
U00582,2024-11-27,support_ticket
U00582,2022-06-16,feature_use
U00582,2023-09-01,login
U00582,2022-04-26,feature_use
U00583,2024-05-02,login
U00583,2024-03-13,support_ticket
U00583,2021-11-23,support_ticket
U00583,2021-12-25,login
U00583,2023-05-30,login
U00583,2023-06-07,support_ticket
U00583,2022-09-22,support_ticket
U00583,2023-03-19,support_ticket
U00583,2022-11-24,login
U00583,2024-12-05,support_ticket
U00583,2024-02-10,login
U00583,2023-05-05,support_ticket
U00583,2024-04-05,feature_use
U00583,2023-06-25,feature_use
U00583,2022-02-25,feature_use
U00583,2023-11-24,login
U00583,2022-06-12,support_ticket
U00583,2022-03-18,feature_use
U00583,2023-10-08,login
U00584,2024-05-19,login
U00584,2024-04-08,login
U00584,2022-05-21,support_ticket
U00584,2024-12-22,support_ticket
U00584,2024-01-05,support_ticket
U00584,2024-05-23,login
U00585,2024-12-22,login
U00585,2024-12-20,feature_use
U00585,2024-12-26,login
U00585,2024-12-25,login
U00585,2024-12-24,login
U00585,2024-12-20,feature_use
U00585,2024-12-29,support_ticket
U00585,2024-12-30,feature_use
U00585,2024-12-28,feature_use
U00585,2024-12-30,support_ticket
U00585,2024-12-26,support_ticket
U00585,2024-12-27,feature_use
U00585,2024-12-21,feature_use
U00585,2024-12-23,support_ticket
U00585,2024-12-23,support_ticket
U00585,2024-12-26,login
U00585,2024-12-28,login
U00585,2024-12-31,support_ticket
U00585,2024-12-20,login
U00585,2024-12-20,login
U00585,2024-12-24,feature_use
U00585,2024-12-31,login
U00585,2024-12-20,support_ticket
U00585,2024-12-23,support_ticket
U00585,2024-12-22,feature_use
U00586,2024-09-03,support_ticket
U00586,2024-09-20,login
U00586,2024-09-10,support_ticket
U00586,2024-03-25,login
U00586,2024-05-01,feature_use
U00586,2024-11-10,login
U00586,2024-06-24,login
U00586,2024-09-19,support_ticket
U00586,2024-02-06,feature_use
U00586,2024-08-26,feature_use
U00586,2024-12-06,support_ticket
U00586,2024-12-19,feature_use
U00586,2024-01-24,support_ticket
U00586,2024-11-24,feature_use
U00586,2024-07-12,support_ticket
U00586,2024-01-02,feature_use
U00586,2024-10-26,login
U00586,2024-11-12,support_ticket
U00586,2024-06-22,feature_use
U00586,2024-07-01,support_ticket
U00586,2024-09-09,login
U00586,2024-06-21,feature_use
U00586,2024-03-09,support_ticket
U00586,2023-12-27,login
U00586,2024-08-11,login
U00586,2024-12-09,feature_use
U00586,2024-02-28,login
U00586,2024-12-14,support_ticket
U00586,2024-09-18,login
U00586,2024-11-18,support_ticket
U00586,2024-05-06,feature_use
U00586,2024-02-27,support_ticket
U00586,2024-03-17,feature_use
U00586,2024-03-26,feature_use
U00586,2024-07-12,feature_use
U00586,2023-12-19,feature_use
U00586,2024-08-30,login
U00587,2022-01-19,support_ticket
U00587,2023-02-19,login
U00587,2024-02-19,support_ticket
U00587,2024-05-18,support_ticket
U00587,2023-12-22,login
U00587,2023-04-28,feature_use
U00587,2023-06-26,support_ticket
U00587,2024-12-19,login
U00587,2024-03-14,feature_use
U00587,2022-05-03,feature_use
U00587,2024-01-24,feature_use
U00587,2023-05-15,support_ticket
U00587,2022-02-02,feature_use
U00587,2024-01-07,support_ticket
U00587,2024-10-11,support_ticket
U00587,2024-03-26,feature_use
U00587,2023-12-25,login
U00587,2023-10-14,feature_use
U00587,2022-06-16,login
U00587,2024-04-10,feature_use
U00587,2023-11-17,feature_use
U00587,2022-02-23,feature_use
U00587,2023-12-10,feature_use
U00587,2023-01-20,feature_use
U00587,2023-04-15,login
U00587,2024-09-18,login
U00587,2024-05-08,login
U00587,2022-09-18,login
U00587,2022-01-27,login
U00587,2023-11-07,support_ticket
U00587,2023-10-31,feature_use
U00587,2023-10-01,login
U00587,2023-03-28,feature_use
U00587,2024-07-25,feature_use
U00587,2023-04-01,login
U00587,2023-01-05,login
U00587,2024-01-06,feature_use
U00587,2024-08-03,login
U00587,2022-10-17,feature_use
U00587,2022-06-30,feature_use
U00587,2023-06-24,support_ticket
U00587,2024-08-02,support_ticket
U00587,2022-10-02,login
U00587,2022-06-21,login
U00587,2023-05-13,support_ticket
U00587,2022-03-19,login
U00587,2023-12-29,feature_use
U00587,2023-10-13,feature_use
U00587,2022-01-09,support_ticket
U00587,2022-03-20,feature_use
U00588,2024-03-29,login
U00588,2024-01-04,support_ticket
U00588,2024-08-09,login
U00588,2024-06-14,support_ticket
U00588,2024-03-25,support_ticket
U00588,2024-12-13,login
U00588,2024-03-06,feature_use
U00588,2023-09-18,support_ticket
U00588,2023-11-15,login
U00588,2024-01-17,support_ticket
U00588,2023-12-05,login
U00588,2023-06-16,feature_use
U00588,2022-11-10,feature_use
U00588,2023-03-10,login
U00588,2023-02-26,feature_use
U00588,2023-04-14,support_ticket
U00588,2023-03-16,support_ticket
U00588,2022-10-02,login
U00588,2022-09-02,support_ticket
U00588,2022-10-23,feature_use
U00588,2023-03-19,feature_use
U00588,2023-01-11,support_ticket
U00588,2023-06-13,support_ticket
U00589,2022-12-12,feature_use
U00589,2024-11-01,support_ticket
U00589,2023-09-04,login
U00589,2024-02-15,support_ticket
U00589,2024-06-25,support_ticket
U00589,2024-01-20,feature_use
U00589,2023-08-28,feature_use
U00589,2023-12-25,login
U00589,2024-05-01,support_ticket
U00589,2024-04-15,support_ticket
U00589,2023-06-11,feature_use
U00589,2023-03-06,support_ticket
U00589,2024-08-05,feature_use
U00589,2023-05-03,login
U00589,2023-11-03,login
U00589,2024-03-01,feature_use
U00589,2024-09-01,feature_use
U00589,2023-01-20,login
U00589,2023-05-12,login
U00590,2024-07-25,login
U00590,2024-09-11,feature_use
U00590,2024-07-25,feature_use
U00590,2024-10-21,support_ticket
U00590,2024-11-12,feature_use
U00590,2024-08-11,login
U00590,2024-10-16,login
U00590,2024-12-31,feature_use
U00590,2024-11-25,support_ticket
U00590,2024-07-27,feature_use
U00590,2024-08-11,support_ticket
U00590,2024-12-24,login
U00590,2024-11-22,login
U00590,2024-10-10,login
U00590,2024-10-29,feature_use
U00590,2024-11-03,login
U00590,2024-12-01,login
U00590,2024-08-31,login
U00590,2024-12-11,login
U00590,2024-11-17,support_ticket
U00591,2023-09-03,feature_use
U00591,2024-03-18,support_ticket
U00591,2024-07-27,login
U00591,2024-06-26,support_ticket
U00591,2023-12-02,login
U00591,2024-01-07,login
U00591,2023-10-07,login
U00591,2024-03-06,feature_use
U00591,2024-07-25,feature_use
U00591,2024-05-24,feature_use
U00591,2023-09-13,feature_use
U00591,2023-04-15,login
U00591,2023-04-04,login
U00591,2023-07-30,support_ticket
U00591,2024-05-28,login
U00591,2023-07-22,support_ticket
U00591,2024-05-17,feature_use
U00591,2023-05-21,support_ticket
U00591,2023-01-18,login
U00591,2024-02-22,login
U00591,2024-02-23,login
U00591,2023-09-10,feature_use
U00591,2022-12-19,login
U00591,2023-01-21,login
U00591,2024-05-05,login
U00591,2024-10-19,login
U00591,2023-12-01,support_ticket
U00591,2023-12-01,support_ticket
U00591,2024-06-30,login
U00591,2023-08-03,login
U00591,2024-07-17,login
U00591,2024-09-22,support_ticket
U00591,2023-12-30,login
U00591,2023-12-04,login
U00591,2022-12-02,feature_use
U00591,2024-02-15,login
U00591,2024-04-03,support_ticket
U00591,2024-12-08,login
U00591,2023-02-19,support_ticket
U00591,2024-07-29,login
U00592,2024-12-08,support_ticket
U00592,2024-11-08,feature_use
U00592,2024-12-22,feature_use
U00592,2024-12-31,support_ticket
U00592,2024-11-17,feature_use
U00592,2024-10-29,login
U00592,2024-11-18,feature_use
U00592,2024-10-31,feature_use
U00592,2024-11-01,login
U00592,2024-10-29,support_ticket
U00592,2024-11-03,login
U00592,2024-12-31,support_ticket
U00592,2024-11-03,feature_use
U00592,2024-10-22,feature_use
U00592,2024-10-31,support_ticket
U00592,2024-11-19,login
U00592,2024-11-30,support_ticket
U00592,2024-11-04,feature_use
U00592,2024-10-21,feature_use
U00592,2024-11-29,feature_use
U00592,2024-10-25,support_ticket
U00592,2024-12-06,feature_use
U00592,2024-10-21,support_ticket
U00592,2024-11-25,login
U00592,2024-12-09,feature_use
U00593,2023-03-31,support_ticket
U00593,2024-09-15,support_ticket
U00593,2023-09-13,support_ticket
U00593,2023-01-04,login
U00593,2022-06-23,login
U00593,2022-09-16,feature_use
U00593,2024-09-06,feature_use
U00593,2024-07-21,feature_use
U00593,2023-03-06,feature_use
U00593,2023-09-29,login
U00593,2024-07-22,login
U00594,2023-10-15,support_ticket
U00594,2024-03-11,support_ticket
U00594,2023-08-16,login
U00594,2024-02-22,support_ticket
U00594,2023-08-15,login
U00594,2023-06-29,login
U00594,2024-02-17,feature_use
U00594,2023-08-05,support_ticket
U00594,2024-08-17,support_ticket
U00594,2024-08-03,support_ticket
U00594,2024-02-17,login
U00594,2024-07-24,login
U00594,2023-07-24,support_ticket
U00594,2023-03-03,support_ticket
U00594,2023-07-06,feature_use
U00594,2024-12-18,support_ticket
U00594,2023-09-05,login
U00594,2023-05-23,support_ticket
U00594,2024-01-02,feature_use
U00594,2023-01-25,login
U00594,2023-12-13,login
U00594,2023-07-01,login
U00594,2024-01-24,feature_use
U00594,2023-11-08,login
U00594,2023-01-19,support_ticket
U00594,2024-09-05,support_ticket
U00594,2022-12-30,feature_use
U00594,2024-03-28,feature_use
U00594,2023-07-19,login
U00594,2024-10-15,login
U00594,2023-02-05,login
U00594,2024-05-13,support_ticket
U00594,2024-01-03,support_ticket
U00594,2023-10-20,feature_use
U00595,2024-12-30,login
U00595,2024-10-12,feature_use
U00595,2024-10-19,feature_use
U00595,2024-09-25,feature_use
U00595,2024-10-27,login
U00595,2024-09-28,feature_use
U00595,2024-11-16,feature_use
U00595,2024-11-26,feature_use
U00595,2024-11-19,support_ticket
U00595,2024-10-29,support_ticket
U00595,2024-11-08,support_ticket
U00595,2024-12-11,support_ticket
U00595,2024-11-26,support_ticket
U00595,2024-10-25,support_ticket
U00595,2024-10-23,support_ticket
U00595,2024-09-29,feature_use
U00595,2024-09-22,support_ticket
U00595,2024-10-22,feature_use
U00595,2024-10-04,login
U00595,2024-09-27,feature_use
U00595,2024-11-19,login
U00595,2024-12-26,login
U00595,2024-11-16,feature_use
U00595,2024-12-27,login
U00595,2024-12-13,feature_use
U00595,2024-10-31,support_ticket
U00595,2024-10-30,support_ticket
U00595,2024-10-16,login
U00595,2024-09-25,feature_use
U00595,2024-11-27,login
U00595,2024-10-05,login
U00596,2023-01-15,support_ticket
U00596,2024-09-17,feature_use
U00596,2022-11-20,login
U00596,2023-07-09,support_ticket
U00596,2022-10-22,login
U00596,2023-01-01,feature_use
U00596,2023-07-18,feature_use
U00596,2022-12-25,feature_use
U00596,2023-09-05,support_ticket
U00596,2023-12-05,feature_use
U00596,2023-07-11,login
U00596,2023-05-23,login
U00596,2024-08-09,support_ticket
U00596,2024-03-12,feature_use
U00596,2024-08-07,support_ticket
U00596,2024-10-14,feature_use
U00596,2024-09-15,feature_use
U00596,2023-10-16,login
U00596,2023-05-20,support_ticket
U00596,2023-01-17,feature_use
U00596,2024-11-30,support_ticket
U00596,2022-10-25,login
U00596,2024-10-11,login
U00596,2023-10-01,login
U00596,2022-09-29,login
U00596,2023-08-12,support_ticket
U00596,2024-09-08,support_ticket
U00596,2024-05-17,login
U00596,2023-10-26,support_ticket
U00596,2023-11-15,feature_use
U00596,2023-05-05,support_ticket
U00596,2023-10-28,support_ticket
U00596,2023-01-20,support_ticket
U00597,2024-09-02,support_ticket
U00597,2024-12-01,feature_use
U00597,2024-07-02,login
U00597,2024-08-27,login
U00597,2024-09-25,feature_use
U00597,2024-11-14,feature_use
U00597,2024-10-27,login
U00597,2024-07-11,support_ticket
U00597,2024-09-06,support_ticket
U00597,2024-11-04,login
U00597,2024-12-26,login
U00597,2024-11-21,support_ticket
U00597,2024-11-26,support_ticket
U00597,2024-11-29,feature_use
U00597,2024-12-05,support_ticket
U00597,2024-08-07,feature_use
U00597,2024-10-19,login
U00597,2024-12-02,support_ticket
U00597,2024-06-11,feature_use
U00597,2024-10-18,feature_use
U00597,2024-09-21,feature_use
U00597,2024-10-19,login
U00597,2024-07-08,support_ticket
U00597,2024-05-23,login
U00597,2024-07-12,support_ticket
U00597,2024-06-23,login
U00597,2024-12-18,feature_use
U00597,2024-12-23,support_ticket
U00597,2024-08-10,feature_use
U00597,2024-12-28,login
U00597,2024-08-21,login
U00597,2024-08-04,feature_use
U00597,2024-09-23,support_ticket
U00597,2024-05-28,feature_use
U00597,2024-12-12,login
U00597,2024-11-30,feature_use
U00597,2024-08-29,support_ticket
U00597,2024-06-04,login
U00597,2024-12-14,support_ticket
U00597,2024-06-03,feature_use
U00597,2024-06-06,feature_use
U00597,2024-05-09,feature_use
U00597,2024-10-28,support_ticket
U00597,2024-09-22,support_ticket
U00598,2024-08-26,feature_use
U00598,2024-09-07,feature_use
U00598,2024-09-11,login
U00598,2024-12-18,support_ticket
U00598,2024-12-20,feature_use
U00598,2024-02-26,login
U00598,2024-07-19,support_ticket
U00598,2024-08-04,feature_use
U00598,2024-10-24,login
U00598,2024-06-16,support_ticket
U00598,2024-06-19,feature_use
U00598,2024-04-26,feature_use
U00598,2024-04-09,support_ticket
U00598,2024-11-21,feature_use
U00598,2024-09-09,support_ticket
U00598,2024-12-13,login
U00598,2024-08-22,feature_use
U00599,2024-07-14,support_ticket
U00599,2022-12-30,feature_use
U00599,2022-11-28,support_ticket
U00599,2023-04-30,feature_use
U00599,2022-12-28,login
U00599,2022-12-23,support_ticket
U00599,2023-01-25,login
U00599,2024-09-17,support_ticket
U00599,2022-12-30,login
U00599,2023-10-04,feature_use
U00599,2023-01-18,feature_use
U00599,2023-01-15,support_ticket
U00599,2024-02-17,login
U00600,2024-12-18,feature_use
U00600,2024-12-29,support_ticket
U00600,2024-12-26,login
U00600,2024-12-14,login
U00600,2024-12-17,login
U00600,2024-12-11,support_ticket
U00600,2024-12-27,support_ticket
U00600,2024-12-14,support_ticket
U00600,2024-12-16,support_ticket
U00600,2024-12-19,support_ticket
U00600,2024-12-22,support_ticket
U00600,2024-12-29,login
U00600,2024-12-31,support_ticket
U00600,2024-12-27,feature_use
U00600,2024-12-25,login
U00600,2024-12-16,support_ticket
U00600,2024-12-16,login
U00600,2024-12-11,feature_use
U00600,2024-12-31,feature_use
U00600,2024-12-26,login
U00600,2024-12-25,support_ticket
U00600,2024-12-24,support_ticket
U00600,2024-12-17,support_ticket
U00600,2024-12-23,feature_use
U00600,2024-12-20,support_ticket
U00600,2024-12-23,login
U00600,2024-12-29,login
U00600,2024-12-14,login
U00600,2024-12-26,support_ticket
U00600,2024-12-14,login
U00600,2024-12-10,feature_use
U00600,2024-12-16,login
U00600,2024-12-26,support_ticket
U00600,2024-12-22,feature_use
U00600,2024-12-13,feature_use
U00600,2024-12-22,login
U00600,2024-12-30,support_ticket
U00600,2024-12-30,support_ticket
U00600,2024-12-17,login
U00600,2024-12-14,login
U00601,2024-10-22,login
U00601,2024-12-05,support_ticket
U00601,2024-10-16,feature_use
U00601,2024-12-23,login
U00601,2024-11-05,support_ticket
U00601,2024-09-01,feature_use
U00601,2024-12-12,feature_use
U00601,2024-10-25,login
U00601,2024-10-17,login
U00601,2024-10-12,support_ticket
U00601,2024-09-02,support_ticket
U00601,2024-10-13,support_ticket
U00601,2024-09-30,feature_use
U00601,2024-09-20,support_ticket
U00601,2024-09-23,support_ticket
U00601,2024-11-26,feature_use
U00601,2024-09-11,login
U00601,2024-11-21,support_ticket
U00601,2024-10-16,feature_use
U00601,2024-10-21,support_ticket
U00601,2024-11-06,login
U00601,2024-10-02,feature_use
U00601,2024-10-02,support_ticket
U00601,2024-11-30,feature_use
U00601,2024-10-21,feature_use
U00601,2024-12-27,feature_use
U00601,2024-10-18,support_ticket
U00601,2024-12-03,support_ticket
U00601,2024-12-05,support_ticket
U00601,2024-09-13,login
U00601,2024-09-04,feature_use
U00602,2023-08-26,login
U00602,2024-03-23,feature_use
U00602,2023-02-05,support_ticket
U00602,2024-06-27,login
U00602,2023-12-06,support_ticket
U00602,2024-06-06,feature_use
U00602,2023-04-09,feature_use
U00602,2023-12-02,support_ticket
U00602,2024-01-03,support_ticket
U00602,2024-12-03,support_ticket
U00602,2024-12-22,login
U00602,2024-10-28,feature_use
U00602,2024-12-27,login
U00602,2024-05-19,support_ticket
U00602,2024-05-16,support_ticket
U00602,2023-03-06,login
U00602,2024-01-11,support_ticket
U00602,2023-04-22,support_ticket
U00602,2023-06-16,login
U00603,2024-10-11,feature_use
U00603,2023-10-29,login
U00603,2024-01-17,login
U00603,2023-01-22,feature_use
U00603,2023-03-26,support_ticket
U00603,2023-11-05,feature_use
U00603,2024-10-06,login
U00603,2023-05-04,login
U00603,2023-04-07,feature_use
U00603,2024-02-27,feature_use
U00603,2022-12-08,support_ticket
U00603,2024-12-18,login
U00603,2023-03-23,support_ticket
U00603,2023-08-18,feature_use
U00603,2024-07-29,support_ticket
U00603,2024-05-20,support_ticket
U00603,2024-02-08,feature_use
U00603,2024-11-21,login
U00603,2024-10-02,feature_use
U00603,2024-12-18,support_ticket
U00603,2023-04-13,support_ticket
U00603,2023-09-27,feature_use
U00603,2024-05-09,feature_use
U00603,2024-11-14,feature_use
U00603,2022-12-03,support_ticket
U00603,2024-07-14,login
U00603,2023-06-12,support_ticket
U00603,2023-12-31,feature_use
U00603,2024-08-23,login
U00603,2022-12-09,login
U00603,2024-01-28,support_ticket
U00603,2023-05-04,feature_use
U00603,2024-01-04,login
U00603,2023-05-06,support_ticket
U00603,2024-03-18,feature_use
U00603,2023-02-23,feature_use
U00603,2023-11-01,support_ticket
U00603,2024-01-12,feature_use
U00603,2023-01-09,login
U00603,2023-03-08,feature_use
U00603,2024-04-15,feature_use
U00603,2024-10-11,login
U00603,2023-04-23,login
U00603,2022-10-26,login
U00603,2024-04-03,login
U00603,2023-09-30,feature_use
U00603,2023-06-07,login
U00603,2024-10-24,support_ticket
U00603,2024-09-10,login
U00603,2024-05-08,login
U00604,2023-08-16,support_ticket
U00604,2024-06-25,login
U00604,2024-05-07,feature_use
U00604,2023-07-17,login
U00604,2023-03-24,login
U00604,2024-03-28,support_ticket
U00604,2024-12-03,support_ticket
U00604,2024-05-21,login
U00604,2023-02-24,login
U00604,2024-09-12,feature_use
U00604,2023-07-24,support_ticket
U00604,2024-02-11,feature_use
U00604,2023-09-24,support_ticket
U00604,2023-11-23,login
U00604,2023-06-07,login
U00604,2024-03-28,login
U00604,2022-12-07,login
U00604,2024-08-23,feature_use
U00604,2022-12-24,support_ticket
U00604,2023-09-29,login
U00604,2024-06-10,feature_use
U00604,2023-08-17,support_ticket
U00604,2023-02-10,feature_use
U00604,2024-10-29,support_ticket
U00604,2023-05-14,feature_use
U00604,2024-08-19,support_ticket
U00604,2024-02-14,login
U00604,2024-09-05,feature_use
U00604,2023-10-31,login
U00604,2023-05-10,support_ticket
U00604,2024-12-18,support_ticket
U00604,2023-11-01,feature_use
U00604,2023-11-05,login
U00604,2024-10-31,support_ticket
U00604,2022-12-20,login
U00604,2023-12-08,login
U00604,2023-01-03,support_ticket
U00604,2023-03-28,support_ticket
U00604,2023-10-07,support_ticket
U00604,2024-06-03,feature_use
U00604,2024-11-27,login
U00604,2023-04-11,feature_use
U00604,2023-05-27,login
U00604,2024-11-06,login
U00604,2022-12-14,login
U00605,2022-04-19,feature_use
U00605,2022-08-24,login
U00605,2022-12-11,feature_use
U00605,2022-05-18,login
U00605,2024-05-11,support_ticket
U00605,2023-10-02,login
U00605,2022-04-11,support_ticket
U00605,2024-10-21,login
U00605,2024-02-23,feature_use
U00605,2024-03-08,login
U00605,2024-09-23,support_ticket
U00605,2023-01-15,login
U00605,2023-07-20,feature_use
U00605,2024-07-13,login
U00605,2023-11-18,login
U00605,2023-06-28,support_ticket
U00605,2022-08-31,support_ticket
U00605,2022-05-09,support_ticket
U00605,2022-08-01,feature_use
U00605,2024-04-04,feature_use
U00605,2022-11-21,login
U00605,2023-06-15,feature_use
U00605,2023-12-26,feature_use
U00605,2024-08-12,support_ticket
U00605,2023-08-04,support_ticket
U00605,2024-03-01,feature_use
U00605,2022-04-18,login
U00605,2022-11-06,login
U00605,2022-12-25,feature_use
U00605,2023-01-19,feature_use
U00605,2022-06-13,login
U00606,2021-12-28,feature_use
U00606,2023-08-17,feature_use
U00606,2024-09-08,feature_use
U00606,2021-06-16,login
U00606,2024-07-01,feature_use
U00606,2023-01-23,support_ticket
U00606,2023-04-17,support_ticket
U00606,2021-08-03,login
U00606,2023-04-13,support_ticket
U00606,2021-12-19,feature_use
U00606,2023-09-19,feature_use
U00606,2022-03-27,support_ticket
U00606,2023-10-01,support_ticket
U00606,2022-05-22,support_ticket
U00606,2021-06-15,support_ticket
U00606,2022-02-28,feature_use
U00606,2021-12-21,login
U00606,2023-06-12,login
U00606,2023-03-20,login
U00606,2024-11-07,feature_use
U00606,2024-11-19,support_ticket
U00606,2023-10-07,login
U00606,2022-07-12,login
U00606,2023-04-14,login
U00606,2023-04-17,feature_use
U00606,2022-05-01,support_ticket
U00606,2022-10-21,support_ticket
U00606,2022-05-07,login
U00606,2024-07-13,login
U00607,2024-07-20,support_ticket
U00607,2024-02-12,feature_use
U00607,2024-10-02,feature_use
U00607,2024-09-26,feature_use
U00607,2024-03-05,feature_use
U00607,2024-03-23,support_ticket
U00607,2023-12-05,support_ticket
U00607,2024-11-05,feature_use
U00607,2024-07-17,feature_use
U00607,2024-02-03,feature_use
U00607,2024-11-22,support_ticket
U00607,2024-02-15,support_ticket
U00607,2024-05-10,login
U00607,2024-12-05,login
U00607,2023-12-20,login
U00607,2024-04-22,login
U00607,2024-12-28,feature_use
U00607,2024-04-17,support_ticket
U00607,2024-10-22,feature_use
U00607,2024-02-06,feature_use
U00607,2024-06-21,support_ticket
U00607,2024-08-10,support_ticket
U00607,2024-08-07,login
U00607,2024-05-29,login
U00607,2024-02-27,login
U00608,2024-05-04,support_ticket
U00608,2024-10-10,login
U00608,2024-04-14,login
U00608,2024-04-23,feature_use
U00608,2024-09-13,support_ticket
U00608,2023-12-18,support_ticket
U00608,2024-10-13,feature_use
U00608,2024-02-13,support_ticket
U00608,2024-07-23,login
U00608,2024-05-21,login
U00608,2024-03-15,support_ticket
U00608,2024-04-05,feature_use
U00608,2024-12-08,feature_use
U00608,2024-12-03,feature_use
U00608,2024-11-17,support_ticket
U00608,2024-06-18,support_ticket
U00608,2024-03-16,login
U00608,2024-05-29,support_ticket
U00608,2024-06-12,support_ticket
U00608,2024-07-10,feature_use
U00608,2024-05-27,feature_use
U00608,2024-08-24,support_ticket
U00608,2024-10-20,login
U00608,2024-02-07,support_ticket
U00608,2024-03-20,feature_use
U00608,2024-10-13,support_ticket
U00608,2024-04-07,login
U00608,2024-12-11,feature_use
U00608,2024-06-01,feature_use
U00608,2024-07-12,login
U00608,2024-07-28,feature_use
U00608,2024-05-29,support_ticket
U00608,2024-02-06,login
U00609,2022-11-21,support_ticket
U00609,2024-06-26,feature_use
U00609,2024-05-17,support_ticket
U00609,2024-03-10,login
U00609,2023-03-12,feature_use
U00609,2024-09-26,login
U00609,2023-05-25,login
U00609,2023-06-19,login
U00609,2023-12-14,support_ticket
U00609,2024-05-08,support_ticket
U00609,2023-12-10,login
U00609,2022-11-28,support_ticket
U00609,2023-06-09,feature_use
U00609,2024-03-04,feature_use
U00609,2024-10-18,support_ticket
U00609,2023-02-01,login
U00609,2024-10-08,support_ticket
U00609,2024-09-01,support_ticket
U00609,2024-05-02,support_ticket
U00609,2024-08-14,support_ticket
U00609,2023-07-11,login
U00609,2024-10-24,feature_use
U00609,2023-09-04,feature_use
U00609,2023-03-09,support_ticket
U00609,2023-03-20,support_ticket
U00609,2023-07-31,support_ticket
U00609,2024-06-28,support_ticket
U00609,2024-09-05,feature_use
U00609,2024-07-04,support_ticket
U00610,2024-09-04,login
U00610,2024-10-17,feature_use
U00610,2024-11-02,feature_use
U00610,2024-05-20,login
U00610,2024-07-01,support_ticket
U00610,2024-10-28,feature_use
U00610,2024-11-15,support_ticket
U00610,2024-12-19,support_ticket
U00610,2024-10-28,feature_use
U00610,2024-12-19,login
U00610,2024-09-16,feature_use
U00610,2024-11-11,support_ticket
U00610,2024-09-28,support_ticket
U00611,2024-02-19,support_ticket
U00611,2022-07-01,support_ticket
U00611,2023-05-11,login
U00611,2024-07-13,feature_use
U00611,2023-04-10,login
U00611,2021-12-16,support_ticket
U00611,2021-12-07,feature_use
U00611,2023-03-29,feature_use
U00611,2023-07-04,support_ticket
U00611,2023-07-30,feature_use
U00611,2023-08-31,feature_use
U00611,2023-04-30,feature_use
U00611,2023-06-19,login
U00611,2022-02-25,feature_use
U00611,2024-03-03,support_ticket
U00611,2022-11-12,support_ticket
U00611,2024-04-19,login
U00611,2024-01-27,support_ticket
U00611,2023-11-02,feature_use
U00611,2023-03-19,feature_use
U00611,2024-06-11,feature_use
U00611,2022-07-10,support_ticket
U00611,2024-02-07,login
U00611,2023-05-13,login
U00611,2023-10-28,support_ticket
U00611,2024-10-19,login
U00611,2024-10-20,feature_use
U00611,2022-03-19,feature_use
U00611,2024-04-25,feature_use
U00611,2024-09-30,feature_use
U00611,2024-06-08,support_ticket
U00611,2023-02-28,support_ticket
U00611,2024-09-11,feature_use
U00611,2024-03-31,support_ticket
U00611,2022-04-25,feature_use
U00611,2024-08-01,support_ticket
U00611,2023-08-24,login
U00612,2024-12-23,login
U00612,2024-11-05,support_ticket
U00612,2024-08-25,login
U00612,2024-10-24,support_ticket
U00612,2024-12-21,login
U00612,2024-12-25,feature_use
U00612,2024-10-30,feature_use
U00612,2024-07-27,support_ticket
U00612,2024-12-13,login
U00612,2024-09-21,support_ticket
U00612,2024-07-09,support_ticket
U00612,2024-12-10,login
U00612,2024-11-05,support_ticket
U00612,2024-11-16,login
U00612,2024-10-10,support_ticket
U00612,2024-08-12,login
U00612,2024-08-20,login
U00612,2024-11-08,feature_use
U00612,2024-09-13,login
U00612,2024-09-01,login
U00612,2024-10-15,support_ticket
U00612,2024-11-30,support_ticket
U00612,2024-09-28,login
U00612,2024-11-21,feature_use
U00613,2023-07-30,support_ticket
U00613,2023-12-24,login
U00613,2023-09-13,login
U00613,2024-07-22,feature_use
U00613,2024-01-02,login
U00613,2024-09-27,login
U00613,2024-05-02,support_ticket
U00613,2024-05-19,login
U00613,2024-04-02,support_ticket
U00613,2024-09-19,login
U00613,2024-03-10,support_ticket
U00613,2023-08-09,login
U00613,2023-11-06,login
U00613,2024-02-22,feature_use
U00613,2024-10-21,feature_use
U00613,2023-08-31,feature_use
U00613,2024-08-23,support_ticket
U00613,2024-05-18,login
U00613,2024-02-19,support_ticket
U00613,2024-06-15,feature_use
U00613,2024-06-26,feature_use
U00613,2024-09-20,login
U00613,2023-11-15,login
U00613,2023-07-27,feature_use
U00613,2023-10-10,feature_use
U00613,2024-02-28,login
U00613,2024-01-01,feature_use
U00613,2024-04-27,feature_use
U00613,2024-06-19,support_ticket
U00613,2024-03-22,feature_use
U00613,2024-07-21,login
U00613,2023-11-26,login
U00613,2024-12-31,support_ticket
U00613,2024-02-26,support_ticket
U00613,2023-09-19,support_ticket
U00613,2023-11-14,feature_use
U00613,2023-06-30,feature_use
U00613,2024-05-13,login
U00613,2024-09-06,support_ticket
U00613,2024-08-03,login
U00613,2023-11-20,login
U00613,2023-11-16,support_ticket
U00613,2024-02-13,support_ticket
U00613,2023-07-13,feature_use
U00613,2024-07-15,feature_use
U00613,2024-04-01,feature_use
U00613,2024-06-11,login
U00613,2023-06-20,feature_use
U00614,2024-01-30,feature_use
U00614,2023-12-31,support_ticket
U00614,2023-12-23,login
U00614,2023-05-26,feature_use
U00614,2023-08-22,support_ticket
U00614,2023-12-23,feature_use
U00614,2023-01-23,feature_use
U00614,2024-06-10,feature_use
U00614,2024-07-21,support_ticket
U00614,2024-12-05,feature_use
U00614,2023-08-26,login
U00614,2024-11-08,login
U00614,2024-05-30,feature_use
U00614,2023-08-01,support_ticket
U00614,2024-09-23,login
U00614,2023-10-13,support_ticket
U00614,2024-03-12,login
U00614,2023-02-15,support_ticket
U00614,2023-07-18,support_ticket
U00614,2023-09-24,feature_use
U00614,2024-08-18,feature_use
U00614,2024-11-23,login
U00614,2024-03-26,support_ticket
U00614,2023-02-03,login
U00614,2024-12-19,login
U00614,2023-06-19,login
U00614,2024-08-16,feature_use
U00614,2024-02-04,feature_use
U00615,2024-06-09,feature_use
U00615,2024-06-30,feature_use
U00615,2024-12-18,support_ticket
U00615,2024-06-13,feature_use
U00615,2024-11-15,feature_use
U00615,2024-06-10,support_ticket
U00615,2024-06-21,feature_use
U00615,2024-11-24,login
U00615,2024-07-18,login
U00615,2024-06-18,login
U00615,2024-10-31,login
U00615,2024-08-07,feature_use
U00615,2024-11-07,login
U00615,2024-09-29,feature_use
U00615,2024-11-04,feature_use
U00615,2024-07-15,login
U00615,2024-09-09,login
U00615,2024-12-07,login
U00615,2024-10-23,support_ticket
U00615,2024-07-23,support_ticket
U00615,2024-08-03,support_ticket
U00615,2024-12-30,login
U00615,2024-11-01,support_ticket
U00615,2024-11-13,login
U00615,2024-12-10,support_ticket
U00615,2024-07-14,support_ticket
U00615,2024-09-08,support_ticket
U00615,2024-11-07,login
U00615,2024-07-02,login
U00615,2024-08-29,login
U00615,2024-06-10,feature_use
U00615,2024-06-25,login
U00615,2024-07-18,feature_use
U00615,2024-06-14,login
U00615,2024-10-25,login
U00615,2024-07-11,support_ticket
U00615,2024-08-02,support_ticket
U00615,2024-09-30,feature_use
U00615,2024-12-12,feature_use
U00615,2024-07-20,feature_use
U00615,2024-12-20,login
U00615,2024-08-23,feature_use
U00615,2024-11-09,support_ticket
U00615,2024-08-25,feature_use
U00615,2024-12-09,support_ticket
U00615,2024-10-19,feature_use
U00615,2024-12-23,login
U00615,2024-10-22,login
U00616,2024-08-21,login
U00616,2023-12-10,login
U00616,2024-12-20,support_ticket
U00616,2023-08-04,login
U00616,2023-12-27,feature_use
U00616,2023-09-01,feature_use
U00616,2024-03-29,feature_use
U00616,2024-09-10,feature_use
U00617,2023-12-19,feature_use
U00617,2022-09-22,support_ticket
U00617,2024-10-23,feature_use
U00617,2023-09-19,feature_use
U00617,2022-05-18,support_ticket
U00617,2023-07-05,support_ticket
U00617,2024-08-23,login
U00617,2024-02-26,feature_use
U00617,2024-10-28,feature_use
U00617,2023-07-29,login
U00617,2024-04-15,support_ticket
U00617,2023-01-23,feature_use
U00617,2022-11-02,feature_use
U00617,2023-08-20,login
U00617,2023-08-11,support_ticket
U00617,2023-08-24,support_ticket
U00617,2023-01-16,feature_use
U00617,2023-09-23,support_ticket
U00617,2024-11-17,support_ticket
U00617,2023-01-27,login
U00617,2023-07-31,login
U00617,2024-08-11,support_ticket
U00617,2024-04-19,support_ticket
U00617,2023-02-08,feature_use
U00617,2023-03-26,feature_use
U00617,2023-08-27,feature_use
U00617,2024-07-07,login
U00617,2023-07-23,login
U00617,2022-09-27,support_ticket
U00617,2023-10-13,support_ticket
U00617,2024-01-16,feature_use
U00617,2024-12-03,login
U00617,2023-11-14,feature_use
U00617,2022-10-10,feature_use
U00617,2023-10-21,login
U00617,2024-07-27,support_ticket
U00617,2022-09-21,support_ticket
U00618,2024-05-03,support_ticket
U00618,2022-06-27,support_ticket
U00618,2024-03-16,feature_use
U00618,2022-10-04,feature_use
U00618,2022-03-28,login
U00618,2024-01-02,login
U00618,2024-11-07,login
U00618,2024-12-24,feature_use
U00618,2022-04-11,feature_use
U00618,2024-04-04,support_ticket
U00618,2024-04-26,support_ticket
U00618,2024-12-23,login
U00618,2023-03-21,login
U00618,2024-05-04,feature_use
U00619,2024-11-10,support_ticket
U00619,2024-09-18,support_ticket
U00619,2024-04-15,login
U00619,2024-11-07,support_ticket
U00619,2024-12-07,login
U00619,2024-05-16,login
U00619,2024-07-26,login
U00619,2024-12-24,support_ticket
U00619,2024-09-14,login
U00619,2024-09-21,support_ticket
U00619,2024-07-30,login
U00619,2024-10-04,login
U00619,2024-04-26,support_ticket
U00619,2024-04-26,support_ticket
U00619,2024-12-23,support_ticket
U00619,2024-07-25,support_ticket
U00619,2024-03-24,support_ticket
U00619,2024-10-25,login
U00619,2024-05-13,feature_use
U00619,2024-03-14,support_ticket
U00619,2024-12-02,support_ticket
U00619,2024-10-04,feature_use
U00619,2024-05-05,feature_use
U00619,2024-06-09,login
U00620,2023-11-22,support_ticket
U00620,2022-11-14,support_ticket
U00620,2022-09-26,feature_use
U00620,2024-11-24,feature_use
U00620,2022-09-29,feature_use
U00620,2023-03-20,login
U00620,2023-10-09,support_ticket
U00620,2024-03-15,feature_use
U00620,2024-08-19,feature_use
U00620,2024-04-03,feature_use
U00620,2023-11-07,support_ticket
U00620,2023-01-03,support_ticket
U00620,2023-05-28,feature_use
U00620,2022-10-25,support_ticket
U00620,2022-09-24,feature_use
U00620,2022-10-08,login
U00620,2022-09-05,support_ticket
U00620,2022-08-01,login
U00620,2024-06-23,feature_use
U00620,2022-09-22,login
U00620,2023-12-22,support_ticket
U00620,2024-08-24,feature_use
U00620,2022-08-29,support_ticket
U00620,2023-01-28,login
U00620,2023-08-17,login
U00620,2022-12-31,feature_use
U00620,2024-06-12,feature_use
U00620,2024-03-01,feature_use
U00620,2023-01-15,support_ticket
U00620,2024-09-19,support_ticket
U00620,2023-03-24,support_ticket
U00620,2024-06-30,support_ticket
U00620,2023-01-27,login
U00620,2022-10-23,login
U00620,2024-06-21,login
U00621,2024-08-13,feature_use
U00621,2024-10-31,support_ticket
U00621,2024-08-15,feature_use
U00621,2024-11-12,feature_use
U00621,2024-11-26,support_ticket
U00621,2024-11-15,support_ticket
U00621,2024-06-04,support_ticket
U00621,2024-04-12,support_ticket
U00621,2024-07-20,feature_use
U00621,2024-10-16,support_ticket
U00621,2024-08-04,support_ticket
U00621,2024-05-23,feature_use
U00621,2024-03-11,feature_use
U00621,2024-03-03,feature_use
U00621,2024-11-20,support_ticket
U00621,2024-11-29,support_ticket
U00621,2024-12-30,feature_use
U00621,2024-11-23,support_ticket
U00621,2024-03-10,login
U00621,2024-05-09,login
U00621,2024-07-11,feature_use
U00621,2024-02-12,feature_use
U00621,2024-12-19,login
U00621,2024-07-29,feature_use
U00621,2024-01-06,support_ticket
U00621,2024-06-21,login
U00621,2024-03-22,login
U00621,2024-08-07,support_ticket
U00621,2024-04-12,feature_use
U00621,2024-07-20,feature_use
U00621,2024-12-30,support_ticket
U00621,2024-12-02,support_ticket
U00621,2024-08-02,feature_use
U00621,2024-09-15,login
U00621,2024-12-31,support_ticket
U00621,2024-06-26,login
U00621,2024-09-13,feature_use
U00621,2024-06-09,feature_use
U00621,2024-01-31,feature_use
U00621,2024-05-19,support_ticket
U00621,2024-11-17,login
U00621,2024-06-19,support_ticket
U00621,2024-05-17,support_ticket
U00621,2024-12-21,feature_use
U00622,2024-12-21,login
U00622,2023-08-30,feature_use
U00622,2022-04-25,support_ticket
U00622,2022-06-12,login
U00622,2024-01-05,support_ticket
U00622,2024-05-13,login
U00622,2023-09-16,support_ticket
U00622,2022-05-16,support_ticket
U00622,2024-02-11,feature_use
U00622,2023-07-21,feature_use
U00622,2023-12-22,login
U00622,2024-07-26,login
U00622,2023-02-22,feature_use
U00622,2024-03-19,login
U00622,2023-11-24,login
U00622,2024-08-04,support_ticket
U00622,2022-09-24,login
U00622,2022-10-09,login
U00622,2022-06-09,support_ticket
U00622,2024-03-15,support_ticket
U00622,2022-07-08,support_ticket
U00622,2023-07-10,feature_use
U00622,2024-06-30,support_ticket
U00622,2023-12-03,support_ticket
U00622,2023-05-14,login
U00622,2022-07-19,login
U00622,2024-02-14,support_ticket
U00622,2024-06-05,login
U00622,2024-12-03,support_ticket
U00622,2023-04-18,login
U00622,2024-08-30,support_ticket
U00622,2023-03-26,support_ticket
U00622,2023-08-30,support_ticket
U00622,2022-03-02,login
U00622,2022-12-29,login
U00622,2024-06-19,feature_use
U00622,2022-12-27,feature_use
U00622,2024-11-23,support_ticket
U00623,2022-06-05,feature_use
U00623,2024-10-15,feature_use
U00623,2023-03-27,support_ticket
U00623,2024-09-20,login
U00623,2024-09-16,support_ticket
U00623,2023-11-08,feature_use
U00623,2024-12-26,support_ticket
U00623,2024-10-29,login
U00623,2024-06-01,support_ticket
U00623,2022-10-19,login
U00623,2024-10-18,feature_use
U00623,2023-09-21,support_ticket
U00623,2023-02-13,support_ticket
U00624,2024-02-02,feature_use
U00624,2024-02-15,feature_use
U00624,2023-09-14,feature_use
U00624,2023-12-10,support_ticket
U00624,2024-01-16,feature_use
U00624,2023-11-04,feature_use
U00624,2024-09-15,support_ticket
U00624,2024-12-25,feature_use
U00624,2024-08-26,feature_use
U00624,2024-10-22,login
U00624,2023-10-23,feature_use
U00624,2024-04-19,login
U00624,2024-05-03,login
U00624,2024-05-24,feature_use
U00624,2024-06-12,login
U00624,2024-10-30,feature_use
U00624,2024-03-06,login
U00624,2024-07-26,login
U00624,2024-04-15,feature_use
U00624,2024-11-27,feature_use
U00624,2024-07-25,support_ticket
U00624,2024-06-03,support_ticket
U00624,2024-07-24,feature_use
U00624,2024-07-09,support_ticket
U00624,2024-06-06,feature_use
U00624,2024-05-09,feature_use
U00624,2024-02-09,feature_use
U00624,2024-02-27,support_ticket
U00624,2024-01-22,feature_use
U00624,2024-10-04,feature_use
U00624,2023-10-17,login
U00624,2024-02-01,login
U00624,2023-11-10,support_ticket
U00624,2024-12-29,login
U00624,2024-09-15,support_ticket
U00624,2024-08-31,login
U00624,2024-04-11,login
U00624,2024-08-30,feature_use
U00624,2024-07-16,feature_use
U00625,2024-02-14,feature_use
U00625,2021-12-08,support_ticket
U00625,2024-11-01,login
U00625,2022-12-26,feature_use
U00625,2022-12-22,support_ticket
U00625,2024-12-15,login
U00625,2022-03-14,login
U00625,2023-02-20,support_ticket
U00625,2023-03-08,feature_use
U00625,2024-04-05,support_ticket
U00625,2022-12-08,feature_use
U00625,2023-07-15,feature_use
U00625,2022-03-30,login
U00625,2023-08-06,feature_use
U00625,2024-09-07,feature_use
U00625,2022-05-04,support_ticket
U00626,2024-07-25,login
U00626,2022-10-09,feature_use
U00626,2022-09-04,support_ticket
U00626,2023-10-09,feature_use
U00626,2024-04-26,feature_use
U00626,2024-01-19,login
U00626,2023-06-26,login
U00626,2022-11-19,feature_use
U00626,2022-09-11,login
U00626,2024-07-30,login
U00626,2023-11-10,support_ticket
U00626,2023-06-09,login
U00626,2023-04-18,login
U00627,2024-11-16,feature_use
U00627,2024-06-03,login
U00627,2024-10-17,support_ticket
U00627,2024-07-14,feature_use
U00627,2022-09-20,support_ticket
U00627,2023-09-09,support_ticket
U00627,2024-05-07,login
U00627,2023-04-30,feature_use
U00627,2023-10-23,feature_use
U00627,2023-09-14,login
U00627,2024-12-11,login
U00627,2024-10-08,login
U00627,2022-11-23,support_ticket
U00627,2022-09-29,login
U00627,2024-01-20,support_ticket
U00627,2022-07-27,feature_use
U00627,2024-01-21,login
U00627,2024-02-03,feature_use
U00628,2022-02-03,feature_use
U00628,2024-02-28,login
U00628,2023-08-13,support_ticket
U00628,2023-07-02,feature_use
U00628,2024-09-08,feature_use
U00628,2024-09-14,feature_use
U00628,2023-12-09,login
U00628,2023-10-23,feature_use
U00628,2023-08-27,support_ticket
U00628,2023-06-28,login
U00628,2024-10-03,login
U00628,2022-10-02,support_ticket
U00628,2024-11-30,support_ticket
U00628,2024-10-02,login
U00628,2023-09-22,login
U00628,2022-04-02,login
U00628,2024-10-04,support_ticket
U00628,2024-11-08,feature_use
U00628,2024-04-02,support_ticket
U00628,2022-01-21,feature_use
U00628,2023-05-10,feature_use
U00628,2024-10-10,feature_use
U00628,2022-10-23,support_ticket
U00628,2024-08-21,login
U00628,2024-10-23,feature_use
U00628,2024-05-05,login
U00628,2023-09-01,login
U00628,2022-01-28,login
U00628,2022-04-09,support_ticket
U00628,2023-01-23,support_ticket
U00628,2022-10-07,support_ticket
U00628,2024-11-08,support_ticket
U00628,2024-05-28,login
U00628,2022-10-07,login
U00628,2022-09-20,login
U00628,2022-12-28,feature_use
U00628,2023-12-19,support_ticket
U00628,2024-04-09,feature_use
U00628,2022-07-15,feature_use
U00629,2023-10-10,feature_use
U00629,2022-08-17,feature_use
U00629,2024-11-22,support_ticket
U00629,2024-03-19,support_ticket
U00629,2024-06-04,feature_use
U00629,2022-10-07,feature_use
U00629,2022-08-25,support_ticket
U00629,2023-07-17,support_ticket
U00629,2023-04-22,login
U00629,2024-04-08,login
U00629,2022-08-31,login
U00629,2023-08-30,feature_use
U00629,2023-07-03,support_ticket
U00629,2022-11-17,feature_use
U00629,2023-06-22,login
U00629,2024-12-04,support_ticket
U00629,2022-04-07,feature_use
U00629,2022-10-03,support_ticket
U00629,2023-10-01,login
U00629,2024-07-21,login
U00629,2022-12-28,support_ticket
U00629,2024-01-08,feature_use
U00629,2024-07-10,support_ticket
U00629,2024-03-21,feature_use
U00629,2023-08-04,login
U00629,2023-03-16,feature_use
U00629,2022-09-24,login
U00629,2024-12-01,support_ticket
U00629,2022-08-10,feature_use
U00629,2023-08-24,support_ticket
U00629,2024-03-30,login
U00629,2022-05-27,feature_use
U00629,2023-03-04,login
U00629,2023-03-13,support_ticket
U00629,2023-03-31,support_ticket
U00630,2023-10-14,login
U00630,2021-06-28,login
U00630,2023-09-28,login
U00630,2024-09-18,support_ticket
U00630,2021-11-10,login
U00630,2024-03-27,feature_use
U00630,2023-08-30,login
U00630,2022-11-25,support_ticket
U00630,2022-01-24,feature_use
U00630,2021-05-20,support_ticket
U00630,2022-01-02,feature_use
U00630,2023-01-25,feature_use
U00630,2022-10-11,feature_use
U00630,2024-01-27,support_ticket
U00630,2024-12-25,login
U00630,2024-05-24,feature_use
U00630,2023-09-20,support_ticket
U00630,2021-05-14,feature_use
U00630,2021-09-25,login
U00630,2023-06-25,feature_use
U00630,2024-04-11,support_ticket
U00630,2021-07-15,feature_use
U00630,2024-06-03,feature_use
U00630,2024-09-21,feature_use
U00630,2023-05-23,support_ticket
U00630,2023-09-24,login
U00630,2024-02-09,feature_use
U00630,2023-01-28,feature_use
U00630,2024-07-24,login
U00630,2022-10-25,feature_use
U00630,2024-01-14,support_ticket
U00630,2022-08-19,support_ticket
U00630,2024-11-29,feature_use
U00630,2023-12-13,support_ticket
U00630,2022-06-06,login
U00630,2022-03-14,support_ticket
U00630,2022-02-24,support_ticket
U00630,2021-07-18,support_ticket
U00630,2022-01-23,feature_use
U00630,2024-03-14,support_ticket
U00630,2023-01-01,feature_use
U00630,2024-02-23,feature_use
U00631,2024-06-13,login
U00631,2023-04-02,support_ticket
U00631,2024-05-29,login
U00631,2023-11-22,support_ticket
U00631,2024-12-11,feature_use
U00631,2024-02-06,support_ticket
U00631,2024-11-19,support_ticket
U00631,2024-01-02,login
U00631,2024-05-27,feature_use
U00631,2023-04-24,feature_use
U00631,2024-05-18,login
U00631,2024-10-11,support_ticket
U00631,2024-02-16,login
U00631,2023-05-22,login
U00631,2023-08-01,support_ticket
U00631,2023-05-10,login
U00631,2023-11-28,support_ticket
U00631,2024-08-27,login
U00631,2023-07-21,login
U00631,2024-08-20,feature_use
U00631,2023-06-24,feature_use
U00631,2023-08-17,support_ticket
U00631,2023-11-07,login
U00631,2024-03-21,feature_use
U00631,2024-10-05,support_ticket
U00631,2023-05-16,feature_use
U00631,2024-10-04,login
U00631,2023-05-01,support_ticket
U00631,2023-04-09,login
U00631,2024-03-31,login
U00631,2023-10-20,feature_use
U00631,2024-01-03,login
U00631,2024-02-19,feature_use
U00631,2024-07-04,login
U00631,2023-08-02,support_ticket
U00631,2024-06-25,feature_use
U00631,2023-09-08,support_ticket
U00631,2024-07-06,login
U00631,2024-02-12,feature_use
U00631,2024-03-31,support_ticket
U00631,2024-06-06,support_ticket
U00631,2024-12-17,feature_use
U00631,2024-07-08,support_ticket
U00631,2024-11-07,support_ticket
U00631,2024-01-19,feature_use
U00631,2024-08-10,feature_use
U00631,2024-10-24,feature_use
U00631,2024-12-08,support_ticket
U00631,2024-04-05,feature_use
U00632,2024-10-26,feature_use
U00632,2023-03-25,support_ticket
U00632,2022-12-29,support_ticket
U00632,2024-02-01,feature_use
U00632,2022-09-12,support_ticket
U00632,2024-04-24,support_ticket
U00633,2024-05-05,login
U00633,2023-12-11,support_ticket
U00633,2024-02-15,feature_use
U00633,2023-04-24,support_ticket
U00633,2023-09-24,support_ticket
U00633,2024-01-26,login
U00633,2023-12-24,login
U00633,2024-12-16,feature_use
U00633,2023-07-03,login
U00633,2024-05-16,support_ticket
U00634,2024-08-05,support_ticket
U00634,2023-03-31,login
U00634,2023-11-22,support_ticket
U00634,2023-08-31,login
U00634,2022-12-22,support_ticket
U00634,2024-07-20,support_ticket
U00634,2023-04-22,login
U00634,2023-08-17,feature_use
U00634,2024-03-01,feature_use
U00634,2024-10-11,feature_use
U00634,2023-09-07,login
U00634,2022-12-15,login
U00634,2022-11-25,support_ticket
U00634,2023-03-02,feature_use
U00634,2024-07-21,feature_use
U00634,2024-12-06,support_ticket
U00634,2023-07-10,feature_use
U00634,2023-05-10,login
U00634,2024-03-23,support_ticket
U00634,2024-12-16,support_ticket
U00634,2023-03-08,feature_use
U00634,2022-12-12,login
U00634,2024-10-30,feature_use
U00634,2024-09-13,login
U00634,2023-04-09,support_ticket
U00634,2023-01-16,login
U00634,2024-11-08,feature_use
U00634,2023-08-03,login
U00634,2024-11-07,support_ticket
U00634,2023-04-10,support_ticket
U00634,2023-05-08,feature_use
U00634,2023-06-11,feature_use
U00634,2024-08-04,login
U00634,2024-05-26,feature_use
U00634,2023-01-15,login
U00634,2024-10-17,login
U00634,2024-05-01,login
U00634,2023-10-20,support_ticket
U00635,2024-10-05,feature_use
U00635,2024-12-24,support_ticket
U00635,2024-11-13,support_ticket
U00635,2024-09-08,support_ticket
U00635,2024-08-30,feature_use
U00635,2024-12-24,support_ticket
U00635,2024-10-27,login
U00635,2024-09-27,support_ticket
U00635,2024-10-23,login
U00635,2024-11-15,feature_use
U00635,2024-12-06,login
U00635,2024-09-15,support_ticket
U00635,2024-09-15,login
U00635,2024-10-15,feature_use
U00635,2024-10-22,feature_use
U00635,2024-12-30,support_ticket
U00635,2024-11-25,feature_use
U00635,2024-09-10,login
U00635,2024-10-17,support_ticket
U00635,2024-12-12,support_ticket
U00635,2024-10-08,feature_use
U00635,2024-12-11,support_ticket
U00635,2024-12-08,login
U00635,2024-10-10,feature_use
U00635,2024-10-24,feature_use
U00635,2024-09-25,login
U00635,2024-09-22,login
U00635,2024-08-30,login
U00635,2024-09-15,support_ticket
U00635,2024-10-15,support_ticket
U00635,2024-09-14,login
U00635,2024-09-03,login
U00635,2024-11-06,support_ticket
U00635,2024-11-10,support_ticket
U00635,2024-09-01,login
U00635,2024-09-05,support_ticket
U00635,2024-09-10,support_ticket
U00635,2024-11-29,support_ticket
U00635,2024-12-07,feature_use
U00635,2024-11-24,login
U00635,2024-10-11,login
U00635,2024-09-20,support_ticket
U00635,2024-09-02,support_ticket
U00635,2024-10-02,login
U00635,2024-10-18,login
U00635,2024-11-14,feature_use
U00635,2024-10-15,login
U00636,2022-08-15,login
U00636,2024-03-09,support_ticket
U00636,2024-01-03,feature_use
U00636,2022-01-27,feature_use
U00636,2022-02-27,feature_use
U00636,2022-04-01,login
U00636,2022-12-28,support_ticket
U00636,2024-11-04,support_ticket
U00636,2022-04-15,support_ticket
U00636,2022-06-01,support_ticket
U00636,2024-06-16,feature_use
U00636,2021-12-21,feature_use
U00636,2021-12-09,login
U00636,2023-02-10,support_ticket
U00636,2022-12-04,login
U00636,2021-11-24,login
U00636,2023-04-19,feature_use
U00636,2023-11-01,feature_use
U00636,2021-12-04,feature_use
U00636,2022-03-14,feature_use
U00636,2024-09-06,feature_use
U00636,2023-12-18,feature_use
U00636,2022-02-04,support_ticket
U00636,2024-07-20,feature_use
U00636,2023-09-19,support_ticket
U00636,2022-08-19,feature_use
U00636,2024-05-06,login
U00636,2023-01-15,login
U00636,2023-11-20,support_ticket
U00636,2022-12-10,login
U00636,2023-12-25,login
U00636,2022-11-14,support_ticket
U00636,2024-07-23,support_ticket
U00637,2024-09-01,login
U00637,2023-10-12,support_ticket
U00637,2024-11-04,support_ticket
U00637,2024-09-10,login
U00637,2024-02-03,support_ticket
U00637,2024-09-15,feature_use
U00637,2024-11-01,login
U00637,2024-12-26,login
U00637,2024-09-17,support_ticket
U00637,2024-07-04,feature_use
U00637,2024-11-08,login
U00637,2023-09-25,feature_use
U00637,2024-03-17,feature_use
U00637,2023-09-06,login
U00637,2024-02-18,support_ticket
U00637,2024-07-02,feature_use
U00637,2024-03-19,support_ticket
U00637,2024-11-09,feature_use
U00637,2024-03-16,support_ticket
U00637,2024-06-30,login
U00637,2024-11-08,support_ticket
U00637,2023-11-04,login
U00637,2023-12-15,support_ticket
U00637,2024-04-18,login
U00637,2023-09-09,feature_use
U00637,2023-10-20,support_ticket
U00637,2024-08-08,feature_use
U00637,2024-05-19,login
U00637,2024-09-29,login
U00637,2024-06-17,feature_use
U00637,2024-11-11,login
U00637,2024-01-13,support_ticket
U00637,2023-09-19,support_ticket
U00637,2024-03-28,login
U00637,2023-12-31,login
U00637,2023-12-14,feature_use
U00637,2023-12-14,login
U00638,2024-02-07,support_ticket
U00638,2024-09-20,feature_use
U00638,2024-01-16,feature_use
U00638,2024-11-12,support_ticket
U00638,2024-05-22,support_ticket
U00638,2024-05-14,support_ticket
U00638,2023-11-25,support_ticket
U00638,2024-11-09,support_ticket
U00638,2023-11-14,login
U00638,2024-04-14,feature_use
U00638,2024-06-21,support_ticket
U00638,2023-08-21,support_ticket
U00638,2024-04-27,login
U00638,2023-10-30,support_ticket
U00638,2024-10-27,feature_use
U00638,2024-11-28,support_ticket
U00638,2024-10-21,support_ticket
U00638,2023-10-30,support_ticket
U00638,2024-02-26,support_ticket
U00638,2024-12-15,feature_use
U00638,2024-09-02,feature_use
U00638,2024-02-17,feature_use
U00638,2024-11-06,login
U00638,2023-12-05,support_ticket
U00638,2024-09-15,login
U00638,2024-11-18,support_ticket
U00638,2024-12-19,feature_use
U00638,2024-09-22,login
U00638,2024-12-24,login
U00638,2024-12-01,feature_use
U00639,2021-12-15,login
U00639,2023-06-07,feature_use
U00639,2024-01-27,support_ticket
U00639,2022-03-09,support_ticket
U00639,2023-10-09,login
U00639,2023-04-02,support_ticket
U00639,2024-08-03,login
U00639,2021-11-04,login
U00639,2024-01-05,login
U00639,2021-03-18,feature_use
U00639,2024-12-04,login
U00639,2023-05-03,feature_use
U00639,2023-06-29,feature_use
U00639,2023-12-09,feature_use
U00639,2023-05-07,feature_use
U00639,2022-07-25,support_ticket
U00639,2023-06-12,support_ticket
U00639,2023-09-20,support_ticket
U00639,2022-07-09,login
U00639,2023-03-26,login
U00639,2023-10-13,login
U00639,2021-10-04,login
U00639,2023-04-10,login
U00639,2021-08-15,feature_use
U00639,2022-11-23,feature_use
U00639,2021-12-22,support_ticket
U00639,2023-07-05,feature_use
U00639,2023-04-09,login
U00639,2021-09-17,feature_use
U00639,2023-01-14,support_ticket
U00639,2022-09-21,login
U00639,2023-11-27,login
U00639,2021-08-26,support_ticket
U00639,2022-07-16,feature_use
U00639,2021-06-22,feature_use
U00639,2023-06-29,login
U00639,2024-01-30,login
U00639,2024-12-28,feature_use
U00640,2023-01-14,support_ticket
U00640,2023-07-02,login
U00640,2022-08-22,feature_use
U00640,2023-12-12,feature_use
U00640,2022-10-08,login
U00640,2023-04-19,feature_use
U00640,2022-07-10,login
U00640,2024-11-23,feature_use
U00640,2022-08-25,login
U00640,2023-11-19,support_ticket
U00640,2022-11-26,feature_use
U00640,2024-07-14,support_ticket
U00640,2022-07-01,feature_use
U00640,2023-05-24,feature_use
U00640,2024-06-04,support_ticket
U00640,2023-03-12,feature_use
U00640,2023-06-03,feature_use
U00640,2022-12-05,support_ticket
U00640,2023-07-21,support_ticket
U00640,2023-02-16,feature_use
U00640,2023-11-09,feature_use
U00640,2024-10-25,login
U00640,2023-11-02,feature_use
U00640,2022-09-08,feature_use
U00640,2024-09-12,login
U00640,2022-12-29,feature_use
U00640,2024-11-23,support_ticket
U00640,2023-03-15,support_ticket
U00640,2024-05-11,feature_use
U00640,2023-03-23,feature_use
U00640,2024-10-23,support_ticket
U00640,2023-06-06,support_ticket
U00640,2023-08-03,feature_use
U00640,2022-07-08,login
U00640,2023-01-31,login
U00640,2024-10-27,login
U00640,2022-09-11,support_ticket
U00640,2023-08-06,support_ticket
U00640,2022-10-27,login
U00640,2023-10-30,login
U00640,2023-01-20,support_ticket
U00640,2023-06-29,support_ticket
U00640,2023-10-04,feature_use
U00640,2024-05-12,login
U00640,2024-05-16,login
U00640,2024-04-06,support_ticket
U00640,2024-08-01,feature_use
U00640,2024-07-09,login
U00640,2023-07-13,support_ticket
U00640,2023-02-01,support_ticket
U00641,2024-12-30,login
U00641,2024-11-21,feature_use
U00641,2024-12-17,feature_use
U00641,2024-02-08,support_ticket
U00641,2024-05-07,feature_use
U00641,2024-02-13,support_ticket
U00641,2024-12-03,support_ticket
U00641,2024-03-12,feature_use
U00641,2024-07-31,login
U00641,2024-11-02,login
U00641,2024-03-04,login
U00641,2024-08-26,support_ticket
U00641,2024-06-09,login
U00641,2024-05-31,feature_use
U00641,2024-10-25,support_ticket
U00641,2024-06-05,support_ticket
U00641,2024-06-16,login
U00641,2024-09-27,feature_use
U00641,2024-02-15,login
U00641,2024-08-31,login
U00641,2024-10-04,support_ticket
U00641,2024-07-16,support_ticket
U00641,2024-11-19,feature_use
U00641,2024-04-01,feature_use
U00641,2024-04-30,support_ticket
U00641,2024-07-28,feature_use
U00641,2024-06-22,support_ticket
U00641,2024-08-14,feature_use
U00642,2024-04-18,feature_use
U00642,2023-10-05,login
U00642,2024-09-15,support_ticket
U00642,2024-05-13,feature_use
U00642,2023-09-27,feature_use
U00642,2024-05-02,login
U00642,2024-10-10,login
U00642,2023-05-29,login
U00642,2024-07-14,support_ticket
U00642,2023-07-24,support_ticket
U00642,2024-08-16,login
U00642,2024-02-18,feature_use
U00642,2024-08-31,support_ticket
U00642,2024-03-03,support_ticket
U00642,2024-04-07,support_ticket
U00642,2023-11-21,login
U00642,2024-04-01,support_ticket
U00642,2023-09-14,feature_use
U00642,2023-12-20,support_ticket
U00642,2024-01-05,login
U00642,2024-07-22,feature_use
U00642,2024-10-24,support_ticket
U00642,2024-09-26,support_ticket
U00642,2023-08-18,support_ticket
U00642,2023-07-03,login
U00642,2023-08-17,feature_use
U00642,2023-05-30,feature_use
U00642,2024-12-06,login
U00642,2023-09-22,support_ticket
U00642,2024-03-02,support_ticket
U00642,2024-04-26,feature_use
U00642,2024-07-04,login
U00642,2024-01-17,login
U00642,2024-02-18,support_ticket
U00642,2024-03-20,support_ticket
U00642,2024-02-29,login
U00642,2024-03-07,login
U00642,2024-01-23,feature_use
U00642,2024-05-10,login
U00642,2024-11-21,login
U00642,2023-12-21,feature_use
U00643,2024-03-22,support_ticket
U00643,2024-08-08,feature_use
U00643,2024-05-01,feature_use
U00643,2024-09-28,feature_use
U00643,2024-03-06,feature_use
U00643,2023-12-10,support_ticket
U00643,2022-09-06,support_ticket
U00643,2022-12-01,login
U00643,2024-11-27,login
U00643,2023-06-30,feature_use
U00643,2023-05-24,feature_use
U00643,2024-02-13,feature_use
U00643,2024-12-30,support_ticket
U00643,2023-08-28,login
U00643,2024-08-26,login
U00644,2024-03-03,support_ticket
U00644,2021-12-30,support_ticket
U00644,2021-08-18,support_ticket
U00644,2023-11-23,login
U00644,2024-03-11,support_ticket
U00644,2022-10-28,login
U00644,2021-04-12,feature_use
U00644,2024-07-02,login
U00644,2021-12-01,feature_use
U00644,2021-12-08,login
U00644,2022-12-14,feature_use
U00644,2022-09-17,feature_use
U00644,2023-05-29,support_ticket
U00644,2024-11-28,login
U00644,2021-11-05,support_ticket
U00644,2024-02-05,login
U00644,2021-08-09,support_ticket
U00644,2023-10-31,feature_use
U00644,2022-12-20,login
U00644,2022-12-17,feature_use
U00644,2022-06-17,support_ticket
U00644,2024-02-29,support_ticket
U00644,2024-12-02,feature_use
U00644,2022-04-21,login
U00644,2024-01-20,support_ticket
U00644,2023-12-22,feature_use
U00645,2024-12-05,feature_use
U00645,2024-08-02,login
U00645,2024-11-29,support_ticket
U00645,2024-12-22,login
U00645,2024-09-07,feature_use
U00645,2024-10-02,login
U00645,2024-10-25,login
U00645,2024-09-10,login
U00645,2024-12-21,login
U00645,2024-12-19,login
U00645,2024-09-12,feature_use
U00645,2024-12-02,support_ticket
U00645,2024-12-28,login
U00645,2024-11-13,support_ticket
U00645,2024-11-12,feature_use
U00645,2024-08-05,login
U00645,2024-12-17,feature_use
U00645,2024-11-01,support_ticket
U00645,2024-09-22,support_ticket
U00645,2024-09-25,support_ticket
U00645,2024-11-01,feature_use
U00645,2024-08-17,feature_use
U00645,2024-10-18,feature_use
U00645,2024-12-14,login
U00645,2024-08-28,support_ticket
U00645,2024-08-01,login
U00645,2024-09-18,support_ticket
U00645,2024-11-29,login
U00645,2024-12-30,login
U00645,2024-11-23,login
U00645,2024-10-02,feature_use
U00645,2024-12-12,login
U00645,2024-12-14,support_ticket
U00645,2024-12-10,support_ticket
U00645,2024-11-15,support_ticket
U00645,2024-11-20,support_ticket
U00645,2024-09-27,login
U00645,2024-08-10,feature_use
U00645,2024-08-09,support_ticket
U00645,2024-12-10,login
U00646,2024-03-07,feature_use
U00646,2024-09-06,login
U00646,2023-10-17,feature_use
U00646,2023-01-22,support_ticket
U00646,2023-10-27,feature_use
U00646,2022-05-04,support_ticket
U00646,2023-08-26,feature_use
U00646,2021-09-07,feature_use
U00646,2022-12-16,support_ticket
U00646,2022-11-10,feature_use
U00646,2023-07-26,feature_use
U00646,2023-10-30,login
U00646,2023-09-30,feature_use
U00646,2023-07-27,feature_use
U00646,2022-11-25,login
U00646,2024-09-14,support_ticket
U00646,2022-04-02,support_ticket
U00646,2021-12-05,feature_use
U00646,2024-08-21,feature_use
U00646,2024-02-23,feature_use
U00646,2024-08-03,feature_use
U00646,2021-05-16,login
U00647,2024-07-24,feature_use
U00647,2024-11-18,login
U00647,2024-11-16,login
U00647,2024-05-22,login
U00647,2024-08-26,login
U00647,2024-08-16,support_ticket
U00647,2024-07-03,login
U00647,2024-07-01,login
U00647,2024-12-09,support_ticket
U00647,2024-08-14,support_ticket
U00647,2024-12-24,feature_use
U00647,2024-08-03,login
U00647,2024-12-30,feature_use
U00647,2024-08-28,login
U00647,2024-07-07,login
U00647,2024-10-10,support_ticket
U00647,2024-11-17,login
U00648,2024-09-22,login
U00648,2024-10-23,login
U00648,2024-10-11,login
U00648,2024-11-05,support_ticket
U00648,2024-10-13,login
U00648,2024-12-30,login
U00648,2024-09-25,feature_use
U00648,2024-10-28,support_ticket
U00648,2024-11-17,feature_use
U00648,2024-08-18,login
U00648,2024-10-13,support_ticket
U00648,2024-12-07,login
U00648,2024-11-18,support_ticket
U00648,2024-12-12,support_ticket
U00648,2024-07-24,login
U00648,2024-10-17,login
U00648,2024-10-28,support_ticket
U00648,2024-10-30,support_ticket
U00648,2024-09-09,login
U00648,2024-08-21,feature_use
U00648,2024-11-06,login
U00648,2024-09-11,feature_use
U00648,2024-08-20,login
U00648,2024-12-01,feature_use
U00648,2024-10-28,login
U00648,2024-11-28,login
U00648,2024-11-14,login
U00648,2024-09-12,feature_use
U00648,2024-09-01,login
U00648,2024-10-12,support_ticket
U00648,2024-09-09,login
U00648,2024-07-27,login
U00648,2024-09-14,support_ticket
U00648,2024-11-15,support_ticket
U00649,2024-05-11,login
U00649,2022-05-18,support_ticket
U00649,2024-04-19,support_ticket
U00649,2023-03-26,login
U00649,2024-03-11,login
U00649,2023-01-23,login
U00649,2022-12-06,support_ticket
U00649,2023-08-10,login
U00649,2023-02-08,login
U00649,2022-11-22,login
U00649,2024-11-04,login
U00649,2024-04-09,login
U00649,2024-02-17,support_ticket
U00649,2023-11-12,support_ticket
U00649,2022-12-12,support_ticket
U00649,2023-02-22,feature_use
U00649,2023-06-23,support_ticket
U00649,2024-07-03,login
U00649,2022-09-18,feature_use
U00649,2024-03-02,feature_use
U00649,2024-11-08,support_ticket
U00649,2024-02-10,login
U00649,2023-02-10,feature_use
U00649,2022-12-21,feature_use
U00649,2022-08-22,support_ticket
U00649,2023-10-29,support_ticket
U00649,2024-02-27,support_ticket
U00649,2023-05-26,support_ticket
U00649,2024-04-03,login
U00649,2023-09-11,feature_use
U00649,2023-12-17,support_ticket
U00649,2023-06-09,support_ticket
U00649,2022-05-27,support_ticket
U00649,2024-02-12,feature_use
U00649,2023-03-09,feature_use
U00649,2024-09-21,support_ticket
U00649,2023-05-11,feature_use
U00649,2023-03-16,support_ticket
U00649,2024-09-08,support_ticket
U00649,2022-10-05,login
U00649,2023-05-22,feature_use
U00649,2024-03-22,support_ticket
U00649,2023-11-14,login
U00649,2023-08-28,support_ticket
U00649,2024-03-25,login
U00649,2023-07-30,feature_use
U00649,2022-06-10,feature_use
U00649,2022-12-08,support_ticket
U00649,2022-10-06,support_ticket
U00650,2023-12-18,support_ticket
U00650,2024-08-10,support_ticket
U00650,2024-11-22,feature_use
U00650,2023-12-25,feature_use
U00650,2023-10-12,support_ticket
U00650,2024-12-19,login
U00650,2023-07-07,login
U00650,2024-09-08,support_ticket
U00650,2024-09-20,support_ticket
U00650,2024-11-10,login
U00650,2024-01-01,login
U00650,2024-06-14,login
U00650,2024-01-28,login
U00650,2023-09-03,support_ticket
U00650,2024-11-02,feature_use
U00650,2024-08-02,feature_use
U00650,2024-06-04,login
U00650,2023-06-29,login
U00650,2024-05-03,login
U00650,2024-07-08,feature_use
U00650,2024-08-16,support_ticket
U00650,2024-11-16,feature_use
U00650,2023-07-06,feature_use
U00650,2024-09-09,login
U00650,2024-03-29,feature_use
U00650,2024-07-30,feature_use
U00650,2023-09-02,feature_use
U00650,2024-12-31,support_ticket
U00650,2024-11-24,feature_use
U00650,2024-02-06,login
U00650,2024-12-22,support_ticket
U00650,2024-05-30,support_ticket
U00650,2023-08-29,support_ticket
U00651,2023-08-17,support_ticket
U00651,2023-12-01,login
U00651,2023-11-06,login
U00651,2024-04-17,feature_use
U00651,2023-06-14,login
U00652,2024-04-01,feature_use
U00652,2024-12-03,feature_use
U00652,2024-01-06,support_ticket
U00652,2024-07-29,feature_use
U00652,2023-11-30,support_ticket
U00652,2024-07-01,login
U00652,2024-01-22,support_ticket
U00652,2024-04-12,support_ticket
U00652,2024-02-23,login
U00652,2023-11-25,support_ticket
U00652,2024-11-30,feature_use
U00653,2024-11-05,feature_use
U00653,2024-11-15,feature_use
U00653,2024-12-23,support_ticket
U00653,2024-11-16,login
U00653,2024-10-09,feature_use
U00653,2024-10-07,support_ticket
U00653,2024-12-01,login
U00653,2024-10-04,login
U00653,2024-10-19,support_ticket
U00653,2024-10-11,login
U00653,2024-12-23,login
U00653,2024-11-28,login
U00653,2024-11-17,support_ticket
U00653,2024-11-17,login
U00653,2024-12-26,support_ticket
U00653,2024-10-21,feature_use
U00653,2024-11-18,support_ticket
U00653,2024-11-28,login
U00653,2024-12-31,support_ticket
U00653,2024-10-23,login
U00653,2024-10-26,feature_use
U00653,2024-12-03,feature_use
U00653,2024-11-03,support_ticket
U00653,2024-10-27,support_ticket
U00653,2024-10-08,feature_use
U00654,2024-02-13,login
U00654,2023-04-17,support_ticket
U00654,2023-05-15,login
U00654,2024-09-17,login
U00654,2023-11-14,support_ticket
U00654,2024-06-23,feature_use
U00654,2024-02-18,support_ticket
U00654,2023-02-01,support_ticket
U00654,2024-04-05,login
U00654,2023-06-15,feature_use
U00654,2023-11-21,feature_use
U00654,2024-04-11,support_ticket
U00654,2024-08-15,support_ticket
U00654,2024-12-16,login
U00654,2024-11-19,feature_use
U00654,2024-06-18,feature_use
U00654,2024-09-28,feature_use
U00654,2024-10-15,feature_use
U00654,2023-04-12,feature_use
U00654,2024-03-25,login
U00654,2024-10-01,support_ticket
U00654,2023-02-01,support_ticket
U00654,2023-07-30,feature_use
U00654,2023-04-18,feature_use
U00654,2023-11-04,support_ticket
U00654,2024-11-11,support_ticket
U00654,2024-01-18,support_ticket
U00654,2024-08-03,login
U00654,2023-01-23,feature_use
U00654,2024-01-02,feature_use
U00654,2023-09-18,support_ticket
U00654,2023-10-14,feature_use
U00654,2024-03-29,support_ticket
U00654,2023-11-12,feature_use
U00654,2024-05-28,login
U00654,2024-12-14,login
U00654,2024-07-14,feature_use
U00654,2024-07-24,login
U00654,2023-12-08,login
U00654,2024-06-05,support_ticket
U00654,2023-02-08,support_ticket
U00654,2023-12-14,feature_use
U00654,2024-03-31,feature_use
U00654,2023-04-08,support_ticket
U00654,2023-07-23,feature_use
U00654,2024-07-17,feature_use
U00654,2024-04-13,feature_use
U00655,2024-11-18,support_ticket
U00655,2024-10-22,support_ticket
U00655,2024-05-20,feature_use
U00655,2024-06-08,login
U00655,2024-06-03,feature_use
U00655,2024-02-11,support_ticket
U00655,2024-08-13,support_ticket
U00655,2024-07-01,support_ticket
U00655,2024-05-08,support_ticket
U00655,2024-02-09,feature_use
U00656,2024-07-23,login
U00656,2024-04-25,login
U00656,2024-03-03,support_ticket
U00656,2024-11-27,support_ticket
U00656,2024-12-07,support_ticket
U00656,2024-08-26,feature_use
U00656,2024-08-28,support_ticket
U00656,2024-05-03,feature_use
U00656,2024-06-01,feature_use
U00656,2024-06-06,feature_use
U00656,2024-06-16,support_ticket
U00656,2024-09-03,support_ticket
U00656,2024-07-26,login
U00656,2024-04-06,login
U00656,2024-04-01,support_ticket
U00657,2024-03-07,login
U00657,2024-10-15,login
U00657,2024-05-05,feature_use
U00657,2023-09-22,login
U00657,2024-05-13,support_ticket
U00657,2023-09-13,login
U00657,2024-02-06,feature_use
U00657,2024-03-22,support_ticket
U00657,2024-01-16,feature_use
U00657,2024-03-26,login
U00657,2024-11-26,feature_use
U00657,2024-06-16,login
U00657,2023-12-07,feature_use
U00657,2024-03-14,feature_use
U00657,2024-04-02,feature_use
U00657,2024-04-12,feature_use
U00657,2024-08-31,support_ticket
U00657,2023-10-22,support_ticket
U00657,2024-09-03,login
U00657,2024-03-26,login
U00657,2023-11-24,login
U00657,2023-10-19,feature_use
U00657,2023-09-12,login
U00657,2024-08-27,support_ticket
U00657,2024-10-11,support_ticket
U00657,2024-03-15,support_ticket
U00657,2024-01-28,feature_use
U00658,2024-04-25,support_ticket
U00658,2024-07-30,support_ticket
U00658,2023-05-14,support_ticket
U00658,2024-09-30,support_ticket
U00658,2023-04-18,login
U00658,2024-01-07,login
U00658,2024-01-19,support_ticket
U00658,2024-11-09,login
U00658,2023-10-10,login
U00658,2024-03-19,login
U00658,2024-09-10,feature_use
U00658,2024-04-17,login
U00658,2023-06-14,login
U00658,2024-08-12,feature_use
U00658,2024-01-21,support_ticket
U00658,2023-03-04,login
U00658,2023-08-22,support_ticket
U00658,2024-02-13,feature_use
U00658,2023-09-17,support_ticket
U00658,2023-03-15,login
U00658,2023-04-04,login
U00658,2023-09-08,feature_use
U00658,2024-02-29,feature_use
U00658,2023-06-08,support_ticket
U00658,2023-06-06,feature_use
U00658,2024-09-26,login
U00658,2024-04-01,support_ticket
U00658,2023-06-04,support_ticket
U00658,2023-12-31,support_ticket
U00658,2024-10-05,support_ticket
U00658,2023-06-30,login
U00658,2024-04-17,support_ticket
U00658,2024-03-20,login
U00658,2024-03-02,feature_use
U00658,2023-07-05,support_ticket
U00658,2023-06-09,support_ticket
U00658,2024-10-31,login
U00658,2024-10-14,feature_use
U00658,2024-08-30,feature_use
U00658,2023-05-26,support_ticket
U00659,2024-10-17,feature_use
U00659,2021-07-10,feature_use
U00659,2021-02-18,support_ticket
U00659,2021-02-26,support_ticket
U00659,2022-11-02,support_ticket
U00659,2021-12-02,support_ticket
U00659,2022-03-27,support_ticket
U00659,2022-01-02,support_ticket
U00659,2023-02-21,login
U00659,2023-11-04,support_ticket
U00659,2021-08-29,support_ticket
U00659,2023-06-18,login
U00659,2021-12-14,support_ticket
U00659,2022-04-29,login
U00659,2021-11-17,login
U00659,2022-03-08,feature_use
U00659,2024-04-28,feature_use
U00659,2022-01-03,login
U00659,2021-04-30,support_ticket
U00659,2022-07-31,login
U00659,2024-10-28,login
U00659,2022-04-15,feature_use
U00659,2024-11-18,login
U00659,2023-09-25,feature_use
U00659,2023-02-16,support_ticket
U00659,2024-03-17,feature_use
U00659,2023-04-03,login
U00659,2023-08-11,feature_use
U00659,2024-02-15,login
U00659,2023-04-09,feature_use
U00659,2021-09-08,login
U00659,2024-12-18,login
U00660,2023-04-21,support_ticket
U00660,2023-01-10,support_ticket
U00660,2023-07-31,login
U00660,2024-01-09,support_ticket
U00660,2023-12-22,login
U00660,2024-02-20,feature_use
U00660,2024-04-23,support_ticket
U00660,2023-03-13,login
U00660,2023-03-30,login
U00660,2024-06-27,feature_use
U00660,2023-01-26,support_ticket
U00660,2023-02-10,support_ticket
U00660,2023-03-01,login
U00660,2024-10-21,support_ticket
U00660,2023-04-21,support_ticket
U00660,2024-12-04,support_ticket
U00660,2023-07-31,support_ticket
U00660,2024-08-28,support_ticket
U00660,2023-07-22,login
U00660,2023-02-06,login
U00660,2023-11-05,feature_use
U00660,2024-07-27,support_ticket
U00660,2024-05-11,feature_use
U00660,2024-07-24,support_ticket
U00660,2023-04-25,login
U00660,2024-02-20,login
U00660,2023-07-22,login
U00660,2023-09-25,support_ticket
U00660,2023-11-22,support_ticket
U00660,2024-02-21,support_ticket
U00660,2024-10-11,support_ticket
U00661,2024-12-05,support_ticket
U00661,2024-12-24,login
U00661,2024-12-24,login
U00661,2024-12-28,support_ticket
U00661,2024-12-06,feature_use
U00661,2024-11-27,login
U00661,2024-11-19,feature_use
U00661,2024-12-26,support_ticket
U00661,2024-09-13,feature_use
U00661,2024-10-22,login
U00661,2024-10-21,login
U00661,2024-09-18,login
U00661,2024-09-25,login
U00661,2024-12-23,login
U00661,2024-12-17,feature_use
U00661,2024-09-07,support_ticket
U00661,2024-09-22,feature_use
U00661,2024-12-16,feature_use
U00661,2024-12-15,login
U00661,2024-12-04,support_ticket
U00661,2024-12-14,login
U00661,2024-10-09,feature_use
U00661,2024-12-11,feature_use
U00661,2024-12-23,login
U00661,2024-12-28,support_ticket
U00661,2024-12-05,login
U00661,2024-12-04,support_ticket
U00661,2024-11-09,login
U00661,2024-10-09,login
U00661,2024-12-18,support_ticket
U00661,2024-12-23,login
U00661,2024-10-11,feature_use
U00661,2024-11-18,feature_use
U00661,2024-10-10,feature_use
U00661,2024-11-18,feature_use
U00661,2024-09-10,feature_use
U00661,2024-09-08,support_ticket
U00662,2024-12-08,feature_use
U00662,2024-04-08,login
U00662,2024-01-09,login
U00662,2024-10-20,feature_use
U00662,2023-08-07,feature_use
U00662,2023-12-24,feature_use
U00662,2024-07-12,support_ticket
U00662,2023-06-25,support_ticket
U00662,2024-08-06,support_ticket
U00662,2024-05-24,feature_use
U00662,2024-06-19,support_ticket
U00662,2022-12-23,feature_use
U00662,2023-08-03,login
U00662,2024-07-26,feature_use
U00662,2023-01-31,feature_use
U00662,2023-04-07,support_ticket
U00662,2024-08-06,support_ticket
U00662,2022-11-28,feature_use
U00662,2024-08-08,feature_use
U00662,2024-02-20,support_ticket
U00662,2024-02-08,feature_use
U00662,2023-05-14,feature_use
U00662,2023-05-26,support_ticket
U00662,2024-12-30,support_ticket
U00662,2024-05-11,feature_use
U00662,2024-02-20,feature_use
U00662,2024-12-21,feature_use
U00662,2024-07-23,login
U00662,2024-07-18,feature_use
U00662,2023-05-30,login
U00662,2023-02-18,feature_use
U00662,2023-08-31,feature_use
U00662,2023-04-03,support_ticket
U00662,2024-08-18,feature_use
U00662,2023-03-18,feature_use
U00662,2023-09-08,support_ticket
U00662,2024-11-10,feature_use
U00662,2024-04-26,feature_use
U00662,2024-06-30,login
U00662,2023-03-29,support_ticket
U00662,2023-12-13,login
U00662,2024-07-27,feature_use
U00662,2023-12-14,login
U00662,2023-03-15,feature_use
U00662,2023-12-13,login
U00662,2024-11-17,support_ticket
U00662,2023-12-25,feature_use
U00662,2022-11-20,login
U00663,2024-08-25,support_ticket
U00663,2023-05-02,feature_use
U00663,2024-02-05,support_ticket
U00663,2024-08-22,support_ticket
U00663,2024-11-13,feature_use
U00663,2024-04-30,support_ticket
U00663,2023-02-08,login
U00663,2024-02-01,feature_use
U00663,2024-01-14,login
U00663,2024-05-15,support_ticket
U00663,2024-05-08,support_ticket
U00663,2023-10-21,login
U00663,2023-06-02,login
U00663,2023-12-30,feature_use
U00663,2023-05-07,login
U00663,2023-03-21,support_ticket
U00663,2023-05-23,feature_use
U00663,2023-05-23,feature_use
U00663,2023-06-24,login
U00663,2023-12-06,login
U00663,2023-12-07,support_ticket
U00663,2024-01-26,login
U00663,2022-12-23,support_ticket
U00663,2023-11-16,support_ticket
U00664,2024-10-27,support_ticket
U00664,2024-11-16,login
U00664,2024-12-02,login
U00664,2024-09-05,feature_use
U00664,2024-08-23,feature_use
U00664,2024-09-16,login
U00664,2024-11-09,support_ticket
U00664,2024-10-06,feature_use
U00664,2024-09-28,login
U00664,2024-09-26,support_ticket
U00664,2024-09-08,support_ticket
U00664,2024-10-17,feature_use
U00664,2024-11-22,login
U00664,2024-11-01,support_ticket
U00664,2024-10-06,feature_use
U00664,2024-09-16,login
U00664,2024-09-16,login
U00664,2024-09-09,login
U00664,2024-08-30,login
U00664,2024-10-17,feature_use
U00664,2024-10-05,support_ticket
U00664,2024-09-05,feature_use
U00664,2024-08-28,feature_use
U00664,2024-08-16,support_ticket
U00664,2024-12-11,support_ticket
U00664,2024-10-04,feature_use
U00664,2024-09-28,support_ticket
U00664,2024-12-06,feature_use
U00664,2024-12-26,login
U00664,2024-10-25,login
U00664,2024-09-16,login
U00664,2024-09-07,feature_use
U00664,2024-12-22,login
U00664,2024-10-06,login
U00664,2024-10-03,feature_use
U00664,2024-12-31,support_ticket
U00664,2024-12-19,login
U00664,2024-12-15,login
U00665,2023-08-17,login
U00665,2024-09-24,support_ticket
U00665,2024-05-26,feature_use
U00665,2023-10-26,feature_use
U00665,2023-11-01,feature_use
U00665,2024-02-02,feature_use
U00665,2024-05-01,support_ticket
U00665,2024-08-30,feature_use
U00665,2024-09-28,login
U00665,2024-07-22,feature_use
U00665,2024-02-11,support_ticket
U00665,2024-04-08,feature_use
U00665,2024-12-19,feature_use
U00665,2024-09-10,feature_use
U00665,2024-10-26,login
U00665,2024-03-10,login
U00665,2024-09-05,support_ticket
U00665,2024-01-10,support_ticket
U00665,2024-05-03,support_ticket
U00665,2023-10-22,login
U00665,2024-08-27,feature_use
U00665,2024-10-04,support_ticket
U00665,2023-10-25,feature_use
U00665,2024-01-16,feature_use
U00665,2024-08-26,login
U00665,2023-10-14,support_ticket
U00665,2024-01-21,login
U00665,2024-01-24,login
U00665,2023-09-13,feature_use
U00665,2024-12-18,support_ticket
U00665,2024-07-22,support_ticket
U00665,2024-08-31,login
U00665,2024-05-19,login
U00665,2024-01-26,login
U00665,2024-12-26,login
U00665,2023-12-16,feature_use
U00665,2024-02-13,login
U00665,2024-05-19,support_ticket
U00665,2024-05-05,login
U00665,2024-04-27,feature_use
U00665,2023-10-30,login
U00665,2024-12-27,feature_use
U00665,2024-03-22,feature_use
U00665,2024-04-08,feature_use
U00665,2024-02-20,feature_use
U00665,2024-08-06,login
U00666,2022-09-29,support_ticket
U00666,2024-10-19,feature_use
U00666,2023-10-28,support_ticket
U00666,2024-10-30,feature_use
U00666,2022-06-19,support_ticket
U00666,2022-09-30,login
U00666,2024-09-02,feature_use
U00666,2023-03-10,login
U00666,2023-03-25,support_ticket
U00666,2024-03-17,support_ticket
U00666,2024-01-16,support_ticket
U00666,2023-02-01,login
U00666,2024-02-08,support_ticket
U00666,2022-10-15,feature_use
U00666,2022-09-28,login
U00666,2022-03-20,feature_use
U00666,2023-09-06,support_ticket
U00666,2022-06-26,feature_use
U00666,2023-07-02,login
U00666,2022-01-16,support_ticket
U00666,2022-09-15,login
U00666,2024-03-12,login
U00666,2023-07-31,feature_use
U00666,2024-01-07,login
U00666,2024-03-01,feature_use
U00666,2023-12-31,support_ticket
U00666,2024-08-10,feature_use
U00666,2023-07-18,login
U00666,2023-03-22,login
U00666,2024-09-15,login
U00666,2022-09-16,support_ticket
U00666,2024-01-21,login
U00666,2023-04-19,login
U00666,2023-07-29,support_ticket
U00666,2024-07-20,login
U00666,2024-06-12,support_ticket
U00666,2024-08-23,login
U00666,2022-07-16,login
U00666,2022-04-12,support_ticket
U00667,2024-05-31,login
U00667,2024-05-23,feature_use
U00667,2024-12-16,feature_use
U00667,2024-07-25,support_ticket
U00667,2024-09-22,support_ticket
U00667,2023-10-05,support_ticket
U00667,2024-12-26,login
U00667,2024-11-25,support_ticket
U00667,2024-09-12,login
U00667,2023-12-07,login
U00667,2024-08-05,support_ticket
U00667,2023-12-31,feature_use
U00667,2024-04-13,login
U00667,2024-11-05,feature_use
U00667,2024-03-07,support_ticket
U00667,2023-12-04,feature_use
U00667,2024-05-17,support_ticket
U00667,2023-09-11,login
U00668,2022-10-15,login
U00668,2023-01-25,login
U00668,2023-06-01,support_ticket
U00668,2023-12-07,feature_use
U00668,2022-05-11,feature_use
U00668,2022-03-17,feature_use
U00668,2024-08-27,login
U00668,2022-10-15,feature_use
U00668,2023-05-10,feature_use
U00668,2024-09-22,feature_use
U00668,2024-09-15,feature_use
U00668,2024-11-29,feature_use
U00668,2022-03-02,feature_use
U00668,2022-03-25,login
U00668,2024-05-21,feature_use
U00668,2024-06-07,feature_use
U00668,2024-05-20,login
U00668,2022-02-24,support_ticket
U00669,2023-05-09,support_ticket
U00669,2022-01-06,login
U00669,2024-04-25,login
U00669,2021-11-28,login
U00669,2024-11-06,support_ticket
U00669,2021-12-12,login
U00669,2024-06-28,login
U00669,2024-01-22,feature_use
U00669,2024-03-31,login
U00669,2023-12-06,support_ticket
U00669,2022-09-13,feature_use
U00669,2021-12-25,feature_use
U00669,2022-09-13,support_ticket
U00669,2022-06-11,support_ticket
U00669,2022-05-22,login
U00669,2021-04-18,feature_use
U00669,2023-04-03,support_ticket
U00669,2024-07-09,feature_use
U00669,2024-06-06,login
U00669,2024-12-12,login
U00669,2023-06-28,feature_use
U00669,2024-12-07,feature_use
U00669,2021-06-01,feature_use
U00669,2024-04-12,feature_use
U00669,2022-07-14,login
U00669,2022-04-03,login
U00669,2022-08-25,support_ticket
U00669,2022-09-19,login
U00669,2023-02-21,support_ticket
U00669,2022-10-15,support_ticket
U00669,2024-05-21,login
U00669,2021-11-12,support_ticket
U00669,2024-12-03,feature_use
U00670,2024-05-19,login
U00670,2024-02-08,feature_use
U00670,2024-02-22,login
U00670,2023-12-06,feature_use
U00670,2024-12-09,login
U00670,2024-07-18,support_ticket
U00670,2024-11-05,login
U00670,2024-07-21,support_ticket
U00670,2023-12-01,feature_use
U00670,2024-09-03,support_ticket
U00670,2024-11-27,login
U00670,2024-12-30,feature_use
U00670,2024-03-30,support_ticket
U00670,2024-08-18,login
U00670,2024-01-03,support_ticket
U00670,2024-06-19,support_ticket
U00670,2024-05-13,support_ticket
U00670,2024-05-19,feature_use
U00670,2024-12-03,support_ticket
U00670,2024-10-07,support_ticket
U00670,2024-05-30,support_ticket
U00670,2024-04-02,login
U00670,2023-12-29,support_ticket
U00670,2024-03-27,feature_use
U00670,2024-09-10,login
U00670,2024-01-14,login
U00670,2024-12-16,feature_use
U00670,2024-02-29,support_ticket
U00670,2024-06-10,feature_use
U00670,2024-09-12,feature_use
U00670,2024-02-20,feature_use
U00670,2024-06-13,feature_use
U00671,2024-05-20,feature_use
U00671,2024-04-27,feature_use
U00671,2024-03-02,support_ticket
U00671,2023-12-13,feature_use
U00671,2024-10-04,support_ticket
U00671,2024-04-01,login
U00671,2023-12-12,feature_use
U00671,2023-10-12,feature_use
U00671,2024-01-06,support_ticket
U00671,2023-10-04,support_ticket
U00671,2024-02-21,login
U00671,2024-09-27,support_ticket
U00671,2023-09-09,support_ticket
U00671,2024-07-27,support_ticket
U00671,2024-10-10,feature_use
U00671,2023-11-27,feature_use
U00671,2024-10-03,feature_use
U00671,2024-11-07,login
U00671,2023-12-04,login
U00671,2024-07-04,support_ticket
U00671,2023-09-03,support_ticket
U00671,2024-10-16,feature_use
U00671,2024-11-04,feature_use
U00671,2023-10-25,feature_use
U00671,2024-11-13,login
U00671,2023-09-13,login
U00671,2023-10-05,login
U00671,2023-12-20,support_ticket
U00671,2023-10-21,feature_use
U00671,2024-02-01,support_ticket
U00671,2023-08-28,feature_use
U00671,2024-01-19,login
U00672,2024-11-30,feature_use
U00672,2024-12-22,support_ticket
U00672,2024-09-26,login
U00672,2024-10-22,support_ticket
U00672,2024-08-20,login
U00672,2024-08-17,support_ticket
U00672,2024-12-29,feature_use
U00672,2024-09-10,feature_use
U00672,2024-10-20,feature_use
U00672,2024-08-21,feature_use
U00672,2024-09-08,feature_use
U00672,2024-12-18,login
U00672,2024-12-30,support_ticket
U00672,2024-08-23,feature_use
U00672,2024-12-11,support_ticket
U00672,2024-11-22,feature_use
U00672,2024-10-15,feature_use
U00673,2023-07-06,login
U00673,2024-08-22,support_ticket
U00673,2024-02-09,login
U00673,2023-02-17,login
U00673,2023-07-19,feature_use
U00673,2023-07-06,feature_use
U00673,2023-11-10,login
U00673,2024-11-22,login
U00673,2023-03-01,feature_use
U00673,2024-06-06,feature_use
U00673,2024-08-05,support_ticket
U00673,2024-03-26,login
U00673,2023-10-02,feature_use
U00673,2024-09-28,feature_use
U00673,2023-04-18,support_ticket
U00673,2024-10-24,feature_use
U00673,2024-01-07,support_ticket
U00673,2024-03-31,support_ticket
U00673,2023-07-21,login
U00673,2024-05-16,feature_use
U00673,2023-01-09,login
U00673,2023-04-30,support_ticket
U00673,2023-12-11,feature_use
U00673,2024-11-26,support_ticket
U00673,2023-04-10,feature_use
U00673,2024-11-24,feature_use
U00673,2023-07-31,support_ticket
U00673,2023-07-08,support_ticket
U00673,2024-02-29,login
U00673,2024-08-24,feature_use
U00673,2024-06-05,feature_use
U00673,2024-02-22,support_ticket
U00673,2024-07-20,support_ticket
U00674,2024-08-28,support_ticket
U00674,2024-05-27,feature_use
U00674,2024-12-22,login
U00674,2022-12-16,support_ticket
U00674,2023-10-28,support_ticket
U00674,2024-07-22,feature_use
U00674,2023-06-04,feature_use
U00674,2024-04-06,feature_use
U00674,2024-03-15,support_ticket
U00674,2023-09-07,login
U00674,2024-10-24,login
U00674,2024-01-05,feature_use
U00674,2023-08-16,feature_use
U00674,2023-01-02,login
U00674,2023-12-07,login
U00674,2023-04-13,feature_use
U00674,2023-12-21,feature_use
U00674,2024-09-14,feature_use
U00674,2023-11-05,support_ticket
U00674,2023-12-19,feature_use
U00674,2024-12-03,feature_use
U00674,2024-04-24,feature_use
U00674,2024-09-12,support_ticket
U00674,2023-12-12,feature_use
U00674,2024-08-05,feature_use
U00674,2024-06-30,support_ticket
U00674,2023-08-09,feature_use
U00674,2024-12-12,login
U00674,2023-11-03,feature_use
U00674,2024-08-15,support_ticket
U00674,2023-07-13,feature_use
U00674,2024-02-07,feature_use
U00674,2023-10-04,support_ticket
U00674,2022-12-17,support_ticket
U00674,2024-08-25,login
U00674,2023-07-28,login
U00674,2023-11-19,login
U00674,2024-02-07,feature_use
U00674,2023-05-03,support_ticket
U00675,2023-01-29,support_ticket
U00675,2023-10-30,support_ticket
U00675,2024-07-13,support_ticket
U00675,2024-03-06,feature_use
U00675,2023-09-13,support_ticket
U00675,2024-10-23,feature_use
U00675,2023-12-30,login
U00675,2023-09-23,feature_use
U00675,2024-01-16,feature_use
U00675,2024-08-13,login
U00675,2024-05-31,support_ticket
U00675,2023-01-31,feature_use
U00675,2023-09-16,support_ticket
U00675,2023-09-02,login
U00675,2024-07-23,feature_use
U00675,2024-03-11,support_ticket
U00675,2023-08-05,login
U00675,2024-10-06,login
U00675,2023-10-04,feature_use
U00675,2024-09-30,feature_use
U00675,2023-11-30,support_ticket
U00675,2024-07-14,login
U00675,2023-11-03,login
U00675,2024-05-24,login
U00675,2024-05-07,login
U00675,2023-03-21,feature_use
U00675,2023-04-23,feature_use
U00675,2023-01-25,support_ticket
U00675,2024-02-23,login
U00675,2023-07-23,support_ticket
U00675,2023-10-14,login
U00675,2023-12-11,login
U00675,2023-03-11,support_ticket
U00675,2023-06-17,feature_use
U00675,2024-01-28,support_ticket
U00675,2023-09-16,support_ticket
U00675,2024-04-30,support_ticket
U00675,2024-09-10,feature_use
U00675,2023-08-22,login
U00675,2023-11-18,feature_use
U00675,2024-05-16,feature_use
U00675,2024-11-17,feature_use
U00675,2023-10-23,support_ticket
U00675,2024-03-02,feature_use
U00675,2023-03-03,login
U00675,2023-09-04,login
U00676,2024-01-07,support_ticket
U00676,2024-10-17,feature_use
U00676,2023-10-12,feature_use
U00676,2023-11-17,login
U00676,2024-04-05,login
U00676,2023-08-13,login
U00676,2023-07-11,login
U00676,2024-11-01,feature_use
U00676,2023-08-04,feature_use
U00676,2024-12-17,login
U00676,2024-05-20,login
U00676,2024-07-25,feature_use
U00676,2024-12-01,feature_use
U00676,2024-10-04,feature_use
U00676,2024-10-12,login
U00676,2024-12-01,login
U00676,2024-02-16,login
U00676,2024-08-30,login
U00676,2024-03-15,feature_use
U00676,2024-01-26,feature_use
U00676,2024-09-19,support_ticket
U00676,2024-07-04,feature_use
U00676,2024-10-16,support_ticket
U00676,2024-01-21,feature_use
U00676,2023-07-13,feature_use
U00676,2023-12-24,feature_use
U00676,2023-07-22,login
U00676,2024-10-10,login
U00676,2024-08-06,support_ticket
U00676,2024-10-13,feature_use
U00676,2024-09-05,feature_use
U00676,2023-08-20,feature_use
U00676,2023-09-15,support_ticket
U00676,2024-12-25,support_ticket
U00676,2023-10-20,login
U00676,2023-12-23,login
U00677,2022-07-31,login
U00677,2022-08-30,login
U00677,2023-02-06,feature_use
U00677,2024-08-20,feature_use
U00677,2024-02-02,support_ticket
U00677,2024-12-19,feature_use
U00677,2022-08-15,support_ticket
U00677,2023-03-18,login
U00677,2024-11-03,feature_use
U00677,2024-11-08,feature_use
U00677,2022-02-05,feature_use
U00677,2024-11-17,login
U00677,2024-10-16,support_ticket
U00677,2022-06-02,login
U00677,2024-04-25,support_ticket
U00677,2024-02-01,login
U00677,2022-03-20,feature_use
U00677,2023-07-19,login
U00677,2024-10-29,login
U00677,2024-08-06,support_ticket
U00677,2023-03-13,support_ticket
U00677,2023-09-27,feature_use
U00677,2023-07-22,support_ticket
U00677,2023-02-23,login
U00677,2023-04-29,feature_use
U00677,2024-12-12,feature_use
U00677,2024-08-22,login
U00677,2024-06-22,feature_use
U00677,2023-08-24,support_ticket
U00677,2022-02-01,feature_use
U00678,2024-08-28,login
U00678,2024-06-17,login
U00678,2024-07-05,login
U00678,2024-08-25,login
U00678,2024-01-20,login
U00678,2024-06-03,support_ticket
U00678,2024-12-08,support_ticket
U00678,2024-02-18,support_ticket
U00678,2024-11-21,feature_use
U00678,2024-11-30,feature_use
U00678,2024-02-18,support_ticket
U00678,2023-11-27,feature_use
U00678,2024-06-24,support_ticket
U00678,2024-07-07,feature_use
U00678,2024-11-01,support_ticket
U00678,2024-06-29,feature_use
U00678,2024-02-26,feature_use
U00678,2023-11-06,support_ticket
U00678,2024-07-29,support_ticket
U00678,2024-08-04,feature_use
U00678,2024-10-30,support_ticket
U00679,2022-07-25,login
U00679,2023-01-07,support_ticket
U00679,2022-08-04,feature_use
U00679,2024-04-02,feature_use
U00679,2023-09-20,login
U00679,2024-11-12,support_ticket
U00679,2024-10-22,feature_use
U00679,2022-12-06,feature_use
U00679,2024-03-26,support_ticket
U00679,2024-09-07,login
U00679,2022-11-05,support_ticket
U00679,2023-07-06,login
U00679,2023-01-28,support_ticket
U00679,2022-08-08,login
U00679,2024-03-13,support_ticket
U00679,2024-05-05,support_ticket
U00679,2023-08-16,feature_use
U00679,2023-01-17,login
U00680,2023-11-05,login
U00680,2024-05-20,feature_use
U00680,2024-05-15,feature_use
U00680,2023-05-23,login
U00680,2023-06-19,feature_use
U00680,2023-09-17,feature_use
U00681,2024-12-10,login
U00681,2024-12-09,login
U00681,2024-11-08,feature_use
U00681,2024-07-10,login
U00681,2024-05-24,login
U00681,2024-06-24,support_ticket
U00681,2024-10-20,feature_use
U00681,2024-07-12,login
U00681,2024-10-07,feature_use
U00681,2024-05-19,login
U00681,2024-07-31,login
U00681,2024-07-08,login
U00681,2024-11-04,support_ticket
U00681,2024-06-22,support_ticket
U00681,2024-05-27,support_ticket
U00681,2024-12-22,feature_use
U00681,2024-09-27,login
U00681,2024-12-10,login
U00681,2024-08-03,support_ticket
U00681,2024-12-27,login
U00681,2024-12-04,support_ticket
U00681,2024-05-26,support_ticket
U00682,2022-10-21,feature_use
U00682,2023-06-25,support_ticket
U00682,2023-06-15,support_ticket
U00682,2023-11-27,login
U00682,2024-02-04,feature_use
U00682,2023-11-22,feature_use
U00682,2024-04-30,feature_use
U00682,2023-03-22,support_ticket
U00682,2024-12-02,support_ticket
U00682,2024-09-29,login
U00682,2023-05-29,support_ticket
U00682,2023-07-28,support_ticket
U00682,2024-07-21,feature_use
U00682,2023-04-24,support_ticket
U00682,2024-12-21,login
U00682,2023-09-12,login
U00682,2024-02-24,login
U00682,2024-01-04,login
U00682,2024-07-19,login
U00682,2024-10-16,support_ticket
U00683,2023-11-24,feature_use
U00683,2022-03-09,support_ticket
U00683,2023-06-10,login
U00683,2024-04-11,feature_use
U00683,2022-06-26,feature_use
U00683,2023-06-30,support_ticket
U00683,2024-01-25,support_ticket
U00683,2023-10-18,support_ticket
U00683,2024-05-25,support_ticket
U00683,2021-11-22,feature_use
U00683,2023-05-07,support_ticket
U00683,2021-09-05,login
U00683,2021-09-30,support_ticket
U00684,2024-04-08,feature_use
U00684,2024-09-12,support_ticket
U00684,2024-12-26,support_ticket
U00684,2023-07-31,feature_use
U00684,2023-05-24,support_ticket
U00684,2024-01-24,feature_use
U00684,2023-09-29,login
U00684,2024-07-20,feature_use
U00684,2022-09-13,support_ticket
U00684,2024-10-17,feature_use
U00684,2024-02-04,support_ticket
U00684,2023-06-13,support_ticket
U00685,2024-12-31,support_ticket
U00685,2024-12-21,feature_use
U00685,2024-11-23,login
U00685,2024-09-26,support_ticket
U00685,2024-06-22,support_ticket
U00685,2024-07-23,feature_use
U00685,2024-08-31,support_ticket
U00685,2024-08-01,login
U00685,2024-07-18,feature_use
U00685,2024-05-25,feature_use
U00685,2024-12-22,feature_use
U00685,2024-10-18,feature_use
U00686,2024-12-05,support_ticket
U00686,2024-12-27,login
U00686,2024-12-06,feature_use
U00686,2024-12-15,support_ticket
U00686,2024-11-17,login
U00686,2024-12-15,support_ticket
U00686,2024-11-21,support_ticket
U00686,2024-11-22,feature_use
U00686,2024-12-11,feature_use
U00686,2024-12-02,feature_use
U00686,2024-12-11,support_ticket
U00686,2024-12-14,feature_use
U00686,2024-11-30,feature_use
U00686,2024-12-19,login
U00686,2024-12-06,feature_use
U00686,2024-12-28,login
U00686,2024-11-21,login
U00686,2024-12-15,feature_use
U00686,2024-11-22,feature_use
U00686,2024-12-30,support_ticket
U00686,2024-11-28,feature_use
U00686,2024-12-21,feature_use
U00686,2024-12-22,login
U00686,2024-11-14,feature_use
U00686,2024-11-16,support_ticket
U00686,2024-12-01,feature_use
U00686,2024-12-06,support_ticket
U00687,2024-05-17,support_ticket
U00687,2024-09-03,feature_use
U00687,2024-04-01,support_ticket
U00687,2023-10-21,feature_use
U00687,2024-09-13,login
U00687,2024-01-23,support_ticket
U00687,2024-06-18,feature_use
U00687,2024-11-16,login
U00687,2023-12-09,feature_use
U00687,2024-07-11,support_ticket
U00687,2024-02-16,feature_use
U00687,2023-08-04,login
U00687,2024-10-08,feature_use
U00687,2024-10-04,feature_use
U00687,2023-07-26,feature_use
U00687,2024-05-08,login
U00687,2023-12-10,login
U00687,2024-11-18,login
U00687,2024-11-10,feature_use
U00687,2024-07-08,login
U00687,2023-09-07,feature_use
U00687,2024-07-15,login
U00687,2024-01-27,feature_use
U00688,2024-05-15,support_ticket
U00688,2023-02-12,login
U00688,2023-12-06,feature_use
U00688,2024-01-01,feature_use
U00688,2024-07-15,login
U00688,2023-10-16,feature_use
U00688,2023-12-23,support_ticket
U00688,2023-12-03,feature_use
U00688,2024-03-13,login
U00688,2023-04-28,feature_use
U00688,2024-07-17,support_ticket
U00689,2023-02-10,feature_use
U00689,2024-10-07,support_ticket
U00689,2023-11-24,support_ticket
U00689,2024-12-14,feature_use
U00689,2023-09-14,support_ticket
U00689,2022-09-10,support_ticket
U00689,2024-11-03,support_ticket
U00689,2023-07-16,login
U00689,2023-05-21,support_ticket
U00689,2024-03-02,login
U00689,2022-08-16,support_ticket
U00689,2023-09-17,support_ticket
U00689,2022-09-07,feature_use
U00689,2023-02-07,login
U00689,2023-11-14,login
U00689,2023-07-31,feature_use
U00689,2024-06-12,feature_use
U00689,2024-02-09,feature_use
U00690,2024-10-17,support_ticket
U00690,2024-12-19,feature_use
U00690,2024-12-19,login
U00690,2024-11-03,feature_use
U00690,2024-12-16,feature_use
U00690,2024-10-11,support_ticket
U00690,2024-11-06,login
U00690,2024-12-30,support_ticket
U00690,2024-11-28,login
U00690,2024-12-12,support_ticket
U00690,2024-12-11,support_ticket
U00690,2024-12-14,feature_use
U00690,2024-12-27,support_ticket
U00690,2024-10-09,login
U00690,2024-10-10,feature_use
U00691,2024-12-25,support_ticket
U00691,2024-02-25,support_ticket
U00691,2023-12-27,login
U00691,2024-01-11,feature_use
U00691,2024-02-29,login
U00691,2023-12-09,login
U00691,2024-06-11,feature_use
U00691,2023-12-11,login
U00691,2024-09-24,support_ticket
U00691,2024-02-22,support_ticket
U00691,2024-10-29,support_ticket
U00691,2024-03-17,support_ticket
U00691,2024-03-07,support_ticket
U00691,2024-06-25,login
U00691,2024-07-29,support_ticket
U00691,2023-12-08,login
U00691,2023-11-18,support_ticket
U00691,2024-10-24,login
U00691,2024-08-21,support_ticket
U00691,2024-10-07,feature_use
U00691,2024-08-08,login
U00691,2024-10-17,login
U00691,2024-08-29,support_ticket
U00691,2024-09-26,login
U00691,2024-08-13,feature_use
U00691,2024-04-10,feature_use
U00691,2024-08-09,login
U00691,2024-12-06,feature_use
U00692,2024-03-23,feature_use
U00692,2023-03-12,support_ticket
U00692,2023-05-02,login
U00692,2021-11-05,support_ticket
U00692,2023-02-08,feature_use
U00692,2024-09-03,support_ticket
U00692,2022-04-27,login
U00692,2023-06-14,login
U00692,2024-01-26,feature_use
U00692,2023-06-10,feature_use
U00692,2023-05-12,login
U00692,2024-02-12,feature_use
U00692,2023-05-05,login
U00692,2023-03-31,feature_use
U00692,2024-12-07,login
U00692,2022-09-25,feature_use
U00692,2024-03-27,feature_use
U00692,2023-02-22,feature_use
U00692,2023-08-21,support_ticket
U00692,2022-04-28,support_ticket
U00692,2024-11-18,feature_use
U00692,2024-04-15,feature_use
U00692,2023-05-01,support_ticket
U00692,2024-12-23,login
U00692,2023-07-19,feature_use
U00692,2024-10-02,feature_use
U00692,2022-04-18,feature_use
U00692,2023-03-30,feature_use
U00692,2023-01-07,support_ticket
U00692,2023-09-05,login
U00692,2022-04-26,feature_use
U00692,2023-08-27,feature_use
U00692,2024-01-24,feature_use
U00693,2023-11-11,login
U00693,2024-03-28,login
U00693,2023-11-20,support_ticket
U00693,2024-07-08,support_ticket
U00693,2023-06-28,support_ticket
U00693,2024-07-05,feature_use
U00693,2024-07-18,feature_use
U00693,2024-08-18,support_ticket
U00693,2024-11-29,login
U00693,2023-10-19,support_ticket
U00693,2024-12-18,login
U00693,2023-11-06,support_ticket
U00693,2023-11-13,login
U00693,2023-11-03,feature_use
U00693,2024-07-13,support_ticket
U00693,2024-10-31,login
U00693,2023-12-24,login
U00693,2024-02-03,feature_use
U00693,2024-01-15,login
U00693,2024-10-26,support_ticket
U00693,2024-03-19,login
U00693,2024-07-17,support_ticket
U00693,2023-08-21,login
U00693,2024-11-25,feature_use
U00693,2024-11-01,feature_use
U00693,2024-12-01,feature_use
U00693,2024-11-05,support_ticket
U00693,2024-02-22,login
U00693,2024-03-14,feature_use
U00693,2024-05-17,support_ticket
U00693,2024-07-15,support_ticket
U00693,2024-05-15,support_ticket
U00693,2024-09-19,support_ticket
U00693,2024-07-29,support_ticket
U00693,2024-07-01,feature_use
U00693,2024-11-12,feature_use
U00693,2023-06-19,login
U00693,2024-06-12,feature_use
U00693,2023-08-24,support_ticket
U00693,2023-10-29,feature_use
U00693,2024-10-19,support_ticket
U00693,2024-08-24,feature_use
U00693,2024-03-04,support_ticket
U00693,2024-03-13,login
U00693,2024-08-14,login
U00693,2023-12-03,feature_use
U00694,2023-06-09,feature_use
U00694,2021-12-23,feature_use
U00694,2023-10-24,feature_use
U00694,2022-06-17,feature_use
U00694,2022-10-18,login
U00694,2021-08-12,login
U00694,2023-01-05,login
U00695,2024-12-22,support_ticket
U00695,2024-04-06,feature_use
U00695,2023-10-04,feature_use
U00695,2023-05-03,feature_use
U00695,2023-06-10,login
U00695,2023-10-03,feature_use
U00695,2023-04-15,support_ticket
U00695,2024-08-31,login
U00695,2024-08-28,support_ticket
U00695,2024-01-11,support_ticket
U00696,2024-03-18,feature_use
U00696,2024-10-02,feature_use
U00696,2024-04-27,login
U00696,2024-06-29,feature_use
U00696,2024-12-12,feature_use
U00696,2024-04-01,support_ticket
U00696,2024-04-20,support_ticket
U00696,2024-07-19,login
U00696,2024-06-10,login
U00696,2024-12-20,support_ticket
U00696,2024-11-05,feature_use
U00696,2024-10-03,support_ticket
U00696,2024-06-19,login
U00696,2024-11-12,support_ticket
U00696,2024-03-31,feature_use
U00696,2024-05-11,login
U00696,2024-06-19,support_ticket
U00696,2024-04-25,login
U00696,2024-09-28,login
U00696,2024-11-20,support_ticket
U00696,2024-04-15,support_ticket
U00696,2024-11-13,login
U00696,2024-03-26,feature_use
U00696,2024-05-23,login
U00696,2024-04-17,support_ticket
U00696,2024-07-21,feature_use
U00696,2024-10-28,support_ticket
U00696,2024-08-05,support_ticket
U00696,2024-10-01,feature_use
U00696,2024-03-17,feature_use
U00696,2024-05-13,feature_use
U00696,2024-03-16,support_ticket
U00696,2024-06-07,feature_use
U00696,2024-10-12,login
U00696,2024-05-03,feature_use
U00696,2024-06-25,feature_use
U00696,2024-11-19,login
U00696,2024-03-29,feature_use
U00696,2024-03-10,support_ticket
U00696,2024-11-09,feature_use
U00696,2024-09-10,login
U00696,2024-06-28,login
U00696,2024-10-12,login
U00696,2024-03-12,support_ticket
U00696,2024-05-24,login
U00696,2024-05-01,feature_use
U00696,2024-12-13,support_ticket
U00697,2023-06-22,feature_use
U00697,2022-12-27,feature_use
U00697,2022-06-24,feature_use
U00697,2024-05-14,login
U00697,2022-09-24,login
U00697,2023-06-14,login
U00697,2022-04-29,support_ticket
U00697,2022-07-27,feature_use
U00697,2023-06-11,login
U00697,2022-05-08,login
U00697,2024-03-07,feature_use
U00697,2024-03-02,feature_use
U00697,2024-02-04,login
U00697,2022-11-05,login
U00697,2022-12-28,feature_use
U00697,2022-05-07,feature_use
U00697,2023-11-09,feature_use
U00697,2024-09-20,login
U00697,2024-03-17,login
U00697,2023-04-08,feature_use
U00697,2023-09-09,feature_use
U00697,2023-10-04,login
U00697,2024-03-22,feature_use
U00697,2022-08-22,login
U00697,2023-03-21,feature_use
U00697,2024-07-06,support_ticket
U00697,2022-03-08,login
U00697,2024-05-30,support_ticket
U00697,2023-08-16,login
U00697,2021-11-26,login
U00697,2023-11-10,support_ticket
U00697,2024-04-23,support_ticket
U00697,2024-08-05,login
U00697,2024-04-01,support_ticket
U00698,2023-12-24,feature_use
U00698,2023-04-19,login
U00698,2023-08-02,login
U00698,2024-07-20,login
U00698,2024-02-28,feature_use
U00699,2024-07-02,login
U00699,2024-07-22,feature_use
U00699,2024-06-25,support_ticket
U00699,2024-07-16,support_ticket
U00699,2024-07-17,login
U00699,2024-09-26,feature_use
U00699,2024-12-17,feature_use
U00699,2024-08-31,login
U00699,2024-10-21,feature_use
U00699,2024-11-18,login
U00699,2024-11-02,support_ticket
U00699,2024-08-19,login
U00699,2024-06-03,login
U00699,2024-12-16,login
U00699,2024-04-06,login
U00699,2024-08-06,login
U00699,2024-10-09,support_ticket
U00699,2024-08-03,feature_use
U00699,2024-12-16,feature_use
U00699,2024-09-06,support_ticket
U00699,2024-05-16,support_ticket
U00699,2024-04-02,login
U00699,2024-04-07,feature_use
U00699,2024-04-25,support_ticket
U00699,2024-04-23,feature_use
U00699,2024-08-24,support_ticket
U00699,2024-12-04,login
U00699,2024-08-29,login
U00699,2024-04-15,support_ticket
U00699,2024-07-12,login
U00699,2024-08-13,feature_use
U00699,2024-09-23,support_ticket
U00699,2024-07-25,login
U00699,2024-10-20,login
U00699,2024-07-20,login
U00699,2024-08-29,feature_use
U00699,2024-09-25,support_ticket
U00699,2024-08-22,login
U00699,2024-11-14,support_ticket
U00699,2024-04-17,login
U00699,2024-12-22,feature_use
U00699,2024-05-21,feature_use
U00699,2024-08-02,login
U00699,2024-11-06,feature_use
U00699,2024-04-06,support_ticket
U00699,2024-06-04,login
U00699,2024-11-12,login
U00699,2024-08-06,feature_use
U00699,2024-04-21,login
U00700,2024-01-06,support_ticket
U00700,2024-10-20,login
U00700,2024-08-09,support_ticket
U00700,2023-09-08,login
U00700,2024-10-25,support_ticket
U00700,2024-05-17,login
U00700,2024-04-25,support_ticket
U00700,2024-07-27,feature_use
U00700,2024-02-15,support_ticket
U00700,2023-05-13,feature_use
U00700,2024-02-13,support_ticket
U00700,2024-04-21,feature_use
U00700,2023-02-28,feature_use
U00700,2024-10-01,login
U00700,2024-06-10,support_ticket
U00700,2023-09-21,support_ticket
U00701,2024-10-23,login
U00701,2024-09-09,login
U00701,2024-11-19,support_ticket
U00701,2024-11-23,support_ticket
U00701,2024-09-13,feature_use
U00701,2024-10-10,login
U00701,2024-09-10,feature_use
U00701,2024-10-16,feature_use
U00701,2024-11-04,support_ticket
U00701,2024-12-28,login
U00701,2024-10-27,support_ticket
U00701,2024-11-07,login
U00701,2024-11-29,feature_use
U00701,2024-11-06,feature_use
U00701,2024-09-30,support_ticket
U00701,2024-11-16,support_ticket
U00701,2024-10-13,feature_use
U00701,2024-12-20,login
U00701,2024-12-28,feature_use
U00701,2024-11-25,login
U00701,2024-10-28,feature_use
U00701,2024-10-08,login
U00701,2024-12-21,support_ticket
U00701,2024-11-13,feature_use
U00701,2024-09-29,support_ticket
U00701,2024-10-08,feature_use
U00701,2024-09-20,support_ticket
U00701,2024-10-02,feature_use
U00701,2024-08-29,login
U00701,2024-11-29,support_ticket
U00701,2024-09-08,login
U00701,2024-12-12,support_ticket
U00701,2024-08-28,support_ticket
U00701,2024-09-22,login
U00701,2024-10-18,feature_use
U00701,2024-08-23,support_ticket
U00701,2024-09-09,support_ticket
U00701,2024-11-02,support_ticket
U00701,2024-08-23,support_ticket
U00701,2024-09-09,support_ticket
U00701,2024-12-20,login
U00702,2022-09-27,login
U00702,2024-06-09,support_ticket
U00702,2023-11-30,support_ticket
U00702,2022-07-31,support_ticket
U00702,2021-10-09,feature_use
U00702,2024-07-28,feature_use
U00702,2024-03-30,feature_use
U00702,2024-06-01,login
U00703,2023-08-08,support_ticket
U00703,2024-08-24,login
U00703,2024-03-16,support_ticket
U00703,2022-10-09,login
U00703,2022-08-20,support_ticket
U00703,2023-12-05,feature_use
U00703,2024-04-17,feature_use
U00703,2024-06-23,login
U00703,2024-10-18,feature_use
U00703,2023-03-07,support_ticket
U00704,2024-11-01,feature_use
U00704,2024-04-06,support_ticket
U00704,2024-09-30,support_ticket
U00704,2023-06-26,support_ticket
U00704,2023-08-22,login
U00704,2023-04-10,feature_use
U00704,2023-07-05,login
U00704,2024-03-15,feature_use
U00704,2023-11-04,support_ticket
U00704,2024-10-06,support_ticket
U00704,2024-06-16,feature_use
U00704,2024-08-28,support_ticket
U00704,2024-11-17,login
U00704,2024-02-27,login
U00704,2023-04-22,feature_use
U00704,2024-03-03,login
U00704,2024-05-11,feature_use
U00704,2023-12-01,support_ticket
U00704,2024-08-22,feature_use
U00704,2024-12-17,feature_use
U00704,2023-09-13,feature_use
U00704,2024-09-08,login
U00704,2024-09-18,login
U00704,2023-06-27,feature_use
U00704,2024-07-24,feature_use
U00705,2023-09-24,feature_use
U00705,2023-11-14,feature_use
U00705,2024-03-03,login
U00705,2023-07-08,support_ticket
U00705,2024-03-19,support_ticket
U00705,2024-05-15,feature_use
U00705,2024-04-21,support_ticket
U00705,2023-05-01,login
U00705,2023-12-22,login
U00705,2023-07-07,feature_use
U00705,2024-02-29,support_ticket
U00705,2024-02-15,feature_use
U00705,2024-07-29,login
U00705,2022-12-19,feature_use
U00705,2022-11-16,login
U00705,2024-10-30,login
U00705,2024-03-08,login
U00705,2022-08-23,support_ticket
U00705,2023-07-15,feature_use
U00705,2023-08-31,support_ticket
U00705,2024-02-02,login
U00705,2022-11-20,feature_use
U00705,2024-09-27,feature_use
U00705,2022-10-13,support_ticket
U00705,2022-09-20,support_ticket
U00705,2023-08-25,support_ticket
U00705,2024-01-31,login
U00705,2023-01-22,feature_use
U00705,2023-02-20,support_ticket
U00705,2022-07-29,login
U00705,2024-03-24,login
U00705,2023-02-27,support_ticket
U00705,2023-10-23,support_ticket
U00705,2023-01-28,login
U00705,2023-05-15,support_ticket
U00705,2023-07-28,support_ticket
U00705,2022-11-03,support_ticket
U00706,2024-07-19,login
U00706,2024-02-29,feature_use
U00706,2024-06-06,login
U00706,2024-09-08,support_ticket
U00706,2023-12-25,login
U00706,2023-11-19,support_ticket
U00706,2024-04-11,support_ticket
U00706,2024-11-16,feature_use
U00706,2024-11-05,support_ticket
U00706,2023-11-06,login
U00706,2024-01-09,support_ticket
U00706,2023-12-11,feature_use
U00706,2024-01-20,feature_use
U00706,2024-07-14,login
U00706,2024-10-07,login
U00706,2023-12-19,login
U00706,2023-11-20,support_ticket
U00706,2024-02-14,login
U00706,2024-09-26,support_ticket
U00706,2024-10-16,support_ticket
U00706,2024-09-16,feature_use
U00706,2023-07-11,login
U00706,2024-04-11,support_ticket
U00706,2024-09-24,feature_use
U00706,2023-08-28,feature_use
U00706,2024-05-31,feature_use
U00706,2024-11-20,support_ticket
U00706,2024-11-08,support_ticket
U00706,2023-09-21,feature_use
U00706,2024-05-05,login
U00706,2023-09-16,login
U00706,2024-05-06,login
U00706,2024-05-07,support_ticket
U00706,2024-05-24,login
U00706,2024-06-25,login
U00707,2024-07-20,login
U00707,2022-10-17,support_ticket
U00707,2023-07-12,feature_use
U00707,2023-08-03,login
U00707,2024-03-31,login
U00707,2023-11-21,login
U00707,2022-09-28,support_ticket
U00707,2023-05-13,support_ticket
U00707,2022-09-12,support_ticket
U00707,2024-10-22,login
U00707,2023-09-01,support_ticket
U00707,2024-07-26,feature_use
U00707,2023-11-12,support_ticket
U00707,2023-08-03,feature_use
U00707,2023-02-14,support_ticket
U00707,2023-04-27,login
U00707,2023-02-28,support_ticket
U00707,2022-11-18,feature_use
U00707,2024-02-07,feature_use
U00707,2024-12-01,feature_use
U00707,2022-08-12,support_ticket
U00707,2024-02-08,feature_use
U00707,2023-07-06,login
U00707,2023-09-21,support_ticket
U00707,2024-09-23,feature_use
U00707,2023-03-29,support_ticket
U00707,2024-05-27,feature_use
U00707,2023-05-07,login
U00707,2022-10-08,support_ticket
U00707,2022-10-16,login
U00707,2023-06-11,login
U00707,2023-12-19,support_ticket
U00707,2024-04-06,feature_use
U00707,2023-05-01,support_ticket
U00707,2023-02-21,feature_use
U00707,2023-05-20,support_ticket
U00707,2023-01-08,login
U00708,2022-04-15,support_ticket
U00708,2022-02-01,support_ticket
U00708,2024-09-30,support_ticket
U00708,2024-01-08,support_ticket
U00708,2022-04-29,login
U00709,2024-03-22,feature_use
U00709,2024-10-16,feature_use
U00709,2024-02-15,support_ticket
U00709,2024-05-24,support_ticket
U00709,2023-10-02,login
U00709,2023-10-14,feature_use
U00709,2024-12-07,login
U00709,2024-01-24,feature_use
U00709,2024-10-26,feature_use
U00709,2024-08-23,login
U00709,2023-10-17,feature_use
U00709,2024-05-03,support_ticket
U00709,2023-12-27,feature_use
U00709,2024-01-22,feature_use
U00710,2024-05-27,feature_use
U00710,2024-08-30,login
U00710,2023-07-04,login
U00710,2023-11-04,login
U00710,2024-06-14,support_ticket
U00710,2024-03-13,feature_use
U00710,2023-12-21,login
U00710,2024-03-12,support_ticket
U00710,2024-04-17,login
U00710,2024-11-13,login
U00710,2024-09-28,login
U00710,2024-04-28,login
U00710,2024-04-08,feature_use
U00710,2024-07-27,login
U00710,2024-06-13,feature_use
U00710,2024-10-26,support_ticket
U00710,2023-08-20,support_ticket
U00710,2023-08-21,feature_use
U00710,2023-08-21,login
U00710,2024-12-20,login
U00710,2023-08-22,feature_use
U00710,2024-07-01,login
U00710,2024-08-04,login
U00710,2024-06-10,login
U00710,2023-09-15,feature_use
U00710,2023-09-26,support_ticket
U00711,2022-10-17,login
U00711,2023-04-04,feature_use
U00711,2024-07-26,login
U00711,2024-02-28,feature_use
U00711,2023-11-29,login
U00711,2023-11-13,support_ticket
U00711,2022-11-28,support_ticket
U00711,2023-09-27,feature_use
U00711,2023-07-03,support_ticket
U00711,2023-01-12,support_ticket
U00711,2024-11-04,feature_use
U00711,2023-07-20,login
U00711,2023-05-01,login
U00711,2024-09-06,login
U00711,2024-01-05,feature_use
U00711,2023-10-20,support_ticket
U00712,2022-02-24,support_ticket
U00712,2023-04-10,support_ticket
U00712,2021-09-27,feature_use
U00712,2023-10-12,support_ticket
U00712,2023-02-26,support_ticket
U00713,2023-11-10,support_ticket
U00713,2024-05-06,login
U00713,2024-06-30,feature_use
U00713,2024-08-31,feature_use
U00713,2024-03-01,login
U00713,2024-03-19,login
U00713,2024-08-07,feature_use
U00713,2023-02-15,support_ticket
U00713,2024-11-17,feature_use
U00713,2024-04-15,login
U00713,2023-02-08,login
U00713,2024-11-28,support_ticket
U00714,2024-12-28,support_ticket
U00714,2024-12-30,login
U00714,2024-12-30,support_ticket
U00714,2024-12-28,feature_use
U00714,2024-12-28,feature_use
U00714,2024-12-28,login
U00714,2024-12-29,support_ticket
U00714,2024-12-30,support_ticket
U00714,2024-12-31,support_ticket
U00714,2024-12-29,support_ticket
U00714,2024-12-28,feature_use
U00714,2024-12-29,feature_use
U00715,2024-01-25,login
U00715,2024-01-08,login
U00715,2024-11-05,login
U00715,2024-01-02,feature_use
U00715,2024-04-10,login
U00715,2024-01-24,login
U00715,2024-09-20,support_ticket
U00715,2024-10-04,feature_use
U00715,2024-11-01,feature_use
U00715,2024-06-18,support_ticket
U00715,2024-07-22,support_ticket
U00715,2024-07-31,feature_use
U00715,2024-06-01,feature_use
U00715,2024-09-22,feature_use
U00715,2024-08-12,login
U00715,2024-10-26,support_ticket
U00715,2024-01-22,feature_use
U00715,2024-02-11,support_ticket
U00715,2024-01-10,login
U00715,2024-10-11,feature_use
U00715,2024-06-29,support_ticket
U00715,2024-04-23,support_ticket
U00715,2023-12-30,feature_use
U00715,2024-04-15,feature_use
U00715,2024-10-28,support_ticket
U00716,2022-10-27,feature_use
U00716,2023-03-14,login
U00716,2022-10-06,support_ticket
U00716,2022-04-09,login
U00716,2022-09-05,login
U00716,2022-06-22,support_ticket
U00716,2023-11-22,login
U00716,2023-05-07,login
U00716,2024-02-21,feature_use
U00716,2023-01-31,login
U00716,2023-10-02,login
U00716,2023-07-14,support_ticket
U00716,2022-03-13,support_ticket
U00716,2022-10-30,login
U00716,2023-07-16,feature_use
U00716,2023-02-07,feature_use
U00716,2024-10-19,login
U00716,2023-06-28,login
U00716,2022-03-08,login
U00716,2023-11-19,login
U00716,2023-07-19,login
U00716,2023-06-26,support_ticket
U00716,2024-07-03,feature_use
U00716,2022-05-07,feature_use
U00716,2024-10-13,feature_use
U00716,2022-04-17,feature_use
U00716,2022-11-18,support_ticket
U00716,2023-03-28,support_ticket
U00716,2024-11-22,support_ticket
U00716,2024-07-08,support_ticket
U00716,2024-05-05,feature_use
U00716,2023-10-28,login
U00716,2024-12-04,feature_use
U00716,2022-11-17,login
U00716,2022-05-08,feature_use
U00716,2024-01-09,login
U00716,2023-10-07,support_ticket
U00716,2022-06-02,login
U00716,2023-06-24,login
U00716,2022-04-30,feature_use
U00716,2022-07-15,login
U00717,2024-09-17,support_ticket
U00717,2024-10-08,feature_use
U00717,2023-12-22,feature_use
U00717,2024-11-20,feature_use
U00717,2024-11-23,login
U00717,2024-04-02,feature_use
U00717,2024-01-10,feature_use
U00717,2024-04-03,feature_use
U00717,2023-11-11,feature_use
U00717,2024-10-24,support_ticket
U00717,2024-07-07,support_ticket
U00717,2024-09-16,login
U00717,2024-08-07,login
U00717,2024-06-13,feature_use
U00717,2024-10-28,support_ticket
U00717,2024-10-28,support_ticket
U00717,2024-10-08,login
U00717,2024-08-01,support_ticket
U00717,2024-03-20,support_ticket
U00717,2024-01-11,login
U00717,2024-07-19,support_ticket
U00717,2023-11-30,support_ticket
U00717,2024-01-03,support_ticket
U00717,2024-07-30,login
U00717,2024-04-21,support_ticket
U00717,2024-01-15,support_ticket
U00717,2024-08-24,login
U00717,2024-11-09,feature_use
U00717,2024-07-16,support_ticket
U00717,2024-05-14,support_ticket
U00717,2023-10-19,feature_use
U00717,2024-10-20,login
U00717,2024-02-26,login
U00717,2024-09-06,login
U00717,2024-04-06,feature_use
U00717,2024-11-07,support_ticket
U00717,2024-02-04,login
U00717,2024-07-01,support_ticket
U00717,2024-08-12,feature_use
U00717,2024-07-31,login
U00717,2023-11-14,login
U00717,2024-10-14,feature_use
U00717,2024-09-22,support_ticket
U00717,2024-08-07,login
U00717,2024-09-18,login
U00717,2024-09-06,login
U00717,2024-03-20,login
U00717,2024-03-16,support_ticket
U00717,2024-06-04,support_ticket
U00718,2024-08-04,login
U00718,2024-10-06,support_ticket
U00718,2024-02-10,feature_use
U00718,2024-10-11,feature_use
U00718,2024-02-12,support_ticket
U00718,2024-11-20,support_ticket
U00718,2024-07-10,support_ticket
U00718,2024-07-02,support_ticket
U00719,2024-06-23,support_ticket
U00719,2024-09-24,feature_use
U00719,2023-11-25,feature_use
U00719,2024-04-05,feature_use
U00719,2024-04-30,feature_use
U00719,2024-08-10,feature_use
U00719,2023-10-19,login
U00719,2023-12-15,support_ticket
U00719,2024-12-06,login
U00719,2024-10-04,feature_use
U00719,2024-11-24,support_ticket
U00719,2024-02-15,login
U00719,2024-06-23,feature_use
U00719,2024-05-24,feature_use
U00719,2024-08-28,feature_use
U00719,2024-01-05,support_ticket
U00719,2023-11-11,login
U00719,2024-11-18,feature_use
U00719,2024-06-09,feature_use
U00719,2024-02-04,login
U00719,2023-11-24,login
U00719,2024-08-12,login
U00719,2024-08-30,feature_use
U00719,2024-06-24,login
U00719,2024-02-11,feature_use
U00719,2023-10-04,support_ticket
U00719,2024-03-14,login
U00719,2024-07-18,support_ticket
U00719,2024-02-13,login
U00719,2024-11-29,support_ticket
U00719,2024-08-10,login
U00719,2023-08-29,support_ticket
U00719,2024-03-13,feature_use
U00719,2024-01-21,feature_use
U00719,2023-10-09,support_ticket
U00719,2023-12-11,feature_use
U00719,2023-12-11,feature_use
U00719,2024-09-06,feature_use
U00719,2024-08-25,support_ticket
U00719,2023-08-21,feature_use
U00719,2024-08-25,login
U00720,2024-06-23,feature_use
U00720,2024-08-06,feature_use
U00720,2024-07-13,login
U00720,2024-08-06,feature_use
U00720,2024-07-11,feature_use
U00720,2024-12-03,feature_use
U00720,2024-10-13,feature_use
U00720,2024-06-17,support_ticket
U00720,2024-07-27,support_ticket
U00720,2024-07-21,login
U00720,2024-11-16,support_ticket
U00720,2024-07-05,login
U00720,2024-10-17,login
U00720,2024-09-27,login
U00720,2024-12-26,support_ticket
U00720,2024-11-13,support_ticket
U00720,2024-12-09,support_ticket
U00720,2024-12-16,login
U00720,2024-09-05,feature_use
U00720,2024-11-26,feature_use
U00720,2024-12-13,support_ticket
U00721,2023-02-15,login
U00721,2022-12-07,login
U00721,2023-12-21,support_ticket
U00721,2023-08-16,support_ticket
U00721,2023-12-03,login
U00721,2024-11-09,feature_use
U00721,2023-05-06,login
U00721,2022-12-24,feature_use
U00721,2024-06-07,login
U00721,2023-05-28,login
U00721,2022-10-12,support_ticket
U00721,2024-02-23,feature_use
U00721,2023-03-10,login
U00721,2022-11-20,feature_use
U00721,2024-10-14,feature_use
U00721,2024-12-04,support_ticket
U00721,2023-06-18,support_ticket
U00721,2022-10-22,login
U00721,2023-05-24,support_ticket
U00721,2023-01-01,support_ticket
U00721,2024-12-24,login
U00721,2023-06-02,support_ticket
U00721,2023-11-27,feature_use
U00721,2024-04-08,feature_use
U00721,2024-09-27,login
U00722,2023-09-27,login
U00722,2023-11-13,login
U00722,2024-05-21,login
U00722,2024-02-10,login
U00722,2024-09-03,feature_use
U00722,2023-09-20,support_ticket
U00722,2023-10-22,feature_use
U00722,2023-10-01,login
U00722,2024-05-30,feature_use
U00722,2024-04-11,login
U00722,2024-04-12,support_ticket
U00722,2024-06-15,feature_use
U00722,2024-06-06,feature_use
U00722,2024-08-01,support_ticket
U00722,2023-12-15,login
U00722,2024-09-30,login
U00722,2024-01-30,support_ticket
U00722,2024-07-14,support_ticket
U00722,2024-05-09,login
U00722,2023-12-24,support_ticket
U00722,2023-11-12,login
U00722,2024-01-29,login
U00722,2024-08-02,feature_use
U00722,2024-08-13,feature_use
U00722,2024-01-16,login
U00722,2024-09-12,login
U00722,2024-02-12,feature_use
U00722,2023-11-13,login
U00722,2023-09-30,feature_use
U00722,2024-03-10,login
U00722,2024-11-26,login
U00722,2024-10-24,login
U00722,2024-02-05,feature_use
U00722,2023-09-08,login
U00722,2023-09-14,support_ticket
U00722,2024-02-04,login
U00722,2023-12-19,login
U00722,2024-01-06,feature_use
U00722,2024-03-13,feature_use
U00722,2024-09-23,feature_use
U00722,2024-06-26,feature_use
U00722,2023-11-15,login
U00722,2024-09-11,feature_use
U00722,2024-10-01,login
U00722,2024-08-23,support_ticket
U00722,2023-11-12,support_ticket
U00722,2024-01-04,support_ticket
U00722,2024-03-08,feature_use
U00723,2024-08-06,login
U00723,2023-07-15,feature_use
U00723,2024-05-09,login
U00723,2024-10-05,support_ticket
U00723,2024-11-11,support_ticket
U00723,2024-11-06,feature_use
U00723,2024-11-06,feature_use
U00723,2024-09-02,feature_use
U00723,2024-08-18,support_ticket
U00723,2024-07-10,feature_use
U00723,2023-06-23,login
U00723,2024-09-12,feature_use
U00723,2024-08-06,support_ticket
U00723,2023-07-06,login
U00723,2023-11-23,support_ticket
U00723,2024-10-19,login
U00723,2024-10-15,support_ticket
U00723,2023-12-03,support_ticket
U00723,2024-07-29,support_ticket
U00723,2023-09-30,login
U00723,2024-01-28,support_ticket
U00723,2024-08-18,login
U00723,2023-05-28,feature_use
U00723,2024-04-22,login
U00723,2024-12-10,feature_use
U00723,2024-03-10,feature_use
U00723,2024-09-13,feature_use
U00723,2024-09-22,login
U00723,2024-07-29,support_ticket
U00723,2023-12-03,feature_use
U00723,2023-08-13,support_ticket
U00723,2024-11-07,support_ticket
U00723,2023-05-20,feature_use
U00723,2024-12-01,support_ticket
U00723,2024-06-04,feature_use
U00723,2023-05-30,login
U00723,2023-08-06,feature_use
U00723,2024-08-27,feature_use
U00723,2024-09-22,feature_use
U00723,2023-11-02,support_ticket
U00723,2023-08-05,support_ticket
U00723,2024-03-17,login
U00723,2024-05-23,support_ticket
U00723,2023-09-09,login
U00723,2024-04-23,feature_use
U00723,2024-02-26,support_ticket
U00723,2023-10-31,login
U00723,2024-12-06,login
U00723,2024-07-20,login
U00724,2024-11-11,feature_use
U00724,2023-02-11,login
U00724,2024-01-02,login
U00724,2024-08-06,feature_use
U00724,2024-01-23,feature_use
U00724,2021-10-01,login
U00724,2022-01-03,support_ticket
U00724,2024-04-29,support_ticket
U00724,2022-02-13,feature_use
U00724,2022-10-22,feature_use
U00724,2024-11-01,support_ticket
U00724,2023-04-08,login
U00724,2022-01-04,support_ticket
U00724,2023-08-24,feature_use
U00724,2023-08-28,support_ticket
U00724,2023-08-04,login
U00724,2023-06-30,feature_use
U00724,2023-04-15,login
U00724,2024-03-23,support_ticket
U00724,2024-01-08,feature_use
U00724,2024-04-29,support_ticket
U00724,2024-07-10,support_ticket
U00724,2024-09-19,support_ticket
U00724,2022-08-17,support_ticket
U00724,2022-06-18,login
U00724,2021-11-17,support_ticket
U00724,2021-12-02,feature_use
U00724,2022-06-27,support_ticket
U00724,2021-10-02,feature_use
U00724,2021-10-28,support_ticket
U00724,2023-06-11,feature_use
U00724,2022-01-31,login
U00724,2022-09-04,feature_use
U00724,2023-12-17,login
U00724,2024-03-10,feature_use
U00724,2024-06-17,support_ticket
U00724,2021-10-15,feature_use
U00724,2022-03-27,login
U00724,2023-06-12,support_ticket
U00724,2024-02-06,feature_use
U00724,2024-05-31,login
U00724,2024-08-17,feature_use
U00724,2023-02-22,feature_use
U00724,2022-07-16,feature_use
U00724,2022-05-30,feature_use
U00724,2023-05-22,feature_use
U00724,2022-01-13,support_ticket
U00724,2023-02-25,support_ticket
U00725,2023-09-27,feature_use
U00725,2021-11-16,login
U00725,2021-07-03,login
U00725,2024-03-25,feature_use
U00725,2024-01-11,login
U00725,2022-09-16,login
U00725,2022-04-18,feature_use
U00725,2024-01-05,login
U00725,2023-01-06,support_ticket
U00725,2023-01-23,login
U00725,2021-07-30,feature_use
U00725,2022-10-14,login
U00725,2023-02-21,feature_use
U00725,2023-10-15,support_ticket
U00725,2024-08-03,support_ticket
U00725,2024-02-14,support_ticket
U00725,2022-11-08,support_ticket
U00725,2021-10-01,login
U00725,2024-12-30,login
U00725,2022-11-17,login
U00725,2024-04-17,login
U00725,2024-01-07,feature_use
U00725,2024-11-30,support_ticket
U00725,2024-03-21,support_ticket
U00725,2024-08-18,login
U00725,2022-11-17,feature_use
U00725,2024-08-18,login
U00725,2023-01-02,feature_use
U00725,2021-07-16,feature_use
U00725,2024-05-16,login
U00725,2022-01-02,support_ticket
U00725,2022-06-28,login
U00725,2021-12-08,support_ticket
U00725,2023-10-21,feature_use
U00725,2022-10-15,login
U00725,2022-10-20,login
U00725,2022-11-24,feature_use
U00725,2023-07-17,feature_use
U00725,2021-12-16,support_ticket
U00725,2022-02-11,login
U00726,2024-12-10,support_ticket
U00726,2024-11-03,feature_use
U00726,2024-10-31,login
U00726,2024-11-24,feature_use
U00726,2024-11-23,feature_use
U00726,2024-11-27,login
U00726,2024-11-12,feature_use
U00726,2024-12-11,support_ticket
U00726,2024-12-23,feature_use
U00726,2024-10-27,support_ticket
U00726,2024-12-05,login
U00726,2024-12-11,login
U00726,2024-12-03,login
U00726,2024-11-12,login
U00726,2024-11-08,login
U00726,2024-12-06,feature_use
U00726,2024-11-06,support_ticket
U00726,2024-11-01,login
U00726,2024-10-27,support_ticket
U00726,2024-11-10,login
U00726,2024-12-11,login
U00726,2024-12-25,login
U00726,2024-11-24,support_ticket
U00726,2024-12-14,support_ticket
U00726,2024-11-19,login
U00726,2024-10-28,feature_use
U00726,2024-11-09,login
U00726,2024-11-02,support_ticket
U00726,2024-12-02,feature_use
U00726,2024-11-13,support_ticket
U00726,2024-12-17,feature_use
U00726,2024-11-24,support_ticket
U00726,2024-12-09,login
U00726,2024-11-26,support_ticket
U00727,2023-06-29,feature_use
U00727,2022-05-23,login
U00727,2024-01-06,login
U00727,2023-06-22,support_ticket
U00727,2024-12-02,support_ticket
U00727,2023-06-19,feature_use
U00727,2022-07-07,feature_use
U00727,2022-03-13,support_ticket
U00727,2023-04-06,feature_use
U00727,2023-06-26,login
U00727,2024-03-06,feature_use
U00727,2024-09-20,login
U00727,2023-12-21,support_ticket
U00728,2024-10-23,login
U00728,2024-06-11,feature_use
U00728,2024-09-24,login
U00728,2024-07-20,login
U00728,2024-06-25,login
U00728,2024-10-12,support_ticket
U00728,2024-10-24,support_ticket
U00728,2024-08-13,feature_use
U00728,2024-05-16,support_ticket
U00728,2024-08-01,support_ticket
U00728,2024-10-05,support_ticket
U00728,2024-07-14,support_ticket
U00728,2024-05-03,feature_use
U00729,2024-10-25,feature_use
U00729,2023-07-22,feature_use
U00729,2024-11-07,login
U00729,2024-09-09,login
U00729,2024-06-09,feature_use
U00729,2024-04-02,login
U00730,2022-09-17,feature_use
U00730,2024-05-08,feature_use
U00730,2024-06-08,feature_use
U00730,2023-02-12,feature_use
U00730,2023-03-26,support_ticket
U00730,2023-11-20,feature_use
U00730,2024-12-27,login
U00730,2021-11-20,feature_use
U00730,2024-02-03,feature_use
U00730,2021-12-29,login
U00730,2024-02-19,login
U00730,2023-11-12,support_ticket
U00730,2024-09-05,support_ticket
U00730,2022-06-16,feature_use
U00730,2023-05-14,support_ticket
U00730,2024-02-18,login
U00730,2024-04-05,feature_use
U00730,2023-09-29,login
U00730,2024-06-25,feature_use
U00730,2022-12-22,support_ticket
U00730,2023-09-02,support_ticket
U00730,2023-04-29,support_ticket
U00730,2023-10-29,login
U00730,2024-12-18,login
U00730,2022-06-25,login
U00730,2021-10-27,feature_use
U00730,2021-10-31,feature_use
U00731,2023-09-19,feature_use
U00731,2024-12-22,feature_use
U00731,2024-10-02,login
U00731,2024-05-24,feature_use
U00731,2022-10-29,login
U00731,2024-10-27,feature_use
U00731,2022-11-15,support_ticket
U00731,2024-06-05,login
U00731,2023-02-06,support_ticket
U00731,2024-10-15,feature_use
U00731,2024-01-07,login
U00731,2023-12-09,support_ticket
U00731,2023-02-08,feature_use
U00731,2023-02-01,feature_use
U00731,2024-07-30,login
U00732,2024-02-23,feature_use
U00732,2023-05-17,login
U00732,2024-09-24,feature_use
U00732,2024-12-23,login
U00732,2023-06-02,login
U00732,2023-11-07,login
U00732,2024-08-17,login
U00732,2024-11-28,support_ticket
U00732,2024-10-01,support_ticket
U00732,2023-08-23,login
U00732,2024-09-12,support_ticket
U00732,2024-06-25,support_ticket
U00732,2024-04-18,feature_use
U00732,2023-07-23,login
U00732,2024-02-05,support_ticket
U00732,2024-05-31,feature_use
U00732,2023-03-31,support_ticket
U00732,2023-06-28,feature_use
U00732,2023-01-23,feature_use
U00732,2024-06-19,feature_use
U00732,2024-05-28,feature_use
U00732,2024-11-04,feature_use
U00732,2023-10-02,feature_use
U00732,2024-07-03,support_ticket
U00732,2024-11-27,feature_use
U00732,2024-10-20,support_ticket
U00732,2023-10-20,feature_use
U00732,2024-11-11,support_ticket
U00732,2023-02-18,login
U00732,2024-01-25,support_ticket
U00732,2023-05-08,support_ticket
U00732,2023-02-11,feature_use
U00732,2024-10-18,feature_use
U00732,2024-09-19,support_ticket
U00732,2024-08-27,login
U00732,2024-01-15,support_ticket
U00732,2023-02-09,support_ticket
U00732,2023-06-14,login
U00732,2023-03-20,support_ticket
U00732,2023-08-05,login
U00732,2023-04-06,login
U00732,2024-06-28,login
U00732,2023-11-30,support_ticket
U00732,2023-03-04,feature_use
U00732,2023-11-23,login
U00732,2024-02-07,feature_use
U00732,2023-07-27,support_ticket
U00732,2022-11-23,support_ticket
U00732,2023-08-02,login
U00732,2023-08-03,support_ticket
U00733,2024-05-19,support_ticket
U00733,2024-06-03,login
U00733,2024-01-09,login
U00733,2024-09-06,feature_use
U00733,2024-03-26,support_ticket
U00733,2024-01-08,login
U00733,2023-12-07,feature_use
U00733,2023-12-02,login
U00733,2024-11-25,login
U00733,2024-08-27,support_ticket
U00733,2024-10-02,login
U00733,2023-12-18,feature_use
U00733,2024-12-29,support_ticket
U00733,2024-04-26,support_ticket
U00733,2024-10-19,feature_use
U00733,2024-09-24,feature_use
U00733,2024-02-23,support_ticket
U00733,2024-11-30,login
U00733,2024-07-12,feature_use
U00733,2024-08-06,feature_use
U00733,2024-04-16,login
U00733,2024-03-13,support_ticket
U00733,2024-03-15,feature_use
U00733,2024-11-20,feature_use
U00733,2024-03-19,login
U00733,2024-10-21,feature_use
U00733,2024-03-07,support_ticket
U00733,2024-02-05,support_ticket
U00733,2024-07-11,support_ticket
U00734,2024-02-10,feature_use
U00734,2024-07-25,support_ticket
U00734,2024-01-11,login
U00734,2022-08-18,feature_use
U00734,2022-09-28,login
U00734,2022-06-10,login
U00734,2023-06-21,login
U00734,2023-10-12,feature_use
U00734,2024-07-11,login
U00734,2022-08-06,feature_use
U00734,2022-12-13,support_ticket
U00734,2024-02-29,feature_use
U00734,2024-05-11,support_ticket
U00734,2023-06-27,support_ticket
U00734,2024-04-10,feature_use
U00734,2024-08-15,feature_use
U00734,2023-01-05,feature_use
U00734,2022-08-06,feature_use
U00735,2024-10-03,login
U00735,2024-03-31,login
U00735,2024-08-03,login
U00735,2024-02-05,support_ticket
U00735,2024-11-19,support_ticket
U00735,2024-05-12,login
U00735,2024-11-13,feature_use
U00735,2024-05-26,login
U00735,2024-11-19,feature_use
U00735,2024-02-29,feature_use
U00735,2024-12-17,login
U00735,2024-06-01,feature_use
U00735,2024-09-20,login
U00735,2024-03-27,login
U00735,2024-12-12,feature_use
U00735,2024-05-11,feature_use
U00735,2024-03-17,support_ticket
U00735,2024-07-11,support_ticket
U00735,2024-07-26,login
U00735,2024-04-24,support_ticket
U00735,2024-09-22,support_ticket
U00735,2024-08-12,support_ticket
U00735,2024-12-26,support_ticket
U00735,2024-02-16,support_ticket
U00735,2024-04-19,feature_use
U00735,2024-11-07,support_ticket
U00735,2024-02-12,login
U00736,2024-07-19,feature_use
U00736,2024-08-11,login
U00736,2024-07-11,support_ticket
U00736,2024-12-18,support_ticket
U00736,2024-11-03,login
U00736,2024-08-13,login
U00736,2024-11-14,support_ticket
U00736,2024-09-13,feature_use
U00736,2024-08-19,login
U00736,2024-12-03,support_ticket
U00736,2024-12-30,feature_use
U00736,2024-11-26,feature_use
U00736,2024-07-13,login
U00736,2024-09-02,login
U00736,2024-07-23,feature_use
U00736,2024-12-09,support_ticket
U00736,2024-11-13,support_ticket
U00736,2024-10-30,feature_use
U00736,2024-08-02,feature_use
U00736,2024-10-04,feature_use
U00736,2024-12-09,login
U00736,2024-08-23,login
U00736,2024-08-23,login
U00736,2024-11-22,support_ticket
U00736,2024-11-18,login
U00736,2024-10-23,login
U00736,2024-12-05,feature_use
U00736,2024-07-21,feature_use
U00736,2024-09-28,login
U00736,2024-08-16,support_ticket
U00736,2024-09-13,login
U00736,2024-08-29,login
U00736,2024-07-16,feature_use
U00736,2024-11-12,support_ticket
U00736,2024-11-20,feature_use
U00736,2024-11-07,support_ticket
U00736,2024-10-01,support_ticket
U00736,2024-12-30,feature_use
U00736,2024-09-25,feature_use
U00736,2024-12-25,support_ticket
U00736,2024-09-28,login
U00736,2024-12-01,feature_use
U00736,2024-11-28,login
U00737,2024-06-17,login
U00737,2024-05-28,support_ticket
U00737,2024-08-09,login
U00737,2024-05-04,feature_use
U00737,2024-07-27,support_ticket
U00737,2024-05-26,support_ticket
U00737,2024-07-17,login
U00737,2024-08-13,login
U00737,2024-09-10,feature_use
U00737,2024-06-19,login
U00737,2024-09-30,login
U00737,2024-05-24,support_ticket
U00737,2024-03-06,login
U00737,2024-06-03,login
U00737,2024-11-26,support_ticket
U00737,2024-05-15,support_ticket
U00737,2024-06-11,login
U00737,2024-12-12,support_ticket
U00737,2024-05-09,feature_use
U00737,2024-03-12,login
U00737,2024-09-03,feature_use
U00737,2024-05-10,support_ticket
U00737,2024-04-06,feature_use
U00737,2024-11-02,login
U00738,2024-10-17,login
U00738,2024-11-21,support_ticket
U00738,2024-11-09,feature_use
U00738,2024-10-09,login
U00738,2024-11-26,support_ticket
U00738,2024-12-26,support_ticket
U00738,2024-11-20,support_ticket
U00738,2024-12-13,support_ticket
U00738,2024-11-05,support_ticket
U00738,2024-10-24,feature_use
U00738,2024-10-13,support_ticket
U00738,2024-08-24,login
U00738,2024-08-18,feature_use
U00738,2024-11-24,feature_use
U00738,2024-09-12,feature_use
U00738,2024-10-18,login
U00738,2024-12-12,feature_use
U00738,2024-10-04,support_ticket
U00738,2024-12-31,feature_use
U00738,2024-12-20,support_ticket
U00738,2024-10-25,login
U00738,2024-11-29,feature_use
U00738,2024-08-18,login
U00738,2024-09-14,feature_use
U00738,2024-12-30,login
U00738,2024-09-02,feature_use
U00738,2024-10-12,feature_use
U00738,2024-12-16,login
U00738,2024-10-10,login
U00738,2024-11-25,support_ticket
U00738,2024-08-08,feature_use
U00738,2024-11-25,login
U00738,2024-10-18,login
U00738,2024-12-06,support_ticket
U00738,2024-09-25,feature_use
U00738,2024-11-01,login
U00738,2024-12-13,feature_use
U00738,2024-11-08,feature_use
U00738,2024-12-31,login
U00738,2024-11-23,support_ticket
U00738,2024-09-09,login
U00739,2024-06-24,feature_use
U00739,2024-07-19,feature_use
U00739,2024-12-14,login
U00739,2024-06-15,feature_use
U00739,2024-10-20,feature_use
U00739,2024-07-07,login
U00739,2024-06-22,login
U00739,2024-04-06,login
U00739,2024-09-25,feature_use
U00739,2024-12-19,support_ticket
U00739,2024-09-29,support_ticket
U00739,2024-06-01,feature_use
U00739,2024-08-01,login
U00739,2024-09-07,login
U00739,2024-09-25,feature_use
U00739,2024-10-15,login
U00739,2024-04-07,support_ticket
U00739,2024-04-04,feature_use
U00739,2024-12-11,support_ticket
U00740,2024-11-02,support_ticket
U00740,2024-11-27,login
U00740,2024-12-09,login
U00740,2024-09-14,login
U00740,2024-10-15,login
U00740,2024-12-25,login
U00740,2024-12-25,support_ticket
U00740,2024-11-01,feature_use
U00740,2024-12-03,login
U00740,2024-09-27,support_ticket
U00740,2024-11-15,feature_use
U00740,2024-11-05,support_ticket
U00740,2024-11-18,feature_use
U00740,2024-11-28,support_ticket
U00740,2024-11-27,feature_use
U00740,2024-12-30,support_ticket
U00740,2024-12-22,feature_use
U00740,2024-12-24,login
U00741,2024-12-15,login
U00741,2024-09-10,login
U00741,2024-05-30,feature_use
U00741,2024-08-01,feature_use
U00741,2024-06-18,feature_use
U00741,2024-12-11,login
U00741,2024-07-26,feature_use
U00741,2024-06-01,login
U00741,2024-12-10,feature_use
U00741,2024-11-27,support_ticket
U00741,2024-06-13,support_ticket
U00741,2024-11-09,feature_use
U00741,2024-08-11,feature_use
U00741,2024-07-13,feature_use
U00741,2024-10-14,feature_use
U00741,2024-06-14,support_ticket
U00741,2024-11-26,support_ticket
U00741,2024-12-21,feature_use
U00741,2024-07-24,support_ticket
U00741,2024-11-19,feature_use
U00741,2024-09-12,login
U00741,2024-06-13,feature_use
U00741,2024-09-23,support_ticket
U00741,2024-09-26,feature_use
U00741,2024-12-23,login
U00741,2024-11-29,feature_use
U00741,2024-07-28,feature_use
U00741,2024-12-23,support_ticket
U00741,2024-09-12,feature_use
U00741,2024-06-24,support_ticket
U00741,2024-07-01,feature_use
U00741,2024-12-04,support_ticket
U00741,2024-11-25,feature_use
U00741,2024-08-10,login
U00741,2024-08-02,login
U00741,2024-09-26,support_ticket
U00742,2022-07-17,support_ticket
U00742,2021-08-03,feature_use
U00742,2021-11-03,support_ticket
U00742,2024-08-14,support_ticket
U00742,2024-01-15,feature_use
U00742,2022-03-15,feature_use
U00742,2022-05-24,support_ticket
U00742,2022-09-05,support_ticket
U00742,2024-06-09,login
U00742,2021-09-10,support_ticket
U00742,2022-02-18,login
U00742,2022-05-19,support_ticket
U00742,2022-06-17,support_ticket
U00742,2024-07-06,support_ticket
U00742,2022-02-15,login
U00742,2022-12-29,support_ticket
U00742,2021-05-13,login
U00742,2023-10-26,support_ticket
U00742,2021-12-02,login
U00742,2022-01-03,support_ticket
U00742,2021-04-08,feature_use
U00742,2022-10-06,support_ticket
U00742,2022-09-06,feature_use
U00742,2023-08-02,feature_use
U00742,2023-12-10,login
U00742,2023-04-09,support_ticket
U00742,2022-09-21,login
U00742,2023-11-02,support_ticket
U00743,2023-05-21,feature_use
U00743,2021-04-18,feature_use
U00743,2023-01-10,feature_use
U00743,2024-04-30,support_ticket
U00743,2022-07-20,support_ticket
U00743,2021-09-24,login
U00743,2023-07-06,support_ticket
U00743,2022-12-30,feature_use
U00743,2023-09-22,support_ticket
U00743,2023-07-03,feature_use
U00743,2024-12-30,feature_use
U00743,2023-07-01,feature_use
U00743,2023-11-30,support_ticket
U00743,2023-09-07,feature_use
U00743,2023-07-03,feature_use
U00743,2023-12-14,feature_use
U00743,2021-07-08,support_ticket
U00743,2023-03-27,login
U00743,2021-04-21,support_ticket
U00743,2023-03-05,support_ticket
U00743,2022-01-15,support_ticket
U00743,2023-09-13,feature_use
U00743,2023-02-07,feature_use
U00743,2022-04-17,login
U00743,2024-01-04,feature_use
U00743,2021-08-09,feature_use
U00743,2024-06-20,support_ticket
U00743,2024-04-08,support_ticket
U00743,2024-01-12,support_ticket
U00743,2022-01-04,support_ticket
U00743,2024-05-21,support_ticket
U00743,2023-12-28,login
U00743,2023-11-18,feature_use
U00743,2022-12-07,support_ticket
U00743,2022-10-20,login
U00743,2022-03-11,login
U00743,2023-09-03,login
U00743,2024-05-12,feature_use
U00743,2021-06-26,feature_use
U00743,2024-08-29,login
U00743,2024-08-04,support_ticket
U00743,2023-11-17,support_ticket
U00743,2022-07-23,support_ticket
U00743,2024-03-16,feature_use
U00743,2022-10-20,login
U00743,2021-08-08,feature_use
U00743,2023-12-10,login
U00743,2022-12-20,feature_use
U00743,2023-09-05,login
U00744,2024-09-04,login
U00744,2024-10-06,login
U00744,2024-10-30,login
U00744,2024-09-09,login
U00744,2024-09-17,support_ticket
U00744,2024-10-13,support_ticket
U00744,2024-10-26,login
U00744,2024-08-31,login
U00744,2024-09-22,login
U00744,2024-11-01,support_ticket
U00744,2024-08-31,feature_use
U00744,2024-11-24,feature_use
U00744,2024-11-16,feature_use
U00744,2024-12-31,feature_use
U00744,2024-11-29,login
U00744,2024-11-08,feature_use
U00744,2024-10-04,support_ticket
U00744,2024-12-04,login
U00744,2024-11-21,login
U00744,2024-11-04,login
U00744,2024-12-09,support_ticket
U00744,2024-12-21,feature_use
U00744,2024-11-22,feature_use
U00744,2024-10-19,feature_use
U00744,2024-09-13,feature_use
U00744,2024-10-16,support_ticket
U00744,2024-12-20,support_ticket
U00744,2024-09-17,support_ticket
U00744,2024-10-26,feature_use
U00744,2024-11-23,feature_use
U00744,2024-12-12,support_ticket
U00744,2024-12-14,login
U00744,2024-10-17,support_ticket
U00744,2024-11-24,support_ticket
U00744,2024-12-15,support_ticket
U00744,2024-10-29,login
U00744,2024-12-22,support_ticket
U00744,2024-10-01,feature_use
U00744,2024-12-03,login
U00744,2024-09-26,support_ticket
U00744,2024-09-23,support_ticket
U00744,2024-12-14,login
U00745,2024-07-11,support_ticket
U00745,2024-03-12,support_ticket
U00745,2024-08-27,feature_use
U00745,2023-10-23,support_ticket
U00745,2023-11-20,feature_use
U00745,2024-11-03,feature_use
U00745,2023-09-21,feature_use
U00745,2024-10-22,feature_use
U00745,2023-08-31,feature_use
U00745,2024-12-28,feature_use
U00745,2023-11-15,feature_use
U00745,2024-09-07,support_ticket
U00745,2023-06-22,login
U00745,2023-05-08,login
U00745,2024-09-21,login
U00745,2023-07-02,support_ticket
U00745,2024-03-19,support_ticket
U00745,2023-09-11,login
U00745,2023-11-12,support_ticket
U00745,2024-08-11,login
U00745,2023-08-15,login
U00746,2023-03-22,support_ticket
U00746,2021-08-05,support_ticket
U00746,2021-05-27,support_ticket
U00746,2022-09-16,feature_use
U00746,2023-04-26,login
U00746,2022-11-18,support_ticket
U00746,2022-09-09,feature_use
U00746,2022-03-13,login
U00746,2021-05-16,login
U00746,2023-05-13,feature_use
U00746,2023-07-22,feature_use
U00746,2022-05-22,support_ticket
U00747,2024-11-26,login
U00747,2024-07-21,login
U00747,2024-10-16,login
U00747,2024-06-18,login
U00747,2024-03-30,feature_use
U00747,2024-03-28,feature_use
U00747,2024-05-25,support_ticket
U00747,2024-10-24,login
U00747,2024-06-12,login
U00747,2024-05-22,login
U00747,2024-12-17,feature_use
U00747,2024-07-01,feature_use
U00747,2024-11-22,support_ticket
U00747,2024-06-16,login
U00747,2024-06-11,login
U00747,2024-02-23,login
U00747,2024-06-15,support_ticket
U00747,2024-06-23,login
U00747,2024-07-18,login
U00747,2024-09-28,feature_use
U00748,2022-09-25,support_ticket
U00748,2024-05-17,login
U00748,2024-10-05,login
U00748,2023-03-18,support_ticket
U00748,2022-11-05,support_ticket
U00748,2024-06-27,support_ticket
U00748,2024-05-25,feature_use
U00748,2022-10-06,login
U00748,2023-06-09,feature_use
U00748,2022-09-15,feature_use
U00748,2024-11-25,login
U00748,2022-12-08,login
U00748,2024-06-06,login
U00748,2024-01-03,feature_use
U00748,2022-12-18,support_ticket
U00748,2024-04-03,login
U00748,2023-05-10,support_ticket
U00748,2023-08-13,support_ticket
U00748,2024-08-17,login
U00748,2023-01-21,feature_use
U00748,2024-01-10,support_ticket
U00748,2024-06-30,login
U00748,2024-01-25,feature_use
U00748,2023-09-09,feature_use
U00748,2023-06-01,feature_use
U00748,2023-10-23,login
U00748,2023-12-03,login
U00748,2023-12-09,feature_use
U00749,2024-11-17,feature_use
U00749,2024-11-23,feature_use
U00749,2024-12-08,login
U00749,2024-11-21,feature_use
U00749,2024-11-09,login
U00749,2024-12-31,feature_use
U00749,2024-11-29,feature_use
U00749,2024-11-09,feature_use
U00749,2024-12-30,support_ticket
U00749,2024-11-18,support_ticket
U00749,2024-11-16,support_ticket
U00749,2024-12-20,login
U00749,2024-12-11,feature_use
U00749,2024-11-14,feature_use
U00749,2024-12-18,login
U00749,2024-12-26,login
U00749,2024-11-07,feature_use
U00749,2024-11-06,support_ticket
U00749,2024-11-09,login
U00749,2024-12-29,feature_use
U00749,2024-12-26,login
U00749,2024-12-13,login
U00749,2024-12-09,login
U00749,2024-11-30,login
U00749,2024-12-03,support_ticket
U00749,2024-12-27,support_ticket
U00749,2024-12-07,support_ticket
U00749,2024-12-14,feature_use
U00749,2024-12-05,login
U00749,2024-12-30,feature_use
U00749,2024-12-24,feature_use
U00749,2024-12-03,login
U00749,2024-11-16,support_ticket
U00749,2024-12-29,support_ticket
U00749,2024-11-07,login
U00750,2023-08-31,login
U00750,2024-10-20,login
U00750,2023-11-07,login
U00750,2024-10-12,feature_use
U00750,2024-03-22,support_ticket
U00750,2024-07-23,feature_use
U00750,2024-11-02,support_ticket
U00750,2023-10-15,feature_use
U00750,2024-01-19,login
U00750,2023-10-17,feature_use
U00750,2024-01-25,login
U00750,2023-08-21,support_ticket
U00750,2024-08-21,support_ticket
U00750,2024-06-15,support_ticket
U00750,2023-10-16,login
U00750,2023-07-21,support_ticket
U00750,2024-04-25,feature_use
U00750,2024-01-28,feature_use
U00750,2024-03-31,login
U00750,2024-08-22,feature_use
U00750,2024-05-10,feature_use
U00750,2024-02-18,login
U00750,2024-09-18,support_ticket
U00750,2023-10-21,feature_use
U00750,2023-12-15,login
U00750,2023-07-25,support_ticket
U00750,2023-09-13,feature_use
U00750,2023-12-18,login
U00750,2024-10-12,feature_use
U00750,2024-12-11,login
U00750,2024-06-08,login
U00750,2024-11-01,support_ticket
U00750,2023-09-04,support_ticket
U00750,2024-12-18,feature_use
U00750,2024-06-09,support_ticket
U00750,2024-11-22,login
U00750,2023-09-13,support_ticket
U00750,2024-02-26,login
U00750,2024-08-02,login
U00750,2023-08-27,login
U00750,2023-08-31,support_ticket
U00750,2023-08-31,login
U00750,2024-09-23,login
U00751,2022-02-14,feature_use
U00751,2024-03-21,support_ticket
U00751,2023-09-18,support_ticket
U00751,2024-01-02,feature_use
U00751,2023-03-11,feature_use
U00751,2023-08-05,feature_use
U00751,2024-06-05,feature_use
U00751,2022-01-04,feature_use
U00751,2022-04-07,support_ticket
U00751,2023-01-25,feature_use
U00751,2021-06-28,login
U00751,2022-12-16,feature_use
U00751,2023-09-12,support_ticket
U00751,2022-07-20,login
U00751,2022-05-14,support_ticket
U00751,2022-12-11,feature_use
U00751,2023-04-27,support_ticket
U00751,2023-08-27,support_ticket
U00751,2022-12-07,login
U00751,2023-03-18,feature_use
U00751,2023-08-22,support_ticket
U00751,2022-06-18,feature_use
U00751,2022-01-05,feature_use
U00751,2023-02-02,feature_use
U00751,2022-06-24,feature_use
U00751,2021-09-19,support_ticket
U00751,2023-05-23,login
U00751,2024-02-20,feature_use
U00751,2024-07-11,support_ticket
U00751,2023-07-03,feature_use
U00751,2024-07-05,feature_use
U00751,2024-08-02,feature_use
U00751,2023-03-04,feature_use
U00751,2021-05-28,login
U00751,2024-12-04,login
U00751,2022-07-25,feature_use
U00751,2023-02-06,login
U00751,2022-05-11,support_ticket
U00751,2023-07-21,support_ticket
U00751,2022-11-11,support_ticket
U00751,2022-10-09,support_ticket
U00751,2022-02-13,login
U00751,2021-05-20,support_ticket
U00751,2022-03-26,login
U00751,2022-01-19,feature_use
U00752,2024-01-28,feature_use
U00752,2024-04-27,feature_use
U00752,2024-12-23,support_ticket
U00752,2024-05-13,support_ticket
U00752,2023-11-20,feature_use
U00752,2023-09-12,login
U00752,2024-09-09,feature_use
U00752,2024-06-28,login
U00752,2024-02-05,login
U00752,2024-02-17,login
U00753,2023-11-12,login
U00753,2022-06-19,login
U00753,2024-10-15,login
U00753,2022-07-30,login
U00753,2024-11-14,login
U00753,2023-02-23,support_ticket
U00753,2022-12-11,login
U00753,2022-03-27,support_ticket
U00753,2023-04-08,feature_use
U00753,2022-12-23,feature_use
U00753,2023-03-18,support_ticket
U00753,2022-12-31,login
U00753,2024-03-19,login
U00753,2022-08-19,support_ticket
U00753,2023-11-09,support_ticket
U00753,2024-05-09,login
U00753,2023-08-09,login
U00753,2024-09-22,feature_use
U00753,2023-12-26,login
U00753,2022-06-13,support_ticket
U00753,2024-10-07,support_ticket
U00753,2023-05-03,support_ticket
U00753,2023-10-17,feature_use
U00753,2024-05-27,feature_use
U00753,2022-04-12,login
U00753,2024-08-07,support_ticket
U00753,2023-01-07,feature_use
U00753,2023-11-05,feature_use
U00753,2024-07-23,feature_use
U00753,2024-04-04,support_ticket
U00753,2023-11-16,support_ticket
U00753,2023-05-22,feature_use
U00754,2021-10-31,support_ticket
U00754,2024-12-22,support_ticket
U00754,2023-07-17,login
U00754,2024-09-16,feature_use
U00754,2024-08-22,login
U00754,2023-10-21,support_ticket
U00754,2021-11-24,support_ticket
U00754,2023-08-22,feature_use
U00754,2022-10-27,feature_use
U00754,2024-03-14,login
U00754,2024-06-24,login
U00754,2023-12-03,feature_use
U00754,2024-12-23,login
U00754,2022-12-27,login
U00754,2023-08-23,feature_use
U00754,2022-09-12,feature_use
U00754,2023-03-07,support_ticket
U00754,2023-07-06,support_ticket
U00754,2024-02-14,support_ticket
U00754,2022-09-26,feature_use
U00754,2022-02-11,support_ticket
U00754,2023-04-28,feature_use
U00754,2022-10-19,login
U00754,2023-02-27,feature_use
U00754,2023-03-20,feature_use
U00754,2024-02-21,feature_use
U00754,2022-05-25,login
U00754,2023-10-15,login
U00754,2023-06-24,support_ticket
U00754,2023-12-22,login
U00754,2024-11-14,login
U00754,2023-12-06,support_ticket
U00754,2024-01-10,login
U00754,2024-08-15,support_ticket
U00754,2023-12-21,support_ticket
U00754,2024-09-20,support_ticket
U00754,2024-09-24,feature_use
U00754,2022-10-03,feature_use
U00754,2023-03-19,support_ticket
U00754,2023-03-27,login
U00754,2023-03-09,support_ticket
U00754,2023-10-29,login
U00754,2024-09-21,feature_use
U00754,2023-08-16,feature_use
U00754,2022-04-17,login
U00754,2023-06-27,feature_use
U00754,2022-01-26,support_ticket
U00754,2024-11-01,login
U00755,2024-08-17,login
U00755,2023-01-27,support_ticket
U00755,2023-06-26,support_ticket
U00755,2022-11-13,login
U00755,2023-11-24,support_ticket
U00755,2024-11-12,login
U00755,2023-07-17,feature_use
U00755,2023-12-20,support_ticket
U00755,2022-12-24,login
U00755,2024-08-06,login
U00755,2024-03-04,feature_use
U00755,2024-06-23,login
U00755,2024-07-23,support_ticket
U00755,2024-05-02,login
U00755,2023-01-17,support_ticket
U00755,2023-03-26,login
U00755,2022-11-13,login
U00755,2023-11-14,login
U00755,2023-01-22,support_ticket
U00755,2024-12-06,feature_use
U00755,2023-04-18,login
U00755,2022-10-22,support_ticket
U00755,2023-03-21,login
U00755,2024-05-31,login
U00755,2023-10-23,login
U00755,2023-05-25,login
U00755,2023-05-03,login
U00755,2023-11-24,support_ticket
U00755,2024-12-02,support_ticket
U00755,2023-05-26,support_ticket
U00755,2022-12-23,feature_use
U00755,2024-12-10,login
U00755,2024-06-14,support_ticket
U00755,2023-04-15,login
U00755,2023-04-05,feature_use
U00755,2022-12-01,login
U00755,2023-06-23,login
U00755,2024-04-30,support_ticket
U00755,2023-12-26,feature_use
U00755,2023-04-25,login
U00755,2023-02-08,login
U00755,2024-07-14,feature_use
U00755,2024-06-25,login
U00755,2023-06-23,login
U00755,2024-08-25,feature_use
U00755,2024-02-25,support_ticket
U00755,2023-09-08,feature_use
U00755,2024-05-27,support_ticket
U00755,2024-09-20,login
U00756,2021-10-06,support_ticket
U00756,2022-04-28,support_ticket
U00756,2024-12-29,support_ticket
U00756,2022-03-06,feature_use
U00756,2023-11-04,feature_use
U00757,2024-05-24,feature_use
U00757,2024-08-01,support_ticket
U00757,2024-06-26,feature_use
U00757,2024-06-15,support_ticket
U00757,2024-10-28,login
U00757,2024-09-02,login
U00757,2024-08-03,feature_use
U00757,2024-11-03,feature_use
U00757,2024-10-04,support_ticket
U00757,2024-04-24,login
U00757,2024-10-20,support_ticket
U00757,2024-03-25,support_ticket
U00757,2024-12-03,feature_use
U00757,2024-03-01,login
U00757,2024-10-29,login
U00757,2024-11-23,login
U00757,2024-03-12,feature_use
U00757,2024-03-23,login
U00758,2023-01-09,support_ticket
U00758,2024-05-30,support_ticket
U00758,2023-10-25,login
U00758,2024-10-08,support_ticket
U00758,2024-12-21,support_ticket
U00758,2022-12-03,feature_use
U00758,2024-02-12,support_ticket
U00758,2023-12-13,support_ticket
U00758,2022-09-04,login
U00758,2024-09-14,login
U00758,2022-10-29,login
U00758,2023-06-04,support_ticket
U00758,2024-04-07,login
U00758,2022-06-05,feature_use
U00758,2024-10-08,support_ticket
U00758,2024-10-18,support_ticket
U00758,2022-12-16,login
U00758,2023-02-06,support_ticket
U00758,2022-07-27,support_ticket
U00758,2023-01-05,login
U00758,2024-04-09,support_ticket
U00758,2024-06-21,feature_use
U00758,2022-11-18,support_ticket
U00758,2023-08-15,feature_use
U00758,2022-10-22,feature_use
U00758,2022-10-09,support_ticket
U00758,2024-10-16,login
U00758,2024-11-01,login
U00758,2022-08-09,login
U00758,2022-09-02,login
U00758,2023-08-01,feature_use
U00758,2023-12-09,feature_use
U00758,2024-05-22,feature_use
U00758,2022-10-27,support_ticket
U00758,2024-11-23,support_ticket
U00758,2022-12-17,login
U00758,2024-11-07,feature_use
U00758,2023-09-28,support_ticket
U00758,2022-06-07,login
U00758,2024-06-16,login
U00758,2023-06-25,feature_use
U00758,2023-10-10,login
U00758,2022-09-03,feature_use
U00758,2024-12-11,feature_use
U00759,2023-08-27,support_ticket
U00759,2022-11-17,support_ticket
U00759,2022-07-09,login
U00759,2023-05-25,login
U00759,2023-06-08,login
U00759,2023-12-03,feature_use
U00759,2024-12-13,feature_use
U00759,2024-08-12,login
U00759,2023-09-17,feature_use
U00759,2023-02-26,login
U00759,2022-12-23,login
U00759,2022-08-12,support_ticket
U00759,2024-02-09,feature_use
U00759,2022-09-25,feature_use
U00759,2024-06-03,feature_use
U00759,2023-01-31,support_ticket
U00759,2024-11-25,login
U00759,2023-04-17,support_ticket
U00759,2022-07-14,feature_use
U00759,2024-09-19,login
U00759,2022-09-19,support_ticket
U00759,2023-12-18,feature_use
U00759,2024-09-07,login
U00759,2022-09-02,support_ticket
U00759,2023-06-17,login
U00759,2023-10-03,feature_use
U00759,2024-09-23,feature_use
U00759,2022-07-04,support_ticket
U00759,2023-03-24,support_ticket
U00759,2023-05-25,login
U00759,2024-01-13,feature_use
U00759,2023-08-28,feature_use
U00759,2023-10-02,login
U00759,2023-02-25,feature_use
U00759,2023-11-30,feature_use
U00759,2023-09-21,feature_use
U00759,2024-03-17,feature_use
U00759,2022-08-21,support_ticket
U00759,2022-07-09,support_ticket
U00760,2023-01-24,login
U00760,2024-04-23,feature_use
U00760,2023-04-27,support_ticket
U00760,2023-06-10,login
U00760,2023-09-11,support_ticket
U00760,2023-02-03,feature_use
U00760,2023-08-18,support_ticket
U00760,2021-10-31,login
U00760,2024-07-30,login
U00760,2024-04-07,login
U00760,2024-05-03,support_ticket
U00760,2024-04-09,login
U00760,2022-07-24,support_ticket
U00760,2022-11-03,support_ticket
U00760,2021-12-07,login
U00760,2024-11-09,login
U00760,2022-07-10,login
U00760,2023-10-25,login
U00760,2022-04-18,login
U00760,2022-02-22,login
U00760,2023-03-23,login
U00760,2024-03-08,login
U00760,2023-12-10,support_ticket
U00760,2021-12-18,login
U00760,2022-01-04,feature_use
U00760,2021-12-15,login
U00760,2023-06-28,login
U00760,2024-01-15,feature_use
U00760,2022-02-24,login
U00760,2024-06-02,support_ticket
U00760,2023-04-28,feature_use
U00760,2022-03-24,support_ticket
U00760,2022-04-15,feature_use
U00760,2022-01-24,support_ticket
U00760,2023-12-29,feature_use
U00760,2024-10-27,feature_use
U00760,2024-04-03,support_ticket
U00760,2024-03-26,support_ticket
U00760,2024-11-27,feature_use
U00760,2022-11-19,support_ticket
U00760,2022-04-17,login
U00760,2023-03-21,login
U00760,2024-04-20,support_ticket
U00760,2021-12-06,feature_use
U00760,2023-06-17,support_ticket
U00760,2022-03-29,login
U00761,2024-06-21,support_ticket
U00761,2022-12-19,support_ticket
U00761,2022-10-20,login
U00761,2022-11-28,feature_use
U00761,2024-12-05,feature_use
U00761,2024-08-02,feature_use
U00761,2024-01-11,support_ticket
U00761,2023-10-03,feature_use
U00761,2023-11-10,feature_use
U00761,2022-10-29,support_ticket
U00761,2023-07-30,login
U00761,2023-05-19,support_ticket
U00761,2023-09-30,support_ticket
U00761,2022-09-16,login
U00761,2023-12-26,login
U00761,2024-03-21,login
U00761,2024-11-04,login
U00761,2023-11-21,feature_use
U00761,2023-06-27,feature_use
U00761,2022-11-02,feature_use
U00761,2023-12-08,login
U00761,2022-12-28,login
U00761,2024-06-29,login
U00761,2024-03-08,login
U00761,2023-05-02,support_ticket
U00761,2023-08-11,login
U00761,2023-06-26,feature_use
U00761,2024-01-16,login
U00761,2023-11-11,feature_use
U00761,2024-06-20,login
U00761,2023-07-14,login
U00761,2024-09-02,login
U00761,2022-10-17,support_ticket
U00761,2023-08-14,support_ticket
U00761,2024-04-11,support_ticket
U00761,2024-07-24,login
U00761,2024-02-13,feature_use
U00761,2024-02-05,support_ticket
U00761,2024-03-08,feature_use
U00762,2024-05-10,support_ticket
U00762,2024-10-02,feature_use
U00762,2023-11-01,feature_use
U00762,2023-10-29,support_ticket
U00762,2023-11-17,login
U00762,2024-04-18,support_ticket
U00762,2024-09-01,support_ticket
U00762,2023-05-23,login
U00762,2024-01-23,login
U00762,2024-01-10,support_ticket
U00762,2024-10-03,feature_use
U00762,2024-07-13,login
U00762,2024-10-29,feature_use
U00762,2024-06-03,feature_use
U00762,2024-11-03,feature_use
U00762,2024-02-03,login
U00762,2024-08-14,login
U00762,2024-12-26,support_ticket
U00762,2023-12-31,feature_use
U00762,2024-06-12,support_ticket
U00763,2023-03-16,support_ticket
U00763,2023-07-05,support_ticket
U00763,2023-01-20,support_ticket
U00763,2024-11-21,support_ticket
U00763,2024-01-02,support_ticket
U00763,2024-02-09,feature_use
U00763,2023-04-21,login
U00763,2024-02-29,login
U00763,2023-10-09,login
U00763,2023-06-30,feature_use
U00763,2022-11-05,feature_use
U00763,2024-08-08,login
U00763,2022-12-29,login
U00763,2023-12-27,feature_use
U00763,2023-05-20,login
U00763,2023-08-05,login
U00763,2023-03-01,feature_use
U00763,2024-10-09,login
U00763,2023-02-04,feature_use
U00763,2023-12-14,support_ticket
U00763,2023-05-21,feature_use
U00763,2024-10-07,feature_use
U00763,2023-05-02,feature_use
U00763,2023-06-06,feature_use
U00763,2023-04-26,support_ticket
U00763,2024-05-24,feature_use
U00763,2023-05-07,login
U00764,2023-10-11,feature_use
U00764,2022-11-04,feature_use
U00764,2023-07-12,feature_use
U00764,2023-10-10,feature_use
U00764,2024-12-29,support_ticket
U00764,2023-01-31,support_ticket
U00764,2024-08-01,feature_use
U00764,2023-04-29,feature_use
U00764,2023-07-27,login
U00764,2022-12-28,login
U00764,2023-01-18,feature_use
U00764,2023-09-15,feature_use
U00764,2024-05-14,feature_use
U00764,2023-07-30,support_ticket
U00764,2023-09-08,feature_use
U00764,2024-07-20,feature_use
U00764,2023-03-22,login
U00765,2024-07-27,support_ticket
U00765,2024-10-19,feature_use
U00765,2024-01-17,support_ticket
U00765,2024-11-14,feature_use
U00765,2024-04-28,login
U00765,2024-07-02,login
U00765,2024-04-22,login
U00765,2024-01-08,support_ticket
U00765,2023-12-13,login
U00765,2024-05-13,feature_use
U00765,2024-11-06,feature_use
U00765,2024-09-10,support_ticket
U00765,2024-01-14,feature_use
U00765,2024-09-20,feature_use
U00765,2024-03-13,login
U00765,2024-08-13,support_ticket
U00765,2024-06-30,feature_use
U00765,2024-01-14,feature_use
U00765,2024-05-30,support_ticket
U00765,2024-01-30,feature_use
U00765,2024-02-04,support_ticket
U00765,2024-08-31,support_ticket
U00765,2024-07-14,feature_use
U00765,2024-04-26,support_ticket
U00765,2024-08-04,login
U00765,2024-04-19,login
U00765,2024-12-28,login
U00765,2023-11-18,feature_use
U00765,2024-03-27,login
U00765,2024-02-28,feature_use
U00765,2024-09-15,login
U00765,2024-11-29,support_ticket
U00765,2024-02-07,feature_use
U00765,2024-06-19,support_ticket
U00765,2024-01-16,support_ticket
U00765,2024-02-15,login
U00765,2024-04-08,feature_use
U00765,2024-12-07,support_ticket
U00765,2024-01-13,feature_use
U00765,2024-04-01,support_ticket
U00765,2024-01-26,login
U00765,2023-10-31,support_ticket
U00765,2024-07-01,login
U00765,2023-12-28,feature_use
U00765,2024-05-12,feature_use
U00766,2024-11-02,feature_use
U00766,2024-07-18,support_ticket
U00766,2024-10-01,feature_use
U00766,2024-01-13,feature_use
U00766,2024-02-01,support_ticket
U00766,2023-11-12,support_ticket
U00766,2023-11-24,feature_use
U00766,2024-09-06,feature_use
U00766,2023-10-25,feature_use
U00766,2024-05-21,support_ticket
U00766,2024-11-02,support_ticket
U00766,2024-05-05,login
U00766,2024-10-24,login
U00766,2024-04-29,support_ticket
U00766,2024-09-03,feature_use
U00766,2024-02-20,support_ticket
U00766,2024-06-03,feature_use
U00766,2024-08-24,login
U00766,2024-12-07,login
U00766,2024-12-01,login
U00767,2023-11-19,support_ticket
U00767,2024-08-27,login
U00767,2023-04-18,feature_use
U00767,2021-03-07,feature_use
U00767,2021-07-25,feature_use
U00767,2023-08-02,login
U00767,2023-02-03,support_ticket
U00767,2021-03-07,login
U00767,2021-09-25,login
U00767,2022-12-01,login
U00767,2021-11-28,support_ticket
U00767,2022-03-15,login
U00767,2023-06-17,login
U00767,2021-02-20,feature_use
U00767,2021-06-04,login
U00767,2023-10-29,login
U00767,2024-04-04,support_ticket
U00767,2024-03-01,feature_use
U00767,2023-12-31,login
U00767,2024-09-17,login
U00767,2021-10-06,login
U00767,2021-06-20,support_ticket
U00767,2023-04-28,login
U00767,2022-08-12,support_ticket
U00767,2024-08-03,support_ticket
U00767,2022-10-14,login
U00767,2023-03-20,login
U00767,2023-09-21,support_ticket
U00767,2023-05-07,feature_use
U00767,2024-08-05,support_ticket
U00767,2024-09-12,feature_use
U00767,2023-12-18,feature_use
U00767,2022-01-18,login
U00767,2021-06-23,support_ticket
U00767,2021-07-05,feature_use
U00767,2021-08-09,feature_use
U00767,2022-08-23,login
U00767,2022-07-29,feature_use
U00768,2024-09-25,feature_use
U00768,2024-02-24,feature_use
U00768,2024-01-27,login
U00768,2024-10-28,support_ticket
U00768,2024-06-05,login
U00769,2024-12-14,feature_use
U00769,2023-10-30,feature_use
U00769,2022-09-06,support_ticket
U00769,2024-03-07,feature_use
U00769,2024-04-12,support_ticket
U00769,2024-03-11,support_ticket
U00769,2022-12-21,feature_use
U00769,2024-12-09,feature_use
U00769,2024-01-21,feature_use
U00769,2024-02-29,feature_use
U00769,2022-10-21,feature_use
U00769,2024-03-05,support_ticket
U00769,2023-08-14,login
U00769,2023-11-14,login
U00769,2022-04-15,feature_use
U00769,2023-02-01,feature_use
U00769,2023-07-19,support_ticket
U00769,2023-07-10,support_ticket
U00769,2024-07-04,support_ticket
U00769,2024-01-02,support_ticket
U00769,2024-08-01,login
U00769,2023-04-20,feature_use
U00769,2023-06-04,login
U00769,2023-07-10,feature_use
U00769,2024-03-23,support_ticket
U00769,2022-06-27,login
U00769,2023-03-29,support_ticket
U00769,2022-10-26,support_ticket
U00769,2022-12-21,support_ticket
U00769,2024-02-03,support_ticket
U00769,2022-06-30,feature_use
U00769,2022-03-21,feature_use
U00769,2024-06-30,login
U00769,2023-10-21,login
U00769,2024-12-09,login
U00769,2023-03-01,feature_use
U00769,2024-04-14,login
U00769,2024-08-28,login
U00769,2023-09-11,feature_use
U00769,2024-05-10,support_ticket
U00769,2023-12-24,feature_use
U00769,2023-12-10,support_ticket
U00769,2024-11-27,feature_use
U00769,2023-05-26,support_ticket
U00769,2022-04-01,support_ticket
U00769,2023-05-20,login
U00769,2023-03-17,feature_use
U00769,2024-02-07,feature_use
U00769,2024-09-30,feature_use
U00769,2022-04-03,feature_use
U00770,2021-09-24,login
U00770,2021-10-05,login
U00770,2021-10-08,support_ticket
U00770,2022-11-26,login
U00770,2023-06-16,login
U00770,2024-12-28,login
U00770,2023-05-27,feature_use
U00770,2024-12-12,feature_use
U00770,2021-11-08,support_ticket
U00770,2021-05-27,login
U00770,2022-10-30,feature_use
U00770,2024-07-15,feature_use
U00770,2021-08-12,support_ticket
U00770,2023-03-25,support_ticket
U00770,2024-10-27,login
U00770,2023-01-28,feature_use
U00770,2023-05-14,login
U00770,2023-02-27,login
U00770,2022-10-28,support_ticket
U00770,2022-08-23,feature_use
U00770,2023-10-25,support_ticket
U00770,2024-08-01,feature_use
U00770,2021-06-26,feature_use
U00770,2023-08-12,support_ticket
U00770,2023-04-22,feature_use
U00771,2024-02-02,feature_use
U00771,2024-12-24,feature_use
U00771,2024-07-23,support_ticket
U00771,2024-11-23,support_ticket
U00771,2024-04-08,support_ticket
U00771,2024-10-28,login
U00771,2024-03-28,login
U00771,2024-01-06,login
U00771,2024-03-28,support_ticket
U00771,2024-07-19,feature_use
U00771,2024-05-12,feature_use
U00771,2024-11-20,support_ticket
U00771,2024-12-16,support_ticket
U00771,2023-11-06,login
U00771,2024-09-12,feature_use
U00771,2024-11-26,feature_use
U00771,2024-11-09,login
U00771,2024-12-20,login
U00771,2024-12-20,feature_use
U00771,2024-08-07,support_ticket
U00771,2024-01-08,support_ticket
U00771,2024-02-28,support_ticket
U00771,2024-09-26,feature_use
U00771,2024-03-26,login
U00771,2024-01-26,support_ticket
U00771,2024-05-01,feature_use
U00771,2024-02-18,support_ticket
U00771,2024-12-31,support_ticket
U00771,2024-07-25,support_ticket
U00771,2023-11-07,login
U00771,2023-11-10,login
U00771,2024-09-15,support_ticket
U00771,2024-04-01,feature_use
U00771,2023-10-30,feature_use
U00772,2024-10-16,support_ticket
U00772,2024-11-11,login
U00772,2024-11-21,support_ticket
U00772,2024-10-19,login
U00772,2024-11-14,login
U00773,2024-10-19,support_ticket
U00773,2024-06-16,feature_use
U00773,2024-06-16,login
U00773,2024-12-25,support_ticket
U00773,2024-06-27,login
U00773,2024-04-17,support_ticket
U00773,2024-11-11,feature_use
U00773,2024-07-15,support_ticket
U00773,2024-05-10,feature_use
U00773,2024-03-27,support_ticket
U00773,2024-05-29,feature_use
U00773,2024-02-10,feature_use
U00773,2024-03-11,support_ticket
U00773,2024-08-14,support_ticket
U00773,2024-03-30,login
U00773,2024-05-22,login
U00773,2024-09-22,feature_use
U00773,2024-03-17,login
U00773,2024-07-26,login
U00773,2024-04-18,feature_use
U00773,2024-07-31,login
U00773,2024-02-09,support_ticket
U00773,2024-11-06,feature_use
U00773,2024-09-30,feature_use
U00773,2024-04-10,feature_use
U00773,2024-03-18,support_ticket
U00773,2024-04-05,support_ticket
U00773,2024-07-18,feature_use
U00773,2024-11-08,login
U00773,2024-12-07,login
U00773,2024-12-24,support_ticket
U00774,2024-03-21,login
U00774,2023-08-08,feature_use
U00774,2023-08-28,feature_use
U00774,2023-07-21,login
U00774,2023-12-26,support_ticket
U00774,2024-01-24,login
U00774,2024-10-30,feature_use
U00775,2023-11-04,login
U00775,2024-07-14,support_ticket
U00775,2023-11-24,login
U00775,2024-03-24,support_ticket
U00775,2024-04-04,login
U00775,2024-11-30,login
U00775,2024-12-13,login
U00775,2024-10-26,support_ticket
U00775,2023-08-11,login
U00775,2023-09-04,feature_use
U00775,2024-08-08,support_ticket
U00775,2023-03-10,support_ticket
U00775,2023-07-01,support_ticket
U00775,2023-03-29,login
U00775,2024-09-05,login
U00775,2024-03-20,feature_use
U00775,2024-03-18,feature_use
U00775,2024-05-02,feature_use
U00775,2024-04-29,login
U00775,2024-03-21,feature_use
U00775,2024-05-01,feature_use
U00775,2023-12-04,feature_use
U00775,2024-01-11,feature_use
U00776,2024-09-18,login
U00776,2022-06-03,feature_use
U00776,2024-01-30,login
U00776,2024-09-10,feature_use
U00776,2022-08-28,login
U00776,2023-04-06,support_ticket
U00776,2021-11-16,login
U00776,2021-07-15,login
U00776,2023-05-24,support_ticket
U00776,2022-05-26,support_ticket
U00776,2023-01-08,feature_use
U00776,2022-05-28,login
U00776,2021-07-12,support_ticket
U00776,2024-09-20,support_ticket
U00776,2022-01-05,login
U00776,2022-08-26,login
U00776,2024-11-29,login
U00776,2022-05-29,feature_use
U00776,2021-08-24,feature_use
U00776,2024-12-04,support_ticket
U00776,2023-01-07,feature_use
U00776,2021-05-31,feature_use
U00776,2021-05-19,login
U00776,2023-05-14,feature_use
U00776,2021-05-08,feature_use
U00776,2022-01-11,feature_use
U00777,2024-09-26,feature_use
U00777,2024-08-04,support_ticket
U00777,2024-05-06,feature_use
U00777,2024-05-15,support_ticket
U00777,2024-08-12,feature_use
U00778,2024-05-15,feature_use
U00778,2023-06-22,login
U00778,2024-03-18,feature_use
U00778,2024-08-10,login
U00778,2023-10-01,support_ticket
U00778,2023-06-01,feature_use
U00778,2024-12-26,support_ticket
U00778,2024-04-21,login
U00778,2023-03-09,login
U00778,2024-09-01,feature_use
U00778,2023-03-08,feature_use
U00778,2024-08-15,feature_use
U00778,2024-05-16,login
U00778,2024-01-01,login
U00778,2024-11-25,login
U00778,2023-06-23,login
U00778,2024-01-17,support_ticket
U00778,2024-10-08,login
U00778,2024-04-21,feature_use
U00778,2023-05-07,login
U00778,2024-01-31,support_ticket
U00778,2023-07-17,support_ticket
U00778,2023-10-10,support_ticket
U00778,2024-08-07,support_ticket
U00778,2023-04-09,support_ticket
U00778,2024-11-28,support_ticket
U00778,2024-09-07,feature_use
U00778,2024-09-21,feature_use
U00778,2023-04-07,feature_use
U00778,2024-12-07,support_ticket
U00778,2023-12-20,support_ticket
U00778,2024-08-31,login
U00778,2024-12-30,support_ticket
U00778,2023-10-22,feature_use
U00778,2024-02-20,support_ticket
U00778,2023-11-09,feature_use
U00778,2024-03-30,feature_use
U00779,2022-03-22,login
U00779,2024-09-08,login
U00779,2021-07-31,feature_use
U00779,2021-10-26,feature_use
U00779,2022-05-13,feature_use
U00779,2022-04-15,support_ticket
U00779,2024-05-12,feature_use
U00779,2024-03-10,support_ticket
U00779,2023-06-18,feature_use
U00779,2022-11-05,feature_use
U00779,2021-06-19,login
U00779,2024-03-24,support_ticket
U00779,2024-01-18,feature_use
U00779,2024-10-08,support_ticket
U00779,2023-05-10,login
U00779,2022-02-10,support_ticket
U00779,2023-02-06,feature_use
U00779,2023-12-11,login
U00779,2024-11-12,support_ticket
U00779,2022-09-10,feature_use
U00779,2024-02-28,login
U00779,2023-05-04,login
U00779,2022-02-17,support_ticket
U00779,2021-07-27,login
U00779,2023-02-24,support_ticket
U00780,2024-10-26,feature_use
U00780,2023-08-14,support_ticket
U00780,2024-11-30,login
U00780,2024-04-13,support_ticket
U00780,2024-09-17,login
U00780,2024-03-22,login
U00780,2024-09-07,login
U00780,2024-02-23,support_ticket
U00780,2024-05-12,login
U00781,2024-11-27,support_ticket
U00781,2024-08-01,support_ticket
U00781,2024-07-22,feature_use
U00781,2024-09-06,feature_use
U00781,2024-10-31,feature_use
U00781,2024-08-14,feature_use
U00781,2024-09-26,feature_use
U00781,2024-12-12,login
U00781,2024-12-30,support_ticket
U00781,2024-12-29,support_ticket
U00781,2024-08-20,login
U00781,2024-11-20,feature_use
U00781,2024-11-02,support_ticket
U00781,2024-11-05,feature_use
U00781,2024-07-23,feature_use
U00781,2024-12-21,login
U00781,2024-10-16,feature_use
U00781,2024-11-10,support_ticket
U00781,2024-07-17,feature_use
U00781,2024-09-29,support_ticket
U00781,2024-10-27,login
U00781,2024-12-24,feature_use
U00781,2024-10-01,feature_use
U00781,2024-12-20,feature_use
U00781,2024-07-20,feature_use
U00781,2024-10-14,support_ticket
U00781,2024-11-26,feature_use
U00781,2024-07-11,support_ticket
U00781,2024-08-30,feature_use
U00781,2024-08-30,feature_use
U00781,2024-09-02,feature_use
U00781,2024-12-10,login
U00781,2024-09-25,support_ticket
U00781,2024-10-02,feature_use
U00781,2024-07-30,support_ticket
U00781,2024-10-13,login
U00782,2022-12-13,login
U00782,2023-08-06,feature_use
U00782,2022-10-10,login
U00782,2022-06-17,feature_use
U00782,2023-10-21,login
U00782,2024-08-02,login
U00782,2023-10-25,feature_use
U00782,2023-12-27,login
U00782,2022-06-11,login
U00783,2024-11-21,support_ticket
U00783,2024-04-18,support_ticket
U00783,2024-05-10,support_ticket
U00783,2023-12-20,support_ticket
U00783,2024-03-07,support_ticket
U00783,2024-06-15,support_ticket
U00783,2023-12-12,support_ticket
U00783,2024-06-11,support_ticket
U00783,2024-07-07,support_ticket
U00783,2024-10-17,feature_use
U00783,2023-08-25,login
U00783,2024-09-11,feature_use
U00783,2023-09-21,login
U00783,2024-01-25,login
U00784,2024-10-22,login
U00784,2023-10-12,support_ticket
U00784,2023-08-16,feature_use
U00784,2024-08-25,login
U00784,2023-07-22,feature_use
U00784,2024-08-17,support_ticket
U00784,2023-04-09,feature_use
U00784,2023-10-02,login
U00784,2023-09-16,login
U00784,2023-05-22,login
U00784,2024-05-27,feature_use
U00784,2024-03-09,support_ticket
U00784,2023-01-29,login
U00784,2024-06-01,feature_use
U00784,2023-08-15,login
U00784,2024-09-30,login
U00784,2024-08-25,support_ticket
U00784,2024-03-29,login
U00784,2024-05-10,support_ticket
U00784,2024-11-16,login
U00784,2024-07-08,feature_use
U00784,2024-12-02,feature_use
U00784,2023-09-07,feature_use
U00784,2023-01-23,feature_use
U00784,2023-06-21,login
U00784,2023-08-04,login
U00784,2024-03-17,login
U00784,2024-01-10,feature_use
U00784,2024-05-14,login
U00784,2024-11-05,support_ticket
U00784,2024-01-15,feature_use
U00784,2024-04-28,feature_use
U00784,2024-02-23,support_ticket
U00784,2023-11-11,login
U00784,2024-10-02,support_ticket
U00784,2023-12-01,login
U00785,2024-12-08,feature_use
U00785,2024-12-29,login
U00785,2024-12-18,support_ticket
U00785,2024-05-27,login
U00785,2024-12-22,support_ticket
U00786,2024-06-18,login
U00786,2023-10-31,login
U00786,2024-11-10,login
U00786,2024-03-27,support_ticket
U00786,2024-01-19,support_ticket
U00786,2024-06-05,feature_use
U00786,2024-10-11,feature_use
U00786,2024-02-04,support_ticket
U00786,2024-12-01,feature_use
U00786,2023-12-26,support_ticket
U00786,2024-10-27,login
U00786,2024-11-27,feature_use
U00786,2024-12-24,feature_use
U00786,2023-12-02,login
U00786,2024-08-02,support_ticket
U00787,2022-01-24,login
U00787,2022-07-31,support_ticket
U00787,2021-03-27,support_ticket
U00787,2023-08-17,support_ticket
U00787,2024-06-26,feature_use
U00787,2024-01-20,support_ticket
U00787,2023-07-14,login
U00787,2024-12-04,login
U00787,2024-05-15,feature_use
U00787,2022-05-04,support_ticket
U00787,2024-12-11,login
U00787,2021-10-17,login
U00787,2024-11-23,login
U00787,2024-01-14,login
U00787,2023-11-01,feature_use
U00787,2024-08-06,login
U00787,2022-05-23,support_ticket
U00787,2023-05-31,feature_use
U00787,2023-05-18,feature_use
U00787,2022-07-02,feature_use
U00787,2024-11-13,support_ticket
U00787,2024-09-03,feature_use
U00787,2023-11-29,login
U00787,2024-01-23,login
U00787,2024-11-11,login
U00787,2022-02-08,feature_use
U00787,2023-01-18,support_ticket
U00787,2024-02-09,feature_use
U00787,2023-02-07,login
U00787,2022-04-19,login
U00787,2023-12-22,support_ticket
U00787,2021-06-29,support_ticket
U00787,2022-03-10,support_ticket
U00787,2024-12-09,support_ticket
U00787,2022-10-11,login
U00787,2022-06-24,feature_use
U00787,2023-03-30,login
U00787,2023-02-25,support_ticket
U00787,2022-04-30,support_ticket
U00787,2021-10-27,support_ticket
U00787,2022-05-06,login
U00787,2022-08-16,support_ticket
U00787,2023-02-21,login
U00787,2023-09-24,support_ticket
U00787,2023-01-25,feature_use
U00787,2023-10-01,login
U00787,2024-06-25,support_ticket
U00787,2023-02-20,login
U00787,2022-08-14,login
U00788,2023-12-31,support_ticket
U00788,2024-02-22,support_ticket
U00788,2023-01-16,feature_use
U00788,2023-01-21,login
U00788,2024-10-31,feature_use
U00788,2023-10-17,login
U00788,2023-08-31,support_ticket
U00788,2023-09-09,support_ticket
U00788,2024-07-24,login
U00788,2024-04-09,feature_use
U00788,2023-04-26,support_ticket
U00788,2024-07-19,support_ticket
U00788,2023-07-15,support_ticket
U00788,2024-04-11,login
U00788,2022-11-18,support_ticket
U00788,2023-01-28,feature_use
U00788,2023-03-17,feature_use
U00788,2024-07-07,feature_use
U00788,2024-02-09,feature_use
U00788,2024-01-11,feature_use
U00788,2024-06-24,login
U00788,2023-07-23,feature_use
U00788,2024-11-26,login
U00788,2024-01-06,feature_use
U00788,2024-02-08,feature_use
U00788,2023-11-03,login
U00788,2024-04-17,login
U00788,2023-03-31,support_ticket
U00789,2023-11-13,support_ticket
U00789,2024-06-24,support_ticket
U00789,2024-04-25,support_ticket
U00789,2023-08-18,login
U00789,2024-06-01,support_ticket
U00789,2024-04-19,support_ticket
U00789,2024-05-23,login
U00789,2024-04-12,support_ticket
U00789,2024-06-16,feature_use
U00789,2024-11-27,feature_use
U00789,2024-09-01,login
U00789,2024-03-24,support_ticket
U00789,2024-10-14,feature_use
U00789,2024-07-07,login
U00789,2023-08-28,support_ticket
U00789,2023-10-25,support_ticket
U00789,2024-08-04,support_ticket
U00789,2024-07-13,support_ticket
U00789,2024-09-06,support_ticket
U00789,2024-10-21,support_ticket
U00789,2024-02-02,login
U00789,2024-02-23,support_ticket
U00789,2024-08-01,support_ticket
U00789,2024-02-02,feature_use
U00789,2023-08-09,login
U00789,2024-05-11,login
U00789,2023-12-29,support_ticket
U00789,2024-11-06,login
U00789,2024-09-22,feature_use
U00790,2024-09-04,feature_use
U00790,2024-10-30,login
U00790,2024-06-18,login
U00790,2024-11-17,support_ticket
U00790,2024-07-31,support_ticket
U00790,2023-12-13,feature_use
U00790,2024-01-30,login
U00790,2024-10-29,login
U00790,2023-12-06,login
U00790,2024-10-11,support_ticket
U00790,2024-03-10,support_ticket
U00791,2024-07-04,login
U00791,2024-07-19,login
U00791,2024-12-20,support_ticket
U00791,2024-11-14,feature_use
U00791,2024-09-18,feature_use
U00791,2024-09-26,login
U00791,2024-09-30,login
U00791,2024-06-13,login
U00791,2024-11-21,feature_use
U00791,2024-08-05,feature_use
U00791,2024-12-24,feature_use
U00791,2024-10-15,login
U00791,2024-09-13,feature_use
U00791,2024-09-24,feature_use
U00791,2024-06-09,feature_use
U00791,2024-11-19,login
U00791,2024-11-04,support_ticket
U00791,2024-12-04,login
U00791,2024-09-05,feature_use
U00791,2024-11-24,feature_use
U00791,2024-10-12,feature_use
U00791,2024-07-28,support_ticket
U00791,2024-09-21,feature_use
U00791,2024-10-09,login
U00791,2024-08-29,feature_use
U00791,2024-09-17,feature_use
U00791,2024-07-30,support_ticket
U00791,2024-08-10,login
U00791,2024-09-17,feature_use
U00791,2024-12-11,support_ticket
U00791,2024-06-10,support_ticket
U00791,2024-12-16,feature_use
U00791,2024-08-17,feature_use
U00791,2024-10-27,support_ticket
U00791,2024-10-23,feature_use
U00791,2024-12-17,login
U00791,2024-12-09,support_ticket
U00791,2024-06-21,feature_use
U00791,2024-10-19,support_ticket
U00791,2024-09-26,support_ticket
U00792,2023-05-14,login
U00792,2024-02-17,login
U00792,2023-06-20,login
U00792,2024-11-08,login
U00792,2024-05-21,feature_use
U00792,2023-07-24,feature_use
U00792,2023-12-19,feature_use
U00792,2024-08-17,login
U00792,2023-04-18,support_ticket
U00792,2024-02-14,support_ticket
U00792,2023-05-07,feature_use
U00792,2023-03-30,login
U00793,2023-10-05,login
U00793,2023-07-25,support_ticket
U00793,2024-11-19,feature_use
U00793,2024-10-31,support_ticket
U00793,2022-09-18,login
U00793,2022-10-01,login
U00793,2024-04-20,support_ticket
U00793,2022-10-31,login
U00793,2023-12-10,login
U00793,2024-02-18,support_ticket
U00793,2023-07-29,feature_use
U00793,2023-10-11,feature_use
U00793,2024-10-20,support_ticket
U00793,2023-04-30,support_ticket
U00793,2023-07-18,support_ticket
U00793,2024-01-26,feature_use
U00793,2023-05-12,feature_use
U00793,2024-10-15,support_ticket
U00793,2023-04-30,support_ticket
U00793,2024-06-17,login
U00793,2024-03-25,support_ticket
U00793,2023-06-14,login
U00793,2023-04-08,login
U00794,2024-08-02,feature_use
U00794,2024-08-25,feature_use
U00794,2024-07-16,login
U00794,2024-07-30,login
U00794,2024-01-17,login
U00794,2024-02-15,login
U00794,2024-05-02,feature_use
U00794,2024-01-08,support_ticket
U00794,2024-08-08,support_ticket
U00794,2024-03-13,support_ticket
U00794,2024-12-14,support_ticket
U00794,2024-02-02,feature_use
U00794,2024-09-22,login
U00794,2023-12-28,login
U00794,2024-08-29,support_ticket
U00794,2023-11-26,login
U00794,2024-11-25,feature_use
U00794,2024-09-07,feature_use
U00794,2024-11-21,login
U00794,2024-08-26,feature_use
U00794,2024-01-29,support_ticket
U00794,2024-08-26,feature_use
U00794,2023-12-07,login
U00794,2024-04-13,support_ticket
U00794,2024-06-21,support_ticket
U00794,2024-09-19,support_ticket
U00794,2024-12-29,support_ticket
U00794,2023-11-23,support_ticket
U00794,2024-10-19,login
U00794,2024-11-28,login
U00794,2024-03-10,support_ticket
U00794,2024-08-08,support_ticket
U00794,2024-06-21,support_ticket
U00794,2024-06-06,feature_use
U00794,2024-05-22,feature_use
U00794,2023-11-23,support_ticket
U00794,2024-05-21,login
U00794,2024-11-11,support_ticket
U00794,2024-08-26,feature_use
U00794,2023-12-11,login
U00794,2024-12-08,feature_use
U00795,2024-08-27,login
U00795,2024-07-15,support_ticket
U00795,2024-11-22,feature_use
U00795,2024-07-08,login
U00795,2024-06-30,feature_use
U00795,2024-02-24,feature_use
U00796,2024-08-23,support_ticket
U00796,2023-12-08,login
U00796,2024-05-27,login
U00796,2024-05-18,login
U00796,2024-03-26,login
U00796,2023-11-21,support_ticket
U00796,2024-09-21,support_ticket
U00796,2024-08-05,login
U00796,2024-07-20,support_ticket
U00796,2024-11-19,support_ticket
U00796,2024-10-23,feature_use
U00796,2024-08-26,login
U00796,2023-12-01,feature_use
U00796,2024-09-19,feature_use
U00796,2024-01-02,support_ticket
U00796,2023-11-24,login
U00796,2024-04-28,login
U00796,2024-02-25,feature_use
U00796,2024-06-12,login
U00796,2024-06-08,feature_use
U00796,2023-10-30,login
U00796,2023-12-23,login
U00796,2023-10-09,feature_use
U00796,2024-05-17,feature_use
U00796,2023-09-28,feature_use
U00796,2024-04-11,feature_use
U00796,2024-03-25,feature_use
U00796,2024-05-09,login
U00796,2024-06-29,login
U00796,2024-08-25,support_ticket
U00796,2024-06-12,support_ticket
U00796,2024-07-06,login
U00796,2024-09-24,login
U00796,2024-11-20,login
U00796,2023-09-30,login
U00796,2024-05-28,feature_use
U00796,2024-02-10,feature_use
U00796,2024-01-16,login
U00796,2024-03-01,support_ticket
U00796,2024-07-15,login
U00796,2023-12-30,support_ticket
U00796,2024-11-01,login
U00796,2023-12-16,feature_use
U00796,2023-09-06,feature_use
U00796,2024-04-11,feature_use
U00796,2024-05-28,feature_use
U00796,2023-10-26,support_ticket
U00797,2023-05-02,feature_use
U00797,2024-12-26,support_ticket
U00797,2024-03-07,support_ticket
U00797,2023-05-08,feature_use
U00797,2023-10-07,feature_use
U00797,2024-12-17,feature_use
U00797,2023-01-14,login
U00797,2023-12-29,feature_use
U00797,2024-06-22,feature_use
U00797,2024-03-12,feature_use
U00797,2024-10-24,feature_use
U00797,2023-02-15,support_ticket
U00797,2024-12-11,feature_use
U00797,2023-09-29,login
U00797,2024-02-16,feature_use
U00797,2023-05-10,feature_use
U00797,2024-02-07,support_ticket
U00797,2023-09-13,feature_use
U00797,2024-10-04,support_ticket
U00797,2024-05-07,login
U00797,2023-10-06,login
U00797,2024-11-16,feature_use
U00797,2024-09-10,support_ticket
U00797,2024-06-19,login
U00797,2024-11-03,login
U00797,2024-04-26,feature_use
U00797,2023-02-24,login
U00797,2023-03-04,feature_use
U00797,2024-12-02,feature_use
U00797,2024-03-11,login
U00797,2023-07-05,support_ticket
U00797,2023-10-28,login
U00797,2023-10-03,feature_use
U00797,2024-01-22,feature_use
U00797,2024-12-02,feature_use
U00797,2024-03-30,login
U00797,2024-09-04,feature_use
U00797,2023-01-10,support_ticket
U00797,2024-01-07,support_ticket
U00797,2022-11-19,support_ticket
U00797,2024-05-20,login
U00797,2024-04-09,support_ticket
U00797,2023-06-12,login
U00797,2024-06-28,login
U00797,2023-08-02,feature_use
U00797,2023-10-07,support_ticket
U00798,2024-07-09,feature_use
U00798,2024-09-20,support_ticket
U00798,2024-11-15,login
U00798,2024-08-15,support_ticket
U00798,2024-09-10,support_ticket
U00798,2024-10-03,feature_use
U00798,2024-07-22,support_ticket
U00798,2024-08-11,login
U00799,2024-12-16,login
U00799,2024-11-25,feature_use
U00799,2024-12-19,feature_use
U00799,2024-11-18,feature_use
U00799,2024-12-29,feature_use
U00799,2024-12-08,login
U00799,2024-12-01,login
U00799,2024-11-30,feature_use
U00799,2024-12-26,feature_use
U00799,2024-12-13,support_ticket
U00799,2024-11-18,feature_use
U00799,2024-11-22,support_ticket
U00799,2024-12-14,login
U00799,2024-12-20,login
U00799,2024-12-31,login
U00799,2024-11-27,support_ticket
U00799,2024-12-27,login
U00799,2024-12-09,login
U00799,2024-12-04,login
U00799,2024-12-22,support_ticket
U00799,2024-12-27,support_ticket
U00799,2024-12-04,login
U00799,2024-12-25,support_ticket
U00799,2024-12-12,support_ticket
U00799,2024-12-04,support_ticket
U00799,2024-12-09,support_ticket
U00799,2024-11-26,feature_use
U00799,2024-12-06,support_ticket
U00799,2024-12-31,login
U00799,2024-11-23,support_ticket
U00799,2024-12-10,login
U00799,2024-11-23,support_ticket
U00799,2024-12-15,feature_use
U00799,2024-12-21,feature_use
U00799,2024-12-10,support_ticket
U00799,2024-12-28,feature_use
U00799,2024-12-28,support_ticket
U00799,2024-11-21,feature_use
U00799,2024-12-13,login
U00800,2024-11-16,login
U00800,2024-12-12,login
U00800,2024-10-10,support_ticket
U00800,2023-11-17,login
U00800,2024-09-03,support_ticket
U00800,2024-12-29,feature_use
U00800,2023-10-15,support_ticket
U00800,2023-11-27,support_ticket
U00800,2023-12-22,login
U00800,2024-05-17,support_ticket
U00800,2023-08-30,feature_use
U00800,2023-12-02,feature_use
U00800,2023-12-31,support_ticket
U00800,2024-06-21,feature_use
U00800,2024-11-16,support_ticket
U00800,2023-10-17,support_ticket
U00800,2024-03-01,feature_use
U00800,2024-02-20,feature_use
U00800,2024-01-19,login
U00800,2024-11-03,support_ticket
U00800,2024-07-08,login
U00800,2024-02-08,support_ticket
U00800,2024-12-01,support_ticket
U00800,2024-11-26,login
U00800,2023-10-12,feature_use
U00800,2024-09-25,login
U00800,2023-09-25,login
U00800,2024-02-23,feature_use
U00800,2023-12-23,login
U00800,2023-12-11,login
U00800,2024-05-14,login
U00800,2024-04-06,feature_use
U00800,2023-12-05,feature_use
U00800,2024-08-05,feature_use
U00800,2024-11-17,support_ticket
U00800,2023-09-03,feature_use
U00800,2024-04-14,support_ticket
U00800,2024-10-19,support_ticket
U00800,2024-12-29,feature_use
U00800,2024-03-01,feature_use
U00800,2023-10-20,feature_use
U00801,2024-11-08,support_ticket
U00801,2024-06-09,login
U00801,2024-07-07,login
U00801,2024-10-03,login
U00801,2024-12-23,feature_use
U00801,2024-06-26,support_ticket
U00801,2024-10-24,support_ticket
U00801,2024-09-06,feature_use
U00801,2024-08-26,support_ticket
U00801,2024-07-15,feature_use
U00801,2024-11-09,feature_use
U00801,2024-04-24,support_ticket
U00801,2024-12-23,support_ticket
U00801,2024-06-27,login
U00801,2024-04-09,support_ticket
U00801,2024-06-25,feature_use
U00801,2024-11-09,login
U00801,2024-12-21,support_ticket
U00801,2024-08-25,feature_use
U00801,2024-11-24,support_ticket
U00801,2024-07-17,feature_use
U00801,2024-07-15,login
U00801,2024-10-19,login
U00801,2024-08-01,login
U00801,2024-08-27,feature_use
U00801,2024-04-20,login
U00801,2024-11-25,login
U00801,2024-10-17,login
U00801,2024-12-18,login
U00801,2024-07-28,login
U00801,2024-10-23,feature_use
U00801,2024-04-24,support_ticket
U00801,2024-08-22,support_ticket
U00801,2024-12-10,feature_use
U00801,2024-05-10,support_ticket
U00801,2024-05-15,feature_use
U00801,2024-07-30,feature_use
U00802,2022-07-15,support_ticket
U00802,2021-06-25,login
U00802,2021-10-27,login
U00802,2021-11-02,feature_use
U00802,2023-08-07,login
U00802,2023-05-24,feature_use
U00802,2022-04-17,login
U00802,2024-03-24,feature_use
U00802,2023-04-29,feature_use
U00802,2023-01-02,login
U00802,2022-12-01,login
U00802,2024-04-12,support_ticket
U00802,2023-02-23,feature_use
U00802,2024-09-27,feature_use
U00802,2022-02-21,login
U00802,2024-07-06,feature_use
U00802,2021-09-18,login
U00802,2024-11-04,login
U00802,2024-02-27,feature_use
U00802,2024-03-30,feature_use
U00802,2021-09-26,login
U00802,2023-06-08,support_ticket
U00802,2023-08-13,support_ticket
U00802,2021-07-14,support_ticket
U00802,2024-12-27,login
U00802,2022-04-25,feature_use
U00802,2021-04-28,feature_use
U00802,2023-08-21,support_ticket
U00802,2021-05-22,support_ticket
U00802,2021-11-14,feature_use
U00802,2022-10-04,support_ticket
U00802,2024-12-27,feature_use
U00802,2022-05-29,support_ticket
U00802,2024-11-04,support_ticket
U00802,2021-11-18,support_ticket
U00802,2023-06-02,login
U00802,2023-01-15,feature_use
U00802,2021-09-11,login
U00802,2023-08-16,feature_use
U00802,2024-10-20,feature_use
U00802,2024-05-07,support_ticket
U00802,2022-11-26,feature_use
U00802,2023-12-05,login
U00802,2022-02-12,login
U00802,2023-09-14,feature_use
U00802,2021-08-08,login
U00803,2023-06-29,login
U00803,2023-02-22,support_ticket
U00803,2023-01-19,feature_use
U00803,2023-06-13,support_ticket
U00803,2023-05-20,login
U00803,2024-07-16,login
U00803,2022-05-03,support_ticket
U00803,2022-01-16,support_ticket
U00803,2024-07-23,login
U00803,2024-11-06,feature_use
U00803,2022-02-03,login
U00803,2023-04-29,support_ticket
U00803,2022-02-06,feature_use
U00803,2022-02-16,feature_use
U00803,2024-05-22,feature_use
U00803,2022-06-27,feature_use
U00803,2024-12-27,feature_use
U00803,2023-04-09,login
U00803,2023-01-27,login
U00803,2024-10-04,login
U00803,2023-05-21,feature_use
U00803,2023-09-25,feature_use
U00803,2023-05-23,support_ticket
U00803,2022-04-30,login
U00803,2022-11-20,feature_use
U00803,2022-12-15,login
U00803,2021-12-27,login
U00803,2024-10-20,support_ticket
U00803,2022-05-12,feature_use
U00803,2022-12-21,login
U00803,2024-10-23,support_ticket
U00803,2023-12-11,login
U00803,2022-07-30,feature_use
U00803,2024-02-27,support_ticket
U00803,2021-12-23,login
U00803,2022-11-04,feature_use
U00803,2024-05-14,login
U00803,2023-10-31,login
U00803,2023-10-17,login
U00803,2024-08-19,support_ticket
U00803,2023-03-27,support_ticket
U00803,2022-09-20,feature_use
U00803,2022-04-24,login
U00803,2023-08-12,login
U00803,2022-04-05,login
U00803,2022-11-26,feature_use
U00803,2022-03-19,support_ticket
U00803,2022-11-25,feature_use
U00804,2024-11-23,feature_use
U00804,2024-07-31,login
U00804,2024-11-13,login
U00804,2024-10-30,feature_use
U00804,2024-09-06,login
U00804,2024-12-13,login
U00804,2024-10-24,support_ticket
U00804,2024-10-01,feature_use
U00804,2024-08-27,login
U00804,2024-11-22,support_ticket
U00804,2024-11-21,feature_use
U00804,2024-08-01,support_ticket
U00804,2024-11-13,feature_use
U00804,2024-12-28,support_ticket
U00804,2024-06-27,login
U00804,2024-08-19,login
U00804,2024-11-03,feature_use
U00804,2024-12-03,feature_use
U00804,2024-07-17,feature_use
U00804,2024-11-12,feature_use
U00804,2024-12-07,login
U00805,2024-10-31,support_ticket
U00805,2024-12-05,login
U00805,2024-12-07,login
U00805,2024-11-29,support_ticket
U00805,2024-12-30,feature_use
U00805,2024-11-08,feature_use
U00805,2024-10-29,feature_use
U00805,2024-11-10,support_ticket
U00805,2024-11-11,login
U00805,2024-12-24,feature_use
U00805,2024-11-16,login
U00805,2024-11-02,support_ticket
U00805,2024-11-01,feature_use
U00806,2024-08-12,feature_use
U00806,2024-11-13,support_ticket
U00806,2024-07-14,support_ticket
U00806,2024-05-11,support_ticket
U00806,2024-04-23,feature_use
U00806,2024-05-20,feature_use
U00806,2024-07-24,support_ticket
U00806,2024-03-23,login
U00806,2024-06-28,support_ticket
U00806,2024-07-27,feature_use
U00806,2024-10-05,support_ticket
U00806,2024-12-01,support_ticket
U00806,2024-08-06,support_ticket
U00806,2024-10-06,feature_use
U00806,2024-11-22,login
U00806,2024-11-18,feature_use
U00806,2024-08-07,support_ticket
U00806,2024-09-27,feature_use
U00806,2024-09-27,login
U00806,2024-10-30,login
U00806,2024-07-08,feature_use
U00807,2021-06-06,feature_use
U00807,2023-09-28,feature_use
U00807,2021-09-08,login
U00807,2021-02-21,support_ticket
U00807,2021-09-12,support_ticket
U00807,2021-02-11,login
U00807,2023-07-21,support_ticket
U00807,2024-06-08,login
U00807,2023-12-01,support_ticket
U00807,2021-12-20,feature_use
U00807,2021-11-06,support_ticket
U00807,2024-11-28,support_ticket
U00807,2024-08-11,feature_use
U00807,2021-02-17,feature_use
U00807,2022-04-26,support_ticket
U00807,2022-06-28,feature_use
U00807,2021-10-05,feature_use
U00807,2021-03-17,login
U00807,2023-04-29,support_ticket
U00807,2022-12-12,feature_use
U00807,2023-07-31,feature_use
U00807,2021-11-06,support_ticket
U00807,2023-07-09,feature_use
U00807,2024-04-01,feature_use
U00807,2024-03-28,login
U00807,2022-04-28,support_ticket
U00807,2021-08-29,feature_use
U00807,2022-03-17,feature_use
U00807,2023-09-28,support_ticket
U00808,2024-08-20,feature_use
U00808,2023-10-08,feature_use
U00808,2024-11-24,login
U00808,2024-01-17,feature_use
U00808,2024-01-12,feature_use
U00808,2024-06-05,feature_use
U00808,2023-10-15,support_ticket
U00808,2024-10-16,login
U00808,2023-12-19,login
U00809,2024-12-24,feature_use
U00809,2024-11-30,support_ticket
U00809,2024-12-08,login
U00809,2024-12-29,feature_use
U00809,2024-11-17,support_ticket
U00809,2024-12-26,support_ticket
U00809,2024-12-07,login
U00809,2024-11-26,support_ticket
U00809,2024-12-20,feature_use
U00809,2024-11-30,feature_use
U00809,2024-12-30,login
U00809,2024-11-20,login
U00809,2024-12-01,support_ticket
U00809,2024-12-23,feature_use
U00809,2024-12-31,feature_use
U00809,2024-12-14,feature_use
U00809,2024-12-02,support_ticket
U00809,2024-12-16,login
U00810,2024-09-23,feature_use
U00810,2024-06-18,login
U00810,2024-03-14,support_ticket
U00810,2024-09-04,login
U00810,2024-08-14,feature_use
U00810,2024-06-15,support_ticket
U00810,2023-11-28,support_ticket
U00810,2024-03-31,feature_use
U00810,2024-12-19,feature_use
U00810,2024-04-14,support_ticket
U00810,2024-06-26,feature_use
U00810,2024-02-21,support_ticket
U00810,2024-05-09,login
U00810,2024-11-27,login
U00810,2024-09-28,login
U00810,2024-11-23,support_ticket
U00810,2024-03-01,login
U00810,2024-04-17,feature_use
U00810,2024-02-07,feature_use
U00810,2024-07-28,support_ticket
U00810,2024-08-17,login
U00810,2023-11-20,support_ticket
U00810,2024-11-09,login
U00810,2024-03-23,login
U00810,2024-10-20,support_ticket
U00810,2024-07-05,feature_use
U00810,2024-05-31,support_ticket
U00810,2024-09-16,feature_use
U00810,2024-02-11,login
U00810,2024-06-23,support_ticket
U00810,2024-01-15,login
U00810,2024-10-09,support_ticket
U00810,2024-09-27,support_ticket
U00810,2024-06-14,support_ticket
U00810,2024-06-13,login
U00810,2024-10-05,support_ticket
U00810,2024-05-29,support_ticket
U00810,2024-08-21,login
U00810,2024-05-10,feature_use
U00810,2024-07-10,feature_use
U00810,2024-01-25,login
U00810,2024-05-22,login
U00810,2024-03-30,login
U00810,2023-12-24,login
U00810,2024-03-08,support_ticket
U00810,2024-04-11,feature_use
U00810,2024-08-04,support_ticket
U00810,2024-05-26,feature_use
U00811,2022-03-01,feature_use
U00811,2023-03-10,feature_use
U00811,2022-03-31,support_ticket
U00811,2021-09-21,support_ticket
U00811,2022-02-26,support_ticket
U00811,2022-01-03,login
U00811,2024-02-06,support_ticket
U00811,2024-11-05,support_ticket
U00811,2024-05-05,support_ticket
U00811,2023-05-29,support_ticket
U00811,2022-04-10,feature_use
U00811,2024-08-02,support_ticket
U00812,2022-07-10,support_ticket
U00812,2024-06-06,login
U00812,2023-10-20,login
U00812,2024-02-11,support_ticket
U00812,2024-01-15,feature_use
U00812,2023-03-31,feature_use
U00812,2023-06-08,login
U00812,2023-09-21,login
U00812,2024-09-19,feature_use
U00812,2023-04-21,login
U00812,2023-12-18,feature_use
U00812,2024-06-04,feature_use
U00812,2022-04-14,feature_use
U00812,2022-11-08,feature_use
U00812,2023-08-06,feature_use
U00812,2022-09-12,feature_use
U00812,2023-11-16,login
U00812,2022-03-10,login
U00812,2023-09-08,login
U00812,2024-08-27,feature_use
U00812,2024-06-18,login
U00812,2022-12-31,login
U00812,2022-11-07,login
U00812,2024-07-13,feature_use
U00812,2022-05-22,feature_use
U00812,2024-11-20,login
U00812,2024-06-19,support_ticket
U00812,2023-01-25,login
U00812,2024-12-25,support_ticket
U00812,2024-01-06,support_ticket
U00812,2023-11-16,login
U00812,2024-09-14,login
U00812,2023-08-30,feature_use
U00812,2024-11-19,support_ticket
U00812,2022-12-31,feature_use
U00812,2022-10-22,support_ticket
U00812,2024-11-08,support_ticket
U00812,2023-04-04,feature_use
U00812,2024-06-13,support_ticket
U00812,2023-12-19,feature_use
U00812,2024-08-29,support_ticket
U00812,2024-03-20,support_ticket
U00813,2024-11-28,support_ticket
U00813,2024-12-12,support_ticket
U00813,2024-10-19,support_ticket
U00813,2024-11-18,login
U00813,2024-09-25,support_ticket
U00813,2024-10-29,login
U00813,2024-12-02,support_ticket
U00813,2024-12-16,login
U00813,2024-11-02,support_ticket
U00813,2024-12-18,support_ticket
U00813,2024-09-25,feature_use
U00813,2024-12-15,feature_use
U00813,2024-11-15,login
U00813,2024-11-28,feature_use
U00813,2024-10-12,support_ticket
U00813,2024-11-08,login
U00813,2024-12-25,support_ticket
U00813,2024-10-01,feature_use
U00813,2024-10-25,login
U00813,2024-12-16,login
U00813,2024-10-20,login
U00813,2024-10-08,feature_use
U00813,2024-11-05,login
U00813,2024-09-23,feature_use
U00813,2024-10-03,login
U00813,2024-09-30,feature_use
U00813,2024-12-14,feature_use
U00813,2024-11-20,feature_use
U00813,2024-11-02,login
U00813,2024-11-18,login
U00813,2024-11-13,login
U00813,2024-10-07,feature_use
U00813,2024-11-30,support_ticket
U00813,2024-12-21,support_ticket
U00814,2023-05-27,feature_use
U00814,2024-04-26,login
U00814,2024-01-10,login
U00814,2024-04-06,feature_use
U00814,2023-08-12,support_ticket
U00814,2024-05-25,login
U00814,2024-09-16,support_ticket
U00814,2024-10-25,login
U00814,2023-12-09,login
U00814,2024-07-19,support_ticket
U00814,2024-11-16,login
U00814,2024-06-23,support_ticket
U00814,2024-04-02,feature_use
U00814,2024-03-24,login
U00814,2023-08-01,feature_use
U00814,2023-03-18,login
U00814,2024-02-02,feature_use
U00814,2023-10-21,login
U00814,2024-03-22,support_ticket
U00814,2023-10-06,support_ticket
U00814,2023-04-20,feature_use
U00814,2024-07-17,feature_use
U00814,2024-04-17,feature_use
U00814,2024-06-19,login
U00814,2024-01-20,feature_use
U00814,2023-04-07,feature_use
U00814,2024-03-10,feature_use
U00814,2024-07-19,login
U00814,2024-12-11,login
U00814,2023-09-08,feature_use
U00814,2024-11-07,login
U00814,2024-03-17,support_ticket
U00814,2023-06-01,feature_use
U00814,2024-02-05,login
U00815,2024-02-05,feature_use
U00815,2023-10-05,login
U00815,2024-04-19,login
U00815,2024-11-24,login
U00815,2023-11-03,login
U00815,2024-01-05,support_ticket
U00815,2023-09-25,support_ticket
U00815,2024-10-15,feature_use
U00815,2024-10-22,feature_use
U00815,2024-09-18,feature_use
U00815,2024-05-19,support_ticket
U00815,2023-08-04,feature_use
U00815,2024-03-26,support_ticket
U00815,2024-01-30,feature_use
U00815,2024-01-07,support_ticket
U00815,2023-11-24,support_ticket
U00815,2024-09-24,support_ticket
U00815,2024-05-10,login
U00815,2024-07-07,login
U00815,2024-01-17,support_ticket
U00815,2024-10-17,login
U00815,2024-11-19,support_ticket
U00815,2023-08-12,feature_use
U00815,2023-10-08,login
U00815,2023-09-01,feature_use
U00815,2024-11-05,login
U00815,2024-02-07,login
U00815,2024-03-15,feature_use
U00815,2024-10-27,support_ticket
U00815,2024-08-28,feature_use
U00815,2024-07-30,feature_use
U00815,2024-08-15,login
U00815,2024-09-21,login
U00815,2024-06-17,login
U00815,2023-08-30,feature_use
U00815,2023-08-11,support_ticket
U00815,2024-07-21,support_ticket
U00815,2024-08-08,feature_use
U00815,2023-08-08,feature_use
U00815,2024-01-07,support_ticket
U00815,2024-08-16,login
U00815,2024-09-11,support_ticket
U00815,2024-12-16,feature_use
U00815,2024-05-22,login
U00815,2023-12-07,login
U00815,2024-07-16,support_ticket
U00815,2024-10-17,support_ticket
U00816,2024-07-04,support_ticket
U00816,2024-08-14,support_ticket
U00816,2024-04-10,feature_use
U00816,2024-05-29,feature_use
U00816,2024-08-31,login
U00816,2024-02-10,feature_use
U00816,2024-12-20,login
U00816,2024-07-13,support_ticket
U00816,2024-07-19,login
U00816,2024-07-29,login
U00816,2024-09-27,support_ticket
U00816,2024-09-08,support_ticket
U00816,2024-07-27,login
U00816,2024-11-18,login
U00816,2024-09-23,support_ticket
U00816,2024-05-31,support_ticket
U00817,2024-11-22,login
U00817,2024-11-17,feature_use
U00817,2024-11-20,feature_use
U00817,2024-11-27,feature_use
U00817,2024-10-28,support_ticket
U00817,2024-11-03,support_ticket
U00817,2024-12-28,feature_use
U00817,2024-11-15,login
U00817,2024-11-20,feature_use
U00817,2024-12-18,login
U00817,2024-12-15,feature_use
U00817,2024-12-13,login
U00817,2024-12-05,login
U00817,2024-12-20,feature_use
U00817,2024-11-26,login
U00817,2024-11-13,login
U00817,2024-11-28,feature_use
U00817,2024-10-31,support_ticket
U00817,2024-12-30,login
U00817,2024-10-26,login
U00817,2024-11-29,support_ticket
U00817,2024-11-08,login
U00817,2024-12-21,login
U00817,2024-11-29,login
U00817,2024-11-27,login
U00817,2024-12-22,feature_use
U00818,2024-08-25,support_ticket
U00818,2024-09-25,support_ticket
U00818,2024-12-13,login
U00818,2024-11-06,login
U00818,2024-12-19,feature_use
U00818,2024-06-08,login
U00818,2024-05-25,support_ticket
U00818,2024-01-24,login
U00818,2024-09-25,login
U00818,2024-06-11,login
U00818,2024-03-02,support_ticket
U00818,2024-06-22,support_ticket
U00818,2024-07-26,login
U00818,2024-03-05,support_ticket
U00818,2024-12-27,support_ticket
U00818,2023-10-10,support_ticket
U00818,2023-11-19,feature_use
U00818,2023-09-27,login
U00818,2024-01-07,feature_use
U00818,2024-09-17,login
U00818,2024-03-11,login
U00818,2024-06-28,support_ticket
U00818,2023-11-15,support_ticket
U00818,2024-09-22,login
U00818,2024-03-10,feature_use
U00818,2024-09-16,login
U00818,2024-03-11,support_ticket
U00818,2024-06-10,support_ticket
U00818,2024-11-13,support_ticket
U00818,2024-04-27,support_ticket
U00818,2024-07-17,login
U00818,2024-08-08,login
U00818,2023-11-12,login
U00818,2023-10-24,login
U00818,2024-04-16,support_ticket
U00818,2024-04-18,support_ticket
U00818,2024-02-21,feature_use
U00818,2023-09-30,login
U00818,2024-08-09,login
U00818,2023-12-10,feature_use
U00819,2023-10-27,feature_use
U00819,2024-09-27,feature_use
U00819,2022-12-20,support_ticket
U00819,2022-11-20,login
U00819,2024-07-17,support_ticket
U00819,2024-08-05,support_ticket
U00819,2023-07-16,support_ticket
U00819,2024-01-13,login
U00819,2023-09-05,login
U00819,2022-09-16,feature_use
U00819,2024-11-09,feature_use
U00819,2024-04-22,support_ticket
U00819,2024-11-15,support_ticket
U00819,2024-10-05,feature_use
U00819,2024-03-15,support_ticket
U00819,2024-08-05,feature_use
U00819,2024-03-30,login
U00819,2024-12-09,login
U00819,2023-08-28,login
U00819,2024-12-24,support_ticket
U00819,2022-12-25,login
U00819,2023-04-02,login
U00819,2022-10-14,support_ticket
U00819,2024-12-05,feature_use
U00819,2024-08-26,feature_use
U00819,2023-08-08,feature_use
U00819,2024-06-28,feature_use
U00819,2023-12-15,support_ticket
U00819,2022-11-25,feature_use
U00819,2023-08-30,feature_use
U00819,2023-12-10,support_ticket
U00819,2024-05-02,login
U00820,2022-04-29,feature_use
U00820,2023-11-15,support_ticket
U00820,2023-03-25,login
U00820,2023-02-10,login
U00820,2024-11-10,support_ticket
U00820,2023-11-10,support_ticket
U00820,2024-05-16,feature_use
U00820,2023-01-28,support_ticket
U00820,2022-07-17,feature_use
U00820,2023-01-08,feature_use
U00820,2022-05-16,support_ticket
U00820,2023-05-05,login
U00820,2024-09-18,support_ticket
U00820,2024-03-29,support_ticket
U00820,2024-09-20,feature_use
U00820,2022-10-17,login
U00820,2024-06-01,login
U00820,2024-08-20,login
U00821,2024-12-29,login
U00821,2024-12-22,support_ticket
U00821,2024-12-31,feature_use
U00821,2024-12-26,feature_use
U00821,2024-12-17,login
U00821,2024-12-27,login
U00822,2024-12-25,feature_use
U00822,2024-12-29,feature_use
U00822,2024-12-24,support_ticket
U00822,2024-12-26,login
U00822,2024-12-30,support_ticket
U00822,2024-12-14,support_ticket
U00822,2024-12-24,support_ticket
U00822,2024-12-20,support_ticket
U00822,2024-12-21,feature_use
U00822,2024-12-15,support_ticket
U00822,2024-12-21,feature_use
U00822,2024-12-22,support_ticket
U00822,2024-12-22,login
U00822,2024-12-29,support_ticket
U00822,2024-12-30,feature_use
U00822,2024-12-31,support_ticket
U00822,2024-12-17,support_ticket
U00822,2024-12-19,login
U00823,2024-07-19,feature_use
U00823,2024-03-18,feature_use
U00823,2024-07-19,login
U00823,2023-12-10,feature_use
U00823,2024-08-15,support_ticket
U00823,2024-04-09,login
U00823,2024-05-01,feature_use
U00823,2024-08-27,login
U00823,2023-11-20,login
U00823,2024-04-09,support_ticket
U00823,2024-01-08,login
U00823,2024-10-26,login
U00823,2024-05-07,feature_use
U00823,2024-01-06,feature_use
U00823,2023-11-11,support_ticket
U00823,2023-12-24,support_ticket
U00823,2024-09-22,support_ticket
U00823,2024-09-04,feature_use
U00823,2024-03-01,support_ticket
U00823,2024-05-07,support_ticket
U00823,2024-11-03,support_ticket
U00823,2024-10-12,login
U00823,2023-12-01,login
U00823,2024-12-10,support_ticket
U00823,2023-09-19,login
U00823,2024-11-23,feature_use
U00823,2024-05-21,login
U00823,2024-08-22,login
U00823,2024-04-12,login
U00823,2024-06-24,feature_use
U00823,2024-03-13,login
U00823,2023-11-17,support_ticket
U00824,2024-05-21,support_ticket
U00824,2023-05-04,feature_use
U00824,2023-10-23,login
U00824,2024-09-17,feature_use
U00824,2024-05-27,login
U00824,2023-04-25,login
U00824,2024-11-20,support_ticket
U00824,2023-04-29,support_ticket
U00824,2023-03-24,support_ticket
U00824,2022-09-27,login
U00824,2024-08-13,login
U00824,2023-01-21,login
U00824,2024-08-06,support_ticket
U00824,2022-11-18,support_ticket
U00824,2023-09-29,support_ticket
U00824,2024-08-19,feature_use
U00824,2023-11-06,support_ticket
U00824,2024-04-27,login
U00824,2023-09-22,feature_use
U00824,2024-04-30,feature_use
U00824,2024-08-15,feature_use
U00824,2023-11-08,feature_use
U00824,2024-05-06,support_ticket
U00824,2022-12-01,login
U00824,2024-07-13,login
U00824,2022-10-04,support_ticket
U00824,2024-12-24,login
U00824,2023-05-13,login
U00824,2024-01-30,login
U00825,2024-07-26,login
U00825,2024-11-14,support_ticket
U00825,2024-06-16,feature_use
U00825,2024-03-29,login
U00825,2024-12-24,feature_use
U00825,2024-11-15,support_ticket
U00825,2024-11-18,support_ticket
U00825,2024-09-13,support_ticket
U00825,2024-07-11,login
U00825,2024-08-11,login
U00825,2024-05-27,feature_use
U00825,2024-07-06,support_ticket
U00825,2024-07-13,support_ticket
U00825,2024-05-25,login
U00825,2024-08-02,login
U00825,2024-09-20,feature_use
U00825,2024-11-19,feature_use
U00825,2024-06-20,feature_use
U00825,2024-11-08,feature_use
U00825,2024-09-21,feature_use
U00825,2024-09-09,login
U00825,2024-06-12,login
U00825,2024-12-11,support_ticket
U00825,2024-09-12,login
U00825,2024-05-06,login
U00825,2024-08-11,support_ticket
U00825,2024-08-25,feature_use
U00825,2024-04-06,login
U00825,2024-09-29,login
U00825,2024-12-16,login
U00825,2024-10-08,support_ticket
U00825,2024-12-18,feature_use
U00825,2024-12-22,support_ticket
U00825,2024-08-19,login
U00825,2024-03-28,support_ticket
U00825,2024-08-13,feature_use
U00825,2024-09-05,support_ticket
U00826,2024-11-10,support_ticket
U00826,2023-11-27,feature_use
U00826,2024-08-16,support_ticket
U00826,2024-02-01,feature_use
U00826,2024-07-18,login
U00826,2024-04-15,support_ticket
U00826,2023-11-25,support_ticket
U00826,2024-11-12,login
U00826,2024-09-08,feature_use
U00826,2023-11-22,login
U00826,2023-05-14,login
U00826,2024-02-07,feature_use
U00826,2024-05-10,login
U00826,2024-05-22,support_ticket
U00826,2024-07-17,support_ticket
U00826,2024-01-10,feature_use
U00826,2024-06-17,support_ticket
U00826,2024-06-25,support_ticket
U00826,2023-05-28,support_ticket
U00826,2024-10-23,support_ticket
U00826,2024-06-06,login
U00826,2024-05-17,support_ticket
U00826,2023-06-08,login
U00826,2024-10-27,feature_use
U00826,2024-12-12,support_ticket
U00826,2024-01-11,support_ticket
U00826,2024-02-18,support_ticket
U00826,2023-08-05,support_ticket
U00826,2023-05-25,login
U00826,2024-10-13,feature_use
U00826,2024-06-10,login
U00826,2023-11-10,support_ticket
U00826,2024-02-23,support_ticket
U00826,2023-05-11,login
U00826,2024-12-12,feature_use
U00826,2024-07-03,login
U00826,2024-08-07,feature_use
U00826,2024-10-24,feature_use
U00826,2023-08-07,feature_use
U00826,2023-10-07,support_ticket
U00826,2024-11-06,feature_use
U00826,2024-03-15,feature_use
U00826,2024-10-16,support_ticket
U00826,2024-08-06,support_ticket
U00826,2024-07-07,support_ticket
U00827,2024-08-11,feature_use
U00827,2024-03-07,support_ticket
U00827,2024-05-25,login
U00827,2024-11-24,login
U00827,2022-09-07,login
U00827,2024-03-03,support_ticket
U00827,2024-06-08,login
U00827,2022-09-10,login
U00827,2022-11-25,support_ticket
U00827,2023-05-06,login
U00828,2023-09-24,support_ticket
U00828,2023-10-11,support_ticket
U00828,2021-10-07,feature_use
U00828,2022-06-19,feature_use
U00828,2021-12-03,feature_use
U00828,2024-03-07,feature_use
U00828,2024-09-23,feature_use
U00828,2022-01-17,feature_use
U00828,2024-09-16,login
U00828,2024-08-11,support_ticket
U00828,2023-09-03,feature_use
U00828,2021-12-29,support_ticket
U00828,2021-07-09,support_ticket
U00828,2024-04-23,login
U00828,2021-06-14,support_ticket
U00828,2022-12-06,support_ticket
U00828,2023-06-04,support_ticket
U00828,2024-02-26,login
U00828,2022-12-21,login
U00828,2022-06-03,feature_use
U00828,2023-02-01,support_ticket
U00828,2024-09-29,feature_use
U00828,2023-10-26,feature_use
U00828,2022-03-01,support_ticket
U00828,2023-02-10,support_ticket
U00828,2022-07-22,login
U00828,2023-05-19,login
U00828,2024-01-02,login
U00828,2024-09-23,feature_use
U00828,2022-04-25,support_ticket
U00828,2023-04-21,login
U00828,2022-06-14,support_ticket
U00828,2022-08-29,feature_use
U00828,2022-08-06,login
U00828,2023-04-12,login
U00828,2023-11-12,feature_use
U00828,2023-07-15,support_ticket
U00829,2024-12-01,feature_use
U00829,2024-11-07,feature_use
U00829,2024-10-02,feature_use
U00829,2024-12-29,support_ticket
U00829,2024-12-14,login
U00829,2024-10-24,feature_use
U00829,2024-11-12,feature_use
U00829,2024-10-16,login
U00829,2024-10-01,support_ticket
U00829,2024-09-13,login
U00829,2024-10-13,support_ticket
U00829,2024-11-26,support_ticket
U00829,2024-10-31,support_ticket
U00829,2024-09-16,feature_use
U00829,2024-09-05,feature_use
U00829,2024-12-30,feature_use
U00829,2024-09-14,support_ticket
U00829,2024-12-28,support_ticket
U00829,2024-11-24,login
U00829,2024-12-25,support_ticket
U00829,2024-09-08,feature_use
U00829,2024-09-15,support_ticket
U00829,2024-11-17,support_ticket
U00829,2024-09-09,feature_use
U00829,2024-12-21,feature_use
U00829,2024-10-25,feature_use
U00829,2024-12-27,support_ticket
U00829,2024-10-27,support_ticket
U00829,2024-12-11,feature_use
U00829,2024-12-20,support_ticket
U00829,2024-10-09,feature_use
U00829,2024-09-24,support_ticket
U00829,2024-09-16,feature_use
U00830,2024-09-27,login
U00830,2024-02-04,login
U00830,2024-03-15,feature_use
U00830,2024-04-12,support_ticket
U00830,2024-08-10,login
U00830,2024-10-13,support_ticket
U00830,2023-10-04,login
U00830,2023-11-26,feature_use
U00830,2024-09-30,login
U00830,2024-03-25,support_ticket
U00830,2024-03-17,support_ticket
U00830,2023-11-21,feature_use
U00831,2024-10-07,feature_use
U00831,2024-07-21,feature_use
U00831,2024-04-23,feature_use
U00831,2024-01-14,feature_use
U00831,2024-10-21,login
U00831,2024-02-06,support_ticket
U00831,2024-09-20,login
U00831,2024-10-02,support_ticket
U00831,2024-05-02,support_ticket
U00831,2024-11-08,feature_use
U00831,2024-09-01,feature_use
U00831,2024-05-25,support_ticket
U00831,2024-08-08,support_ticket
U00831,2024-12-21,login
U00831,2024-04-11,support_ticket
U00831,2024-07-20,login
U00831,2024-05-21,support_ticket
U00831,2024-12-31,support_ticket
U00831,2024-11-15,login
U00831,2024-12-10,feature_use
U00831,2024-12-17,login
U00831,2024-03-03,support_ticket
U00831,2024-07-29,login
U00831,2024-08-21,feature_use
U00831,2024-07-28,support_ticket
U00832,2024-12-12,login
U00832,2024-11-28,support_ticket
U00832,2024-12-16,login
U00832,2024-12-17,feature_use
U00832,2024-12-21,login
U00832,2024-11-27,login
U00832,2024-12-21,login
U00832,2024-12-20,login
U00832,2024-12-03,login
U00832,2024-12-18,support_ticket
U00832,2024-11-30,feature_use
U00832,2024-12-12,login
U00832,2024-12-24,support_ticket
U00832,2024-12-25,support_ticket
U00832,2024-11-29,feature_use
U00832,2024-12-28,login
U00832,2024-12-01,login
U00832,2024-12-19,login
U00832,2024-12-26,support_ticket
U00832,2024-12-11,support_ticket
U00832,2024-12-22,feature_use
U00832,2024-12-06,feature_use
U00832,2024-12-06,support_ticket
U00832,2024-12-16,support_ticket
U00833,2023-10-24,feature_use
U00833,2024-03-12,feature_use
U00833,2021-12-15,feature_use
U00833,2023-08-20,feature_use
U00833,2024-07-05,support_ticket
U00833,2024-11-21,support_ticket
U00833,2021-10-26,feature_use
U00833,2022-02-10,login
U00833,2024-11-27,support_ticket
U00833,2023-10-07,support_ticket
U00833,2024-12-25,login
U00833,2023-06-09,feature_use
U00833,2024-09-09,login
U00833,2024-04-17,login
U00833,2021-11-21,support_ticket
U00833,2022-04-29,support_ticket
U00833,2022-12-31,login
U00833,2022-03-14,login
U00833,2022-05-02,feature_use
U00833,2024-06-20,support_ticket
U00833,2022-09-15,feature_use
U00833,2023-01-30,feature_use
U00833,2021-09-21,login
U00833,2021-12-21,login
U00833,2024-01-18,support_ticket
U00833,2024-08-13,feature_use
U00833,2022-01-14,feature_use
U00833,2024-05-31,feature_use
U00833,2022-01-30,support_ticket
U00833,2022-05-16,support_ticket
U00833,2021-12-28,support_ticket
U00833,2023-02-07,login
U00833,2023-09-17,login
U00833,2024-12-03,feature_use
U00833,2023-12-07,login
U00833,2024-04-06,feature_use
U00833,2023-08-28,feature_use
U00833,2024-09-27,support_ticket
U00833,2022-06-28,login
U00834,2024-10-21,feature_use
U00834,2024-06-21,support_ticket
U00834,2024-09-28,support_ticket
U00834,2024-12-23,support_ticket
U00834,2024-04-29,feature_use
U00834,2024-07-24,login
U00834,2024-07-02,login
U00834,2024-07-15,support_ticket
U00834,2024-08-08,login
U00834,2024-10-15,login
U00834,2024-11-26,support_ticket
U00834,2024-12-26,login
U00834,2024-10-24,support_ticket
U00834,2024-07-24,feature_use
U00834,2024-11-11,feature_use
U00834,2024-12-20,login
U00834,2024-11-12,support_ticket
U00834,2024-09-21,support_ticket
U00834,2024-12-27,feature_use
U00835,2022-11-02,support_ticket
U00835,2023-04-21,feature_use
U00835,2021-06-22,feature_use
U00835,2022-02-17,support_ticket
U00835,2022-08-29,login
U00835,2021-05-04,login
U00835,2024-05-15,feature_use
U00835,2021-07-23,support_ticket
U00835,2024-05-06,login
U00835,2024-04-23,feature_use
U00835,2023-01-21,feature_use
U00835,2023-01-09,feature_use
U00835,2021-06-05,support_ticket
U00835,2023-03-08,support_ticket
U00835,2021-11-27,support_ticket
U00835,2021-05-08,feature_use
U00835,2024-04-02,login
U00835,2021-11-22,login
U00835,2024-06-08,support_ticket
U00835,2024-05-26,support_ticket
U00835,2023-08-23,feature_use
U00835,2024-08-13,feature_use
U00835,2022-09-28,feature_use
U00835,2024-02-01,feature_use
U00835,2021-09-23,support_ticket
U00835,2022-06-22,feature_use
U00835,2024-04-06,support_ticket
U00835,2024-05-10,feature_use
U00835,2023-05-25,login
U00835,2023-06-09,support_ticket
U00835,2022-12-10,feature_use
U00836,2024-09-30,login
U00836,2024-09-27,feature_use
U00836,2024-11-20,feature_use
U00836,2024-10-08,support_ticket
U00836,2024-12-23,feature_use
U00836,2024-09-26,login
U00836,2024-11-29,support_ticket
U00836,2024-09-05,login
U00836,2024-11-17,login
U00836,2024-12-05,login
U00836,2024-08-18,feature_use
U00836,2024-07-30,login
U00836,2024-09-23,feature_use
U00836,2024-10-12,login
U00836,2024-12-17,support_ticket
U00836,2024-12-04,login
U00836,2024-10-11,feature_use
U00836,2024-08-11,feature_use
U00836,2024-09-10,login
U00836,2024-12-30,feature_use
U00836,2024-08-01,feature_use
U00836,2024-07-30,feature_use
U00836,2024-11-28,login
U00836,2024-11-13,login
U00836,2024-11-29,support_ticket
U00836,2024-12-21,feature_use
U00837,2024-11-24,login
U00837,2023-01-28,feature_use
U00837,2024-11-09,feature_use
U00837,2024-02-03,login
U00837,2023-11-11,feature_use
U00837,2021-08-26,support_ticket
U00837,2024-07-19,support_ticket
U00837,2023-05-05,support_ticket
U00837,2022-03-17,support_ticket
U00837,2024-09-07,login
U00837,2024-01-10,feature_use
U00837,2024-04-12,support_ticket
U00837,2022-11-11,feature_use
U00837,2024-01-03,feature_use
U00837,2022-09-17,support_ticket
U00838,2024-07-21,support_ticket
U00838,2024-05-21,feature_use
U00838,2024-05-20,feature_use
U00838,2024-10-11,feature_use
U00838,2024-05-11,support_ticket
U00838,2024-06-25,support_ticket
U00838,2024-08-08,feature_use
U00838,2024-11-30,support_ticket
U00838,2024-11-14,feature_use
U00838,2024-04-13,login
U00838,2023-12-29,login
U00838,2024-10-08,support_ticket
U00838,2024-07-04,support_ticket
U00838,2024-01-02,feature_use
U00838,2024-01-08,support_ticket
U00838,2024-06-28,feature_use
U00838,2023-09-28,feature_use
U00838,2023-12-28,support_ticket
U00838,2024-02-05,login
U00838,2024-02-15,feature_use
U00838,2024-01-01,feature_use
U00838,2024-04-26,feature_use
U00838,2024-01-15,login
U00838,2024-04-06,support_ticket
U00838,2023-11-14,login
U00838,2023-11-06,login
U00838,2024-05-11,feature_use
U00838,2024-05-15,feature_use
U00838,2024-04-09,feature_use
U00838,2024-03-09,login
U00838,2024-10-01,support_ticket
U00838,2023-10-06,support_ticket
U00838,2024-09-16,support_ticket
U00839,2024-05-26,feature_use
U00839,2023-11-12,feature_use
U00839,2024-10-14,login
U00839,2022-06-25,support_ticket
U00839,2022-10-27,support_ticket
U00839,2021-12-30,support_ticket
U00839,2021-12-06,login
U00839,2023-08-02,support_ticket
U00839,2021-11-03,feature_use
U00839,2023-05-19,feature_use
U00839,2022-05-29,feature_use
U00839,2023-01-23,feature_use
U00839,2023-07-30,support_ticket
U00839,2023-10-25,feature_use
U00839,2021-12-14,feature_use
U00839,2024-12-13,login
U00839,2024-12-22,login
U00839,2023-04-29,feature_use
U00839,2022-10-22,feature_use
U00839,2024-01-24,login
U00839,2024-05-27,login
U00839,2022-07-11,login
U00839,2023-01-31,login
U00839,2022-01-30,feature_use
U00839,2023-08-28,login
U00839,2022-11-27,feature_use
U00839,2022-11-11,support_ticket
U00839,2023-11-02,support_ticket
U00839,2024-06-02,feature_use
U00839,2024-10-22,login
U00839,2024-12-20,feature_use
U00839,2022-08-25,support_ticket
U00839,2022-10-24,support_ticket
U00839,2022-06-11,support_ticket
U00839,2024-01-13,login
U00839,2024-09-18,feature_use
U00839,2024-11-29,feature_use
U00839,2023-08-06,support_ticket
U00840,2024-09-17,support_ticket
U00840,2024-12-24,login
U00840,2024-07-22,login
U00840,2024-06-29,feature_use
U00840,2023-04-10,login
U00840,2024-07-07,feature_use
U00840,2023-02-12,support_ticket
U00840,2024-10-10,support_ticket
U00840,2023-04-10,feature_use
U00840,2024-01-17,feature_use
U00840,2022-01-14,support_ticket
U00840,2024-09-08,support_ticket
U00840,2024-09-06,support_ticket
U00840,2023-09-18,feature_use
U00840,2021-12-12,login
U00840,2023-07-11,feature_use
U00840,2023-12-05,support_ticket
U00840,2022-02-22,feature_use
U00840,2022-09-03,support_ticket
U00840,2024-02-16,login
U00840,2022-01-14,support_ticket
U00840,2022-05-06,login
U00840,2024-05-12,support_ticket
U00840,2023-03-08,support_ticket
U00840,2022-11-27,support_ticket
U00840,2022-09-18,feature_use
U00840,2023-11-18,login
U00840,2024-05-26,support_ticket
U00840,2022-10-10,feature_use
U00840,2023-07-06,feature_use
U00840,2023-03-21,login
U00840,2023-10-02,support_ticket
U00840,2023-08-05,support_ticket
U00840,2022-04-29,support_ticket
U00840,2023-11-09,feature_use
U00841,2023-11-02,login
U00841,2024-04-23,feature_use
U00841,2024-02-12,login
U00841,2024-06-27,support_ticket
U00841,2024-11-05,support_ticket
U00841,2024-12-29,feature_use
U00841,2023-11-25,feature_use
U00841,2024-10-16,support_ticket
U00841,2024-02-10,support_ticket
U00841,2023-10-18,support_ticket
U00841,2024-11-25,support_ticket
U00841,2024-10-08,support_ticket
U00841,2024-04-24,support_ticket
U00841,2023-09-19,support_ticket
U00841,2024-08-10,support_ticket
U00841,2024-02-04,login
U00841,2024-05-12,feature_use
U00841,2024-08-31,feature_use
U00841,2024-09-27,login
U00841,2024-08-20,support_ticket
U00841,2024-10-18,login
U00841,2024-03-06,login
U00841,2024-09-15,feature_use
U00841,2024-02-22,support_ticket
U00841,2024-07-18,feature_use
U00841,2023-11-13,feature_use
U00841,2024-05-26,login
U00841,2024-11-20,support_ticket
U00841,2024-12-29,feature_use
U00841,2023-09-19,feature_use
U00841,2024-09-15,support_ticket
U00841,2023-09-14,feature_use
U00841,2023-10-14,login
U00841,2024-11-11,login
U00841,2024-03-29,support_ticket
U00841,2024-04-01,feature_use
U00842,2022-06-25,login
U00842,2022-09-19,feature_use
U00842,2024-04-17,support_ticket
U00842,2023-06-24,support_ticket
U00842,2024-08-22,login
U00842,2023-02-23,feature_use
U00842,2023-12-28,login
U00842,2024-08-22,support_ticket
U00842,2022-12-28,login
U00842,2023-09-27,support_ticket
U00842,2023-01-28,feature_use
U00842,2022-08-04,login
U00842,2024-10-08,login
U00842,2024-10-21,login
U00842,2022-02-18,feature_use
U00842,2023-03-13,support_ticket
U00843,2024-12-03,support_ticket
U00843,2023-08-23,support_ticket
U00843,2023-03-16,login
U00843,2023-09-29,support_ticket
U00843,2023-05-02,support_ticket
U00843,2024-01-03,login
U00843,2023-10-17,support_ticket
U00844,2024-10-21,feature_use
U00844,2024-09-17,login
U00844,2024-11-04,feature_use
U00844,2024-10-21,feature_use
U00844,2024-11-21,feature_use
U00844,2024-09-02,feature_use
U00844,2024-10-27,feature_use
U00844,2024-10-14,feature_use
U00844,2024-11-08,feature_use
U00844,2024-10-24,login
U00844,2024-11-30,feature_use
U00844,2024-10-04,login
U00845,2024-06-12,support_ticket
U00845,2024-11-23,support_ticket
U00845,2024-08-14,feature_use
U00845,2024-12-03,login
U00845,2024-06-30,login
U00846,2023-06-15,login
U00846,2024-04-06,support_ticket
U00846,2024-11-01,support_ticket
U00846,2024-10-01,support_ticket
U00846,2023-07-11,login
U00846,2024-11-09,feature_use
U00846,2024-04-03,support_ticket
U00846,2024-08-06,login
U00846,2023-12-08,feature_use
U00846,2024-09-13,support_ticket
U00846,2024-02-28,feature_use
U00846,2024-08-31,support_ticket
U00846,2023-10-05,login
U00846,2024-10-26,login
U00846,2023-10-09,feature_use
U00846,2023-08-30,login
U00846,2024-02-23,login
U00846,2024-05-18,login
U00846,2024-08-26,support_ticket
U00846,2024-03-11,support_ticket
U00846,2024-01-11,login
U00846,2024-06-24,feature_use
U00846,2023-05-20,support_ticket
U00847,2023-07-24,feature_use
U00847,2023-07-20,login
U00847,2024-03-10,support_ticket
U00847,2024-04-03,support_ticket
U00847,2024-04-19,feature_use
U00847,2023-06-24,login
U00847,2024-01-10,login
U00847,2024-01-01,feature_use
U00847,2024-03-23,login
U00847,2023-05-07,login
U00847,2024-02-07,feature_use
U00847,2024-10-10,feature_use
U00847,2023-04-28,support_ticket
U00847,2024-10-12,support_ticket
U00847,2023-08-13,login
U00847,2024-12-25,feature_use
U00847,2023-04-17,feature_use
U00847,2024-10-29,support_ticket
U00847,2023-05-02,support_ticket
U00847,2024-04-21,feature_use
U00847,2024-12-05,feature_use
U00847,2024-12-22,login
U00847,2024-02-28,feature_use
U00847,2024-03-15,support_ticket
U00847,2024-08-24,login
U00847,2023-11-10,support_ticket
U00847,2024-05-01,login
U00847,2024-10-20,login
U00847,2024-05-11,feature_use
U00847,2024-08-04,login
U00847,2023-09-09,feature_use
U00847,2024-03-30,feature_use
U00847,2024-08-28,support_ticket
U00847,2023-07-02,feature_use
U00847,2023-05-03,support_ticket
U00847,2023-11-06,login
U00847,2024-03-16,login
U00847,2024-01-22,support_ticket
U00847,2023-09-29,feature_use
U00847,2023-12-28,support_ticket
U00847,2024-12-11,support_ticket
U00847,2024-05-14,feature_use
U00847,2023-12-03,support_ticket
U00847,2024-12-06,login
U00847,2023-05-05,support_ticket
U00847,2023-04-29,feature_use
U00847,2024-03-24,login
U00848,2024-08-12,support_ticket
U00848,2022-09-03,feature_use
U00848,2024-08-03,support_ticket
U00848,2024-03-01,support_ticket
U00848,2024-11-11,support_ticket
U00848,2023-10-17,feature_use
U00848,2024-05-24,login
U00848,2024-12-25,feature_use
U00848,2022-11-30,feature_use
U00848,2022-08-26,support_ticket
U00848,2024-03-27,feature_use
U00848,2022-12-06,support_ticket
U00848,2023-11-07,login
U00848,2024-03-16,support_ticket
U00848,2024-01-12,feature_use
U00848,2023-03-19,login
U00848,2024-01-07,login
U00848,2024-04-11,support_ticket
U00848,2022-12-12,feature_use
U00848,2023-10-06,support_ticket
U00848,2024-03-12,login
U00848,2023-04-01,login
U00848,2023-04-08,support_ticket
U00848,2024-02-25,feature_use
U00848,2023-09-08,support_ticket
U00848,2022-12-05,support_ticket
U00848,2023-02-16,support_ticket
U00848,2022-11-22,feature_use
U00848,2022-10-10,login
U00848,2023-09-10,feature_use
U00848,2023-07-15,feature_use
U00848,2023-10-08,feature_use
U00848,2023-01-20,feature_use
U00848,2023-11-08,login
U00848,2022-12-08,login
U00848,2023-08-08,login
U00848,2023-10-21,login
U00848,2022-12-24,feature_use
U00848,2023-10-02,support_ticket
U00848,2024-01-10,feature_use
U00848,2023-09-24,login
U00848,2024-10-12,login
U00849,2023-09-02,feature_use
U00849,2024-11-22,support_ticket
U00849,2024-06-19,support_ticket
U00849,2023-07-17,feature_use
U00849,2023-06-17,feature_use
U00849,2022-10-12,support_ticket
U00849,2022-11-04,support_ticket
U00849,2024-04-03,support_ticket
U00849,2024-02-03,support_ticket
U00849,2024-11-14,feature_use
U00849,2023-01-04,feature_use
U00849,2023-04-29,support_ticket
U00849,2023-04-17,login
U00849,2024-10-19,feature_use
U00849,2024-11-04,feature_use
U00849,2022-12-09,feature_use
U00849,2022-10-11,feature_use
U00849,2023-02-27,feature_use
U00849,2024-12-28,login
U00849,2023-06-02,feature_use
U00849,2023-12-06,login
U00849,2023-11-05,feature_use
U00849,2022-10-11,feature_use
U00849,2023-05-30,login
U00849,2023-09-17,login
U00849,2023-11-18,feature_use
U00849,2023-06-21,feature_use
U00849,2024-08-02,support_ticket
U00849,2024-01-29,support_ticket
U00849,2024-06-13,login
U00849,2024-05-09,feature_use
U00849,2024-09-29,support_ticket
U00849,2023-06-23,support_ticket
U00849,2023-09-16,feature_use
U00849,2022-12-01,support_ticket
U00849,2024-07-24,support_ticket
U00849,2024-11-29,login
U00849,2023-04-16,support_ticket
U00849,2024-12-19,feature_use
U00849,2024-03-28,login
U00849,2023-05-22,support_ticket
U00849,2024-02-04,feature_use
U00850,2022-05-11,login
U00850,2024-12-24,login
U00850,2024-09-02,login
U00850,2024-02-03,login
U00850,2024-12-06,feature_use
U00850,2023-06-05,support_ticket
U00850,2022-07-11,feature_use
U00850,2022-07-29,feature_use
U00850,2023-12-09,login
U00850,2024-04-29,feature_use
U00850,2022-04-12,feature_use
U00850,2024-01-19,feature_use
U00850,2023-02-12,login
U00850,2022-07-22,feature_use
U00850,2022-04-18,login
U00850,2023-07-30,login
U00850,2023-03-09,login
U00850,2023-06-05,feature_use
U00850,2023-07-08,feature_use
U00850,2022-01-31,support_ticket
U00850,2022-09-16,login
U00850,2024-01-06,support_ticket
U00850,2022-06-16,login
U00850,2022-10-07,support_ticket
U00850,2023-01-13,login
U00850,2023-08-15,feature_use
U00850,2022-01-03,login
U00850,2024-10-29,support_ticket
U00850,2023-07-29,feature_use
U00850,2022-05-06,support_ticket
U00850,2023-08-19,login
U00850,2024-04-19,feature_use
U00851,2024-07-30,feature_use
U00851,2024-12-16,support_ticket
U00851,2023-09-21,support_ticket
U00851,2024-04-25,support_ticket
U00851,2024-01-12,support_ticket
U00852,2024-05-20,login
U00852,2024-06-06,login
U00852,2023-12-25,feature_use
U00852,2024-01-13,login
U00852,2024-03-14,login
U00853,2024-07-21,login
U00853,2024-07-18,support_ticket
U00853,2023-12-03,feature_use
U00853,2024-05-14,login
U00853,2024-08-26,login
U00853,2023-11-02,feature_use
U00853,2024-04-13,login
U00853,2024-04-04,login
U00853,2023-12-19,login
U00853,2024-11-08,feature_use
U00853,2023-10-20,feature_use
U00853,2024-04-01,support_ticket
U00853,2024-03-23,feature_use
U00853,2024-01-13,feature_use
U00853,2024-11-10,support_ticket
U00853,2024-02-04,support_ticket
U00853,2024-09-26,support_ticket
U00853,2024-10-30,login
U00853,2024-06-09,support_ticket
U00853,2024-10-22,feature_use
U00853,2024-09-10,feature_use
U00853,2024-05-18,feature_use
U00853,2024-07-09,support_ticket
U00853,2024-04-07,feature_use
U00853,2024-06-10,support_ticket
U00853,2023-11-02,support_ticket
U00853,2024-01-12,feature_use
U00853,2024-06-22,support_ticket
U00853,2023-11-24,login
U00853,2023-11-28,feature_use
U00853,2024-04-23,feature_use
U00853,2024-07-08,feature_use
U00853,2023-11-05,support_ticket
U00853,2024-09-04,feature_use
U00853,2024-03-13,support_ticket
U00853,2023-12-28,support_ticket
U00853,2024-10-07,support_ticket
U00853,2024-12-22,login
U00853,2024-11-24,support_ticket
U00853,2024-02-02,login
U00853,2024-03-11,support_ticket
U00853,2024-03-20,feature_use
U00853,2024-07-12,support_ticket
U00853,2023-12-02,login
U00853,2023-09-02,login
U00853,2023-09-24,feature_use
U00853,2023-10-19,support_ticket
U00853,2024-08-15,login
U00853,2024-11-06,login
U00854,2024-02-26,support_ticket
U00854,2021-09-18,feature_use
U00854,2022-12-30,feature_use
U00854,2021-11-11,login
U00854,2024-09-27,support_ticket
U00854,2024-08-16,login
U00854,2022-09-10,login
U00854,2022-03-15,support_ticket
U00854,2023-06-03,support_ticket
U00854,2022-03-03,support_ticket
U00854,2021-09-20,login
U00854,2023-11-12,feature_use
U00854,2023-03-14,support_ticket
U00854,2021-09-11,login
U00854,2023-01-12,feature_use
U00854,2022-05-22,support_ticket
U00854,2021-12-16,login
U00854,2024-12-23,login
U00854,2024-06-09,support_ticket
U00854,2023-09-06,login
U00854,2022-01-13,login
U00854,2023-08-13,feature_use
U00854,2022-12-25,support_ticket
U00854,2024-05-06,support_ticket
U00854,2022-02-28,feature_use
U00854,2024-05-07,login
U00854,2023-02-02,login
U00854,2023-05-31,support_ticket
U00854,2022-02-07,login
U00854,2023-10-01,feature_use
U00854,2021-09-13,support_ticket
U00854,2023-12-27,login
U00854,2022-12-14,support_ticket
U00854,2023-10-06,feature_use
U00854,2021-12-19,feature_use
U00855,2023-09-05,login
U00855,2024-09-21,support_ticket
U00855,2024-01-23,login
U00855,2024-06-11,feature_use
U00855,2023-12-10,login
U00855,2024-07-07,login
U00855,2023-12-25,feature_use
U00855,2023-11-07,login
U00855,2024-07-08,login
U00855,2024-09-26,login
U00855,2023-10-03,login
U00855,2024-05-20,login
U00855,2023-10-16,feature_use
U00855,2024-12-01,support_ticket
U00855,2024-12-18,support_ticket
U00855,2023-08-16,feature_use
U00855,2023-12-15,support_ticket
U00855,2023-10-02,login
U00855,2024-11-29,support_ticket
U00855,2024-07-25,login
U00855,2024-10-03,support_ticket
U00855,2024-09-06,feature_use
U00855,2024-08-15,login
U00855,2024-03-04,feature_use
U00855,2023-11-01,feature_use
U00855,2024-01-12,login
U00855,2024-05-21,login
U00855,2024-10-24,login
U00855,2024-11-22,login
U00855,2023-09-22,support_ticket
U00856,2024-08-02,login
U00856,2023-08-14,login
U00856,2022-02-22,login
U00856,2022-02-06,support_ticket
U00856,2022-11-30,login
U00856,2022-05-03,feature_use
U00856,2024-03-28,login
U00856,2024-04-10,login
U00856,2024-09-30,login
U00856,2023-01-15,support_ticket
U00856,2023-08-22,feature_use
U00856,2023-08-24,support_ticket
U00856,2023-11-16,support_ticket
U00856,2024-07-24,support_ticket
U00856,2024-12-23,support_ticket
U00856,2023-01-03,login
U00856,2023-05-05,login
U00856,2024-08-19,login
U00856,2022-09-14,feature_use
U00856,2023-01-08,login
U00856,2023-03-17,login
U00856,2022-10-20,support_ticket
U00856,2024-08-02,support_ticket
U00856,2023-01-09,feature_use
U00856,2023-06-25,login
U00856,2022-09-03,feature_use
U00856,2023-06-10,support_ticket
U00856,2023-09-14,feature_use
U00856,2024-02-09,feature_use
U00856,2023-05-12,support_ticket
U00856,2022-07-10,support_ticket
U00856,2024-04-18,feature_use
U00856,2024-01-26,support_ticket
U00856,2023-07-20,feature_use
U00856,2022-05-03,login
U00856,2024-09-16,support_ticket
U00856,2023-01-07,support_ticket
U00856,2023-07-23,feature_use
U00856,2023-04-05,feature_use
U00856,2024-05-07,support_ticket
U00856,2024-12-23,login
U00856,2024-09-22,feature_use
U00856,2024-01-23,support_ticket
U00856,2024-02-04,support_ticket
U00856,2022-02-20,feature_use
U00856,2023-12-06,support_ticket
U00856,2023-05-31,support_ticket
U00856,2024-10-22,feature_use
U00857,2022-12-05,support_ticket
U00857,2024-04-16,support_ticket
U00857,2024-03-11,login
U00857,2024-08-14,support_ticket
U00857,2023-01-16,support_ticket
U00857,2023-06-02,login
U00857,2024-02-19,login
U00858,2024-10-22,login
U00858,2024-11-28,support_ticket
U00858,2024-12-16,login
U00858,2024-11-18,login
U00858,2024-11-08,login
U00858,2024-10-27,feature_use
U00858,2024-12-05,support_ticket
U00858,2024-12-05,feature_use
U00858,2024-10-15,login
U00858,2024-10-19,login
U00858,2024-11-21,feature_use
U00859,2024-06-28,support_ticket
U00859,2024-11-25,login
U00859,2024-07-28,feature_use
U00859,2024-07-22,login
U00859,2024-09-24,login
U00859,2024-07-19,feature_use
U00860,2024-11-07,support_ticket
U00860,2024-03-07,login
U00860,2024-06-07,support_ticket
U00860,2024-04-11,login
U00860,2024-12-15,feature_use
U00860,2024-06-13,login
U00860,2024-03-19,login
U00860,2024-06-03,login
U00861,2023-05-24,support_ticket
U00861,2023-09-07,login
U00861,2023-07-17,login
U00861,2023-06-05,feature_use
U00861,2023-06-27,support_ticket
U00861,2024-07-03,login
U00861,2024-12-07,support_ticket
U00861,2024-01-28,feature_use
U00861,2024-07-20,support_ticket
U00861,2023-12-13,login
U00861,2024-03-08,login
U00861,2024-12-09,support_ticket
U00861,2024-11-07,feature_use
U00861,2023-04-30,support_ticket
U00861,2023-06-15,support_ticket
U00861,2023-04-12,login
U00861,2024-03-06,feature_use
U00861,2024-06-25,login
U00861,2024-04-01,login
U00861,2024-06-01,login
U00861,2024-04-08,support_ticket
U00861,2024-04-12,login
U00861,2024-07-27,feature_use
U00862,2023-10-25,login
U00862,2023-04-08,login
U00862,2023-02-18,support_ticket
U00862,2021-12-11,login
U00862,2022-10-30,support_ticket
U00862,2023-11-24,feature_use
U00862,2022-05-03,login
U00862,2024-01-05,feature_use
U00862,2023-08-14,support_ticket
U00862,2024-02-29,login
U00862,2022-09-25,feature_use
U00862,2022-09-23,login
U00862,2023-11-04,feature_use
U00862,2024-04-03,feature_use
U00862,2023-05-26,login
U00862,2023-06-23,support_ticket
U00862,2022-01-12,feature_use
U00862,2024-06-05,login
U00862,2024-07-31,feature_use
U00862,2022-11-11,login
U00863,2024-05-23,feature_use
U00863,2024-10-24,support_ticket
U00863,2024-02-22,support_ticket
U00863,2024-10-07,feature_use
U00863,2024-05-03,support_ticket
U00863,2024-07-18,feature_use
U00863,2022-11-07,feature_use
U00863,2022-09-25,feature_use
U00863,2023-11-14,feature_use
U00863,2024-12-13,support_ticket
U00863,2024-02-22,support_ticket
U00863,2024-12-10,support_ticket
U00863,2024-01-23,support_ticket
U00864,2024-04-10,support_ticket
U00864,2024-09-14,login
U00864,2023-06-06,feature_use
U00864,2023-06-13,feature_use
U00864,2023-06-21,login
U00864,2023-05-04,feature_use
U00864,2023-08-10,support_ticket
U00864,2023-11-21,login
U00864,2023-08-04,feature_use
U00864,2024-07-21,feature_use
U00864,2024-03-04,feature_use
U00864,2024-04-26,feature_use
U00865,2022-09-15,support_ticket
U00865,2023-01-25,feature_use
U00865,2022-09-15,support_ticket
U00865,2023-10-25,support_ticket
U00865,2023-03-28,login
U00865,2024-02-08,login
U00865,2024-05-29,feature_use
U00865,2023-08-16,support_ticket
U00865,2023-05-25,feature_use
U00865,2023-05-22,support_ticket
U00865,2022-08-24,support_ticket
U00865,2023-06-26,feature_use
U00865,2024-07-28,login
U00865,2023-01-13,feature_use
U00865,2022-07-08,login
U00865,2024-04-26,login
U00865,2023-11-17,feature_use
U00865,2024-12-21,login
U00866,2024-04-21,feature_use
U00866,2024-05-30,login
U00866,2024-04-25,login
U00866,2024-05-30,support_ticket
U00866,2024-06-10,feature_use
U00866,2024-07-25,support_ticket
U00866,2024-07-29,login
U00866,2024-12-30,support_ticket
U00866,2024-05-21,feature_use
U00866,2024-06-29,login
U00866,2024-08-10,feature_use
U00866,2024-12-03,support_ticket
U00866,2024-10-18,feature_use
U00866,2024-11-09,feature_use
U00866,2024-04-13,login
U00866,2024-05-09,support_ticket
U00866,2024-05-09,support_ticket
U00866,2024-09-16,feature_use
U00866,2024-06-12,feature_use
U00866,2024-05-06,support_ticket
U00866,2024-11-17,support_ticket
U00866,2024-06-22,feature_use
U00866,2024-05-15,login
U00866,2024-11-08,feature_use
U00866,2024-07-21,feature_use
U00866,2024-07-04,feature_use
U00866,2024-05-12,login
U00866,2024-08-14,feature_use
U00866,2024-09-16,feature_use
U00866,2024-10-26,feature_use
U00866,2024-06-19,feature_use
U00866,2024-06-20,login
U00866,2024-08-02,login
U00866,2024-11-10,feature_use
U00867,2024-07-19,login
U00867,2024-09-12,login
U00867,2023-08-26,support_ticket
U00867,2023-03-14,feature_use
U00867,2022-08-15,login
U00867,2023-12-02,support_ticket
U00867,2024-09-25,feature_use
U00867,2022-09-28,support_ticket
U00867,2024-06-07,feature_use
U00867,2024-03-09,login
U00867,2023-02-18,feature_use
U00867,2024-05-25,feature_use
U00867,2023-07-25,feature_use
U00868,2022-07-04,feature_use
U00868,2023-02-16,feature_use
U00868,2023-01-17,feature_use
U00868,2022-11-07,login
U00868,2022-08-07,feature_use
U00868,2024-06-07,feature_use
U00868,2023-12-14,feature_use
U00868,2022-05-08,feature_use
U00868,2022-06-02,feature_use
U00868,2024-02-19,feature_use
U00868,2022-08-12,login
U00868,2024-04-05,login
U00868,2023-08-29,support_ticket
U00868,2022-08-13,login
U00869,2023-04-18,support_ticket
U00869,2024-01-18,support_ticket
U00869,2023-01-08,support_ticket
U00869,2022-04-03,support_ticket
U00869,2021-09-24,feature_use
U00869,2024-09-16,support_ticket
U00869,2021-12-02,support_ticket
U00869,2024-05-17,support_ticket
U00869,2024-01-25,support_ticket
U00869,2023-06-19,feature_use
U00869,2023-10-09,login
U00869,2022-04-16,support_ticket
U00869,2024-08-14,login
U00869,2021-09-28,feature_use
U00869,2022-04-06,support_ticket
U00869,2023-06-22,support_ticket
U00869,2023-03-23,support_ticket
U00869,2023-04-03,feature_use
U00869,2023-05-20,feature_use
U00869,2023-01-05,login
U00869,2023-03-01,support_ticket
U00869,2022-11-30,feature_use
U00869,2024-04-17,login
U00869,2024-02-01,support_ticket
U00869,2024-05-05,login
U00869,2022-03-11,support_ticket
U00869,2024-01-21,support_ticket
U00869,2023-09-07,login
U00869,2023-09-13,login
U00869,2022-02-03,support_ticket
U00869,2024-05-17,feature_use
U00869,2021-12-08,feature_use
U00869,2021-09-08,support_ticket
U00869,2022-11-12,feature_use
U00869,2021-10-07,login
U00869,2022-04-24,support_ticket
U00869,2023-07-02,support_ticket
U00869,2023-11-23,support_ticket
U00869,2024-11-15,support_ticket
U00869,2024-03-04,feature_use
U00869,2021-10-06,support_ticket
U00869,2023-09-04,login
U00869,2024-10-30,login
U00869,2023-07-02,support_ticket
U00869,2023-08-26,login
U00869,2023-08-18,feature_use
U00870,2022-10-03,support_ticket
U00870,2022-04-11,support_ticket
U00870,2023-05-24,feature_use
U00870,2022-10-03,feature_use
U00870,2024-02-17,support_ticket
U00870,2022-03-05,feature_use
U00870,2023-01-18,support_ticket
U00870,2022-11-11,feature_use
U00870,2022-04-30,feature_use
U00870,2022-06-06,login
U00870,2023-11-03,feature_use
U00870,2022-02-04,support_ticket
U00870,2024-01-13,login
U00870,2024-08-19,support_ticket
U00870,2022-01-16,support_ticket
U00870,2024-11-19,support_ticket
U00870,2022-03-14,feature_use
U00870,2024-09-17,login
U00870,2022-05-25,login
U00870,2022-09-27,support_ticket
U00870,2022-07-23,feature_use
U00870,2023-10-05,support_ticket
U00870,2022-09-05,support_ticket
U00870,2022-09-24,login
U00870,2023-01-27,login
U00870,2022-05-09,login
U00870,2023-09-29,feature_use
U00870,2024-08-15,feature_use
U00870,2022-08-31,feature_use
U00870,2021-11-28,support_ticket
U00870,2023-02-05,support_ticket
U00870,2023-10-29,feature_use
U00870,2022-08-03,feature_use
U00870,2022-11-17,support_ticket
U00870,2024-06-24,support_ticket
U00870,2022-07-19,feature_use
U00870,2022-05-31,login
U00870,2023-06-18,login
U00870,2024-09-06,support_ticket
U00870,2024-09-01,login
U00870,2022-09-14,login
U00871,2024-09-24,feature_use
U00871,2024-02-23,support_ticket
U00871,2024-07-03,feature_use
U00871,2024-01-27,login
U00871,2024-10-07,feature_use
U00871,2024-10-30,login
U00871,2023-11-02,support_ticket
U00871,2024-03-04,login
U00871,2023-11-13,feature_use
U00871,2024-08-26,login
U00871,2024-06-29,feature_use
U00871,2023-12-23,feature_use
U00871,2024-09-23,support_ticket
U00871,2024-06-16,login
U00871,2024-09-07,support_ticket
U00871,2024-09-06,feature_use
U00871,2024-01-08,feature_use
U00871,2023-11-21,support_ticket
U00871,2024-04-12,support_ticket
U00871,2024-01-04,support_ticket
U00871,2024-12-06,feature_use
U00871,2024-02-19,support_ticket
U00871,2024-12-13,login
U00871,2024-11-22,support_ticket
U00871,2024-04-30,feature_use
U00872,2024-09-23,feature_use
U00872,2024-06-06,support_ticket
U00872,2022-11-30,feature_use
U00872,2023-04-25,support_ticket
U00872,2022-09-06,feature_use
U00872,2022-11-03,feature_use
U00872,2024-12-09,feature_use
U00872,2024-03-15,login
U00872,2022-11-27,support_ticket
U00872,2022-03-20,feature_use
U00872,2022-01-22,login
U00872,2024-12-04,login
U00872,2022-02-19,login
U00872,2023-06-16,login
U00872,2022-03-25,support_ticket
U00872,2022-01-26,login
U00872,2022-10-27,login
U00872,2022-04-04,login
U00872,2024-04-28,feature_use
U00872,2022-09-17,feature_use
U00872,2021-11-27,login
U00872,2023-02-12,feature_use
U00872,2024-11-22,feature_use
U00872,2024-08-08,feature_use
U00872,2022-03-29,login
U00872,2022-11-04,login
U00872,2022-05-14,login
U00872,2022-12-09,login
U00872,2021-11-05,support_ticket
U00872,2024-05-16,login
U00872,2024-08-05,feature_use
U00872,2024-04-26,login
U00872,2024-11-19,feature_use
U00872,2022-10-27,support_ticket
U00872,2022-03-31,login
U00872,2024-05-08,login
U00872,2024-08-11,feature_use
U00872,2024-10-22,feature_use
U00872,2024-07-27,login
U00872,2024-05-07,support_ticket
U00872,2022-08-11,login
U00872,2022-12-03,login
U00872,2024-01-14,support_ticket
U00872,2024-10-06,login
U00872,2022-06-12,feature_use
U00872,2021-12-17,support_ticket
U00872,2021-09-11,support_ticket
U00872,2024-12-31,login
U00872,2024-02-29,login
U00873,2024-07-09,support_ticket
U00873,2024-08-10,login
U00873,2024-10-04,support_ticket
U00873,2024-08-28,feature_use
U00873,2024-12-11,support_ticket
U00873,2024-10-29,support_ticket
U00873,2024-12-30,login
U00873,2024-10-28,login
U00873,2024-08-01,feature_use
U00873,2024-11-22,feature_use
U00873,2024-11-25,feature_use
U00873,2024-12-18,login
U00873,2024-10-29,login
U00873,2024-07-06,login
U00873,2024-08-04,feature_use
U00873,2024-06-27,support_ticket
U00873,2024-08-15,support_ticket
U00873,2024-08-19,feature_use
U00873,2024-07-25,feature_use
U00873,2024-09-13,feature_use
U00873,2024-08-29,login
U00873,2024-10-02,feature_use
U00873,2024-06-15,login
U00873,2024-09-02,login
U00873,2024-09-11,feature_use
U00873,2024-11-25,support_ticket
U00873,2024-10-22,login
U00873,2024-08-03,feature_use
U00874,2022-04-26,support_ticket
U00874,2022-06-12,support_ticket
U00874,2021-11-26,support_ticket
U00874,2024-11-11,login
U00874,2024-11-30,support_ticket
U00874,2023-01-19,support_ticket
U00874,2023-07-22,login
U00874,2022-07-07,support_ticket
U00874,2024-09-30,feature_use
U00874,2024-07-04,feature_use
U00874,2024-11-07,login
U00874,2023-08-29,support_ticket
U00874,2024-06-22,support_ticket
U00874,2023-09-26,login
U00874,2024-05-09,login
U00874,2023-10-31,feature_use
U00874,2023-05-27,login
U00874,2023-07-20,login
U00874,2022-12-18,support_ticket
U00874,2021-12-08,feature_use
U00874,2021-11-03,feature_use
U00874,2024-01-20,feature_use
U00874,2024-07-07,login
U00874,2024-01-01,login
U00874,2023-01-21,login
U00874,2022-04-23,support_ticket
U00874,2022-02-19,support_ticket
U00874,2024-03-01,support_ticket
U00874,2022-04-10,login
U00874,2023-08-12,feature_use
U00874,2022-12-26,login
U00874,2023-02-14,feature_use
U00874,2022-11-25,support_ticket
U00874,2022-05-22,login
U00874,2023-03-08,support_ticket
U00874,2022-01-25,login
U00874,2024-06-25,feature_use
U00874,2022-03-08,feature_use
U00874,2021-10-18,login
U00874,2024-06-21,support_ticket
U00875,2024-02-22,login
U00875,2024-09-17,login
U00875,2023-12-08,login
U00875,2023-08-04,feature_use
U00875,2024-08-03,support_ticket
U00875,2023-11-30,login
U00875,2024-11-20,login
U00875,2023-10-27,feature_use
U00875,2024-01-23,feature_use
U00875,2024-10-22,support_ticket
U00875,2024-05-21,login
U00875,2024-05-21,feature_use
U00875,2024-04-22,feature_use
U00875,2024-03-26,login
U00875,2024-07-23,feature_use
U00875,2023-09-21,feature_use
U00875,2024-06-21,login
U00875,2023-08-14,feature_use
U00875,2024-03-01,feature_use
U00875,2024-10-14,support_ticket
U00875,2023-11-20,login
U00875,2023-08-14,feature_use
U00875,2023-12-30,support_ticket
U00875,2023-08-25,support_ticket
U00875,2024-07-08,feature_use
U00875,2023-08-13,login
U00875,2024-06-06,support_ticket
U00875,2024-06-13,login
U00875,2023-10-30,support_ticket
U00875,2024-09-17,support_ticket
U00875,2024-04-15,feature_use
U00875,2024-06-14,feature_use
U00875,2024-06-19,support_ticket
U00875,2024-10-20,support_ticket
U00875,2023-10-10,support_ticket
U00875,2024-10-20,feature_use
U00875,2024-05-17,login
U00875,2023-08-24,feature_use
U00875,2024-04-12,login
U00875,2024-07-25,login
U00875,2024-08-02,support_ticket
U00875,2024-06-18,feature_use
U00875,2024-11-27,feature_use
U00875,2023-07-30,support_ticket
U00875,2024-01-15,login
U00876,2024-06-08,support_ticket
U00876,2024-09-23,feature_use
U00876,2024-01-05,login
U00876,2023-05-26,login
U00876,2023-12-17,feature_use
U00876,2023-07-21,feature_use
U00876,2023-06-05,feature_use
U00876,2024-11-03,login
U00876,2024-06-01,support_ticket
U00876,2024-09-03,login
U00876,2024-12-06,login
U00876,2024-01-17,feature_use
U00877,2024-07-07,feature_use
U00877,2024-09-27,feature_use
U00877,2024-01-08,login
U00877,2024-01-12,login
U00877,2024-06-04,login
U00877,2024-01-17,feature_use
U00877,2024-08-04,feature_use
U00877,2024-07-07,feature_use
U00877,2024-11-20,feature_use
U00877,2024-07-21,support_ticket
U00877,2024-04-23,feature_use
U00877,2024-10-06,feature_use
U00877,2024-07-03,login
U00877,2024-07-08,feature_use
U00877,2024-01-15,feature_use
U00877,2024-10-14,support_ticket
U00877,2024-11-10,login
U00877,2024-05-29,feature_use
U00877,2024-08-10,login
U00877,2024-06-15,feature_use
U00877,2024-08-09,login
U00877,2024-02-17,login
U00877,2024-10-03,login
U00877,2024-12-27,feature_use
U00877,2024-11-09,feature_use
U00877,2024-02-15,login
U00877,2024-09-21,login
U00877,2024-04-02,support_ticket
U00877,2024-02-29,feature_use
U00877,2024-07-04,login
U00877,2024-12-19,support_ticket
U00877,2024-07-14,login
U00878,2024-11-09,feature_use
U00878,2024-12-06,support_ticket
U00878,2024-10-27,feature_use
U00878,2024-11-24,login
U00878,2024-12-07,login
U00878,2024-12-20,login
U00878,2024-12-27,feature_use
U00878,2024-11-03,support_ticket
U00878,2024-12-19,support_ticket
U00878,2024-11-29,feature_use
U00878,2024-12-25,support_ticket
U00878,2024-12-13,login
U00878,2024-11-06,support_ticket
U00878,2024-10-30,support_ticket
U00878,2024-11-23,login
U00878,2024-11-25,login
U00878,2024-12-22,feature_use
U00878,2024-12-24,login
U00878,2024-11-14,feature_use
U00878,2024-12-03,feature_use
U00878,2024-11-06,feature_use
U00878,2024-12-29,feature_use
U00878,2024-12-01,feature_use
U00878,2024-12-12,support_ticket
U00878,2024-12-17,feature_use
U00878,2024-12-10,support_ticket
U00878,2024-12-28,support_ticket
U00878,2024-11-17,feature_use
U00878,2024-12-03,login
U00878,2024-11-23,login
U00878,2024-12-29,login
U00878,2024-11-05,login
U00878,2024-12-20,support_ticket
U00878,2024-11-10,feature_use
U00878,2024-11-29,feature_use
U00878,2024-11-14,support_ticket
U00878,2024-12-22,support_ticket
U00878,2024-12-05,support_ticket
U00878,2024-11-05,support_ticket
U00878,2024-11-28,feature_use
U00879,2024-10-02,feature_use
U00879,2023-12-23,login
U00879,2024-10-02,support_ticket
U00879,2024-05-19,feature_use
U00879,2024-06-03,support_ticket
U00879,2024-04-21,feature_use
U00879,2024-04-11,support_ticket
U00879,2024-03-01,support_ticket
U00879,2024-12-30,feature_use
U00879,2024-09-24,support_ticket
U00879,2024-08-26,feature_use
U00879,2024-09-24,login
U00879,2024-11-06,feature_use
U00879,2024-12-31,login
U00879,2024-08-13,feature_use
U00879,2024-11-18,support_ticket
U00879,2024-11-21,feature_use
U00879,2024-07-14,feature_use
U00879,2024-09-30,feature_use
U00879,2024-03-27,feature_use
U00879,2024-09-09,login
U00879,2024-05-25,login
U00879,2024-05-01,login
U00879,2024-06-09,login
U00879,2024-09-26,login
U00879,2024-09-13,feature_use
U00879,2024-02-13,feature_use
U00879,2024-02-15,support_ticket
U00879,2024-09-30,feature_use
U00879,2024-05-17,feature_use
U00879,2024-07-22,feature_use
U00879,2024-07-21,feature_use
U00879,2024-12-02,feature_use
U00879,2024-01-11,support_ticket
U00879,2024-10-20,login
U00879,2024-10-09,login
U00879,2024-10-15,login
U00879,2024-06-16,login
U00880,2024-12-20,login
U00880,2024-12-22,support_ticket
U00880,2024-12-31,login
U00880,2024-12-15,feature_use
U00880,2024-12-25,support_ticket
U00880,2024-12-27,login
U00880,2024-12-28,feature_use
U00880,2024-12-25,feature_use
U00880,2024-12-22,support_ticket
U00880,2024-12-15,login
U00880,2024-12-23,support_ticket
U00880,2024-12-25,support_ticket
U00880,2024-12-18,support_ticket
U00880,2024-12-30,support_ticket
U00880,2024-12-25,feature_use
U00880,2024-12-13,support_ticket
U00880,2024-12-21,feature_use
U00880,2024-12-26,feature_use
U00880,2024-12-27,login
U00880,2024-12-20,login
U00880,2024-12-23,feature_use
U00880,2024-12-26,login
U00880,2024-12-16,feature_use
U00880,2024-12-12,support_ticket
U00880,2024-12-14,feature_use
U00880,2024-12-23,feature_use
U00880,2024-12-20,support_ticket
U00880,2024-12-21,login
U00880,2024-12-31,support_ticket
U00881,2024-12-01,feature_use
U00881,2024-10-21,feature_use
U00881,2024-05-07,feature_use
U00881,2024-09-16,support_ticket
U00881,2024-06-19,feature_use
U00881,2024-07-11,feature_use
U00881,2024-12-07,feature_use
U00881,2024-08-30,feature_use
U00881,2024-08-20,support_ticket
U00881,2024-10-29,feature_use
U00881,2024-09-26,login
U00881,2024-07-02,feature_use
U00881,2024-07-18,login
U00881,2024-03-02,support_ticket
U00881,2024-08-18,login
U00881,2024-12-15,feature_use
U00881,2024-06-19,login
U00881,2024-10-17,login
U00881,2024-10-27,support_ticket
U00881,2024-10-27,login
U00881,2024-11-26,support_ticket
U00881,2024-05-13,feature_use
U00881,2024-09-16,support_ticket
U00881,2024-08-15,support_ticket
U00881,2024-11-15,support_ticket
U00881,2024-11-10,login
U00881,2024-12-10,support_ticket
U00881,2024-07-18,login
U00881,2024-10-05,feature_use
U00881,2024-03-12,login
U00881,2024-09-26,feature_use
U00881,2024-12-02,login
U00881,2024-06-04,feature_use
U00881,2024-10-09,support_ticket
U00881,2024-08-04,feature_use
U00881,2024-12-02,login
U00881,2024-07-25,login
U00881,2024-09-01,login
U00881,2024-03-29,feature_use
U00881,2024-09-20,login
U00881,2024-10-08,feature_use
U00881,2024-06-23,feature_use
U00881,2024-11-09,feature_use
U00881,2024-11-25,feature_use
U00882,2024-06-17,feature_use
U00882,2024-03-21,feature_use
U00882,2024-06-22,support_ticket
U00882,2024-02-29,support_ticket
U00882,2024-03-24,feature_use
U00882,2024-05-04,support_ticket
U00882,2024-09-02,support_ticket
U00882,2024-07-15,login
U00882,2024-09-24,login
U00882,2024-07-20,support_ticket
U00882,2024-04-26,feature_use
U00882,2024-02-14,login
U00882,2024-08-12,support_ticket
U00883,2024-09-12,feature_use
U00883,2024-11-16,support_ticket
U00883,2024-04-18,feature_use
U00883,2024-12-03,login
U00883,2024-07-02,login
U00883,2024-11-17,support_ticket
U00883,2024-04-10,login
U00883,2024-12-11,login
U00883,2024-06-26,login
U00884,2022-01-09,login
U00884,2023-02-03,feature_use
U00884,2023-08-08,login
U00884,2022-12-02,feature_use
U00884,2022-11-27,feature_use
U00884,2023-07-02,login
U00884,2021-12-10,login
U00884,2024-01-18,support_ticket
U00884,2023-11-24,support_ticket
U00884,2022-08-01,login
U00884,2022-11-25,support_ticket
U00884,2023-08-10,feature_use
U00884,2023-05-25,login
U00884,2023-04-23,login
U00884,2022-07-10,support_ticket
U00884,2022-10-17,support_ticket
U00884,2024-07-06,support_ticket
U00884,2022-06-14,feature_use
U00884,2024-05-11,feature_use
U00884,2023-11-17,login
U00884,2022-05-20,support_ticket
U00884,2022-09-26,login
U00884,2022-12-24,login
U00884,2022-04-03,feature_use
U00885,2024-07-22,feature_use
U00885,2024-09-09,support_ticket
U00885,2024-03-09,login
U00885,2024-02-01,support_ticket
U00885,2024-04-16,login
U00885,2024-01-22,support_ticket
U00885,2024-10-29,feature_use
U00885,2024-04-12,login
U00885,2024-12-17,support_ticket
U00885,2024-04-26,feature_use
U00885,2024-02-27,feature_use
U00885,2024-10-26,login
U00885,2024-05-02,support_ticket
U00885,2024-05-21,login
U00885,2024-02-28,login
U00885,2023-12-24,feature_use
U00885,2024-10-22,login
U00885,2023-09-13,feature_use
U00885,2024-01-19,login
U00885,2024-08-07,login
U00885,2024-06-24,login
U00885,2024-05-26,feature_use
U00885,2024-01-12,login
U00885,2024-08-31,feature_use
U00885,2023-11-20,feature_use
U00885,2024-05-01,support_ticket
U00885,2024-11-28,login
U00885,2024-10-13,login
U00885,2024-08-01,support_ticket
U00885,2024-10-08,support_ticket
U00885,2024-11-04,support_ticket
U00885,2024-02-25,support_ticket
U00885,2024-11-27,support_ticket
U00885,2024-12-14,support_ticket
U00885,2024-03-24,support_ticket
U00885,2023-09-13,login
U00885,2024-12-14,feature_use
U00885,2024-09-19,login
U00885,2024-11-23,feature_use
U00885,2024-10-27,feature_use
U00885,2024-11-14,support_ticket
U00885,2024-07-20,support_ticket
U00885,2023-09-17,login
U00886,2022-04-02,feature_use
U00886,2024-04-12,support_ticket
U00886,2023-01-29,support_ticket
U00886,2024-04-07,support_ticket
U00886,2024-04-15,feature_use
U00886,2023-03-06,support_ticket
U00886,2023-09-24,login
U00886,2023-12-05,feature_use
U00886,2023-05-22,login
U00886,2022-06-07,login
U00886,2022-04-03,feature_use
U00886,2022-04-07,feature_use
U00886,2022-08-02,support_ticket
U00886,2022-03-13,feature_use
U00886,2022-09-22,support_ticket
U00886,2022-07-16,login
U00886,2023-09-21,login
U00886,2023-07-18,feature_use
U00886,2022-06-20,login
U00886,2024-07-08,feature_use
U00886,2024-08-09,support_ticket
U00886,2022-09-17,feature_use
U00886,2024-05-15,login
U00887,2023-04-17,login
U00887,2021-12-14,support_ticket
U00887,2022-09-08,feature_use
U00887,2022-09-07,login
U00887,2021-12-15,login
U00887,2022-02-24,support_ticket
U00887,2023-04-29,support_ticket
U00887,2023-03-16,feature_use
U00887,2023-09-24,feature_use
U00887,2022-10-10,login
U00887,2022-09-27,feature_use
U00887,2021-10-31,support_ticket
U00887,2021-10-08,support_ticket
U00887,2021-11-17,support_ticket
U00887,2024-02-05,feature_use
U00887,2024-09-09,login
U00887,2022-01-10,feature_use
U00887,2023-07-12,feature_use
U00887,2021-08-31,feature_use
U00887,2022-10-26,login
U00887,2022-07-19,login
U00887,2024-01-03,login
U00887,2024-01-20,login
U00887,2022-11-01,support_ticket
U00887,2024-03-17,support_ticket
U00887,2021-10-04,login
U00887,2021-07-17,login
U00888,2022-12-07,support_ticket
U00888,2022-04-10,feature_use
U00888,2022-03-10,login
U00888,2024-05-27,support_ticket
U00888,2022-03-13,login
U00888,2022-10-10,login
U00888,2021-04-24,feature_use
U00888,2021-09-29,login
U00888,2024-04-01,feature_use
U00888,2023-03-10,feature_use
U00888,2024-08-21,feature_use
U00888,2023-07-28,login
U00888,2022-04-09,support_ticket
U00888,2023-01-25,login
U00888,2022-10-30,login
U00888,2023-03-24,support_ticket
U00888,2021-07-17,feature_use
U00888,2023-12-14,login
U00888,2021-09-02,support_ticket
U00888,2021-06-26,login
U00888,2023-01-04,feature_use
U00888,2021-08-09,login
U00888,2023-01-30,support_ticket
U00888,2022-09-02,login
U00888,2021-12-10,support_ticket
U00888,2023-02-24,support_ticket
U00888,2024-10-29,feature_use
U00888,2021-08-21,login
U00888,2024-01-05,feature_use
U00888,2024-09-04,login
U00888,2022-11-06,feature_use
U00888,2024-01-11,support_ticket
U00888,2023-10-06,feature_use
U00888,2021-08-03,feature_use
U00888,2022-10-01,support_ticket
U00888,2023-03-05,feature_use
U00888,2022-02-24,feature_use
U00888,2023-12-17,feature_use
U00888,2021-05-10,feature_use
U00888,2022-04-05,login
U00888,2023-01-18,feature_use
U00888,2022-10-10,login
U00888,2023-06-25,support_ticket
U00888,2022-10-15,support_ticket
U00888,2024-02-12,feature_use
U00888,2021-12-04,support_ticket
U00888,2024-01-26,feature_use
U00889,2024-01-11,support_ticket
U00889,2024-08-09,login
U00889,2024-07-30,feature_use
U00889,2024-01-12,login
U00889,2024-04-19,support_ticket
U00889,2024-08-29,login
U00889,2024-05-31,login
U00889,2024-05-24,support_ticket
U00889,2023-11-28,login
U00889,2024-09-03,feature_use
U00889,2024-10-26,feature_use
U00889,2024-05-17,feature_use
U00889,2023-12-09,support_ticket
U00889,2024-02-13,feature_use
U00889,2024-07-26,support_ticket
U00889,2024-08-24,feature_use
U00889,2024-05-02,login
U00889,2024-03-31,feature_use
U00889,2024-11-27,feature_use
U00889,2024-01-03,feature_use
U00889,2024-04-08,support_ticket
U00890,2024-07-11,login
U00890,2024-09-23,feature_use
U00890,2024-03-09,support_ticket
U00890,2024-11-30,login
U00890,2024-08-24,login
U00890,2024-04-02,feature_use
U00890,2024-05-02,login
U00890,2024-10-10,support_ticket
U00890,2024-11-17,support_ticket
U00890,2024-09-28,login
U00890,2024-09-26,support_ticket
U00890,2024-07-07,support_ticket
U00890,2024-10-13,login
U00891,2023-12-29,feature_use
U00891,2023-10-08,feature_use
U00891,2023-12-02,feature_use
U00891,2024-01-05,login
U00891,2024-11-02,feature_use
U00891,2023-10-24,feature_use
U00891,2023-08-15,login
U00891,2024-10-17,support_ticket
U00891,2023-10-23,feature_use
U00891,2024-03-17,feature_use
U00891,2024-08-07,support_ticket
U00891,2024-11-30,login
U00891,2024-03-23,support_ticket
U00891,2024-11-25,feature_use
U00891,2024-09-28,support_ticket
U00891,2023-11-20,support_ticket
U00891,2023-09-22,feature_use
U00891,2024-04-18,login
U00891,2024-11-17,login
U00891,2024-06-30,login
U00891,2023-09-03,feature_use
U00891,2024-10-20,login
U00891,2023-10-26,support_ticket
U00892,2023-01-27,login
U00892,2024-02-18,login
U00892,2021-02-25,feature_use
U00892,2023-10-11,support_ticket
U00892,2022-07-11,login
U00892,2023-12-19,feature_use
U00892,2023-03-09,feature_use
U00892,2023-09-07,feature_use
U00892,2021-09-12,support_ticket
U00892,2024-08-17,feature_use
U00892,2023-10-31,feature_use
U00892,2021-05-18,feature_use
U00892,2023-07-10,feature_use
U00892,2021-11-09,support_ticket
U00892,2021-08-22,support_ticket
U00892,2022-01-06,login
U00892,2024-03-23,login
U00892,2022-10-20,support_ticket
U00892,2021-10-12,feature_use
U00892,2022-04-10,login
U00892,2024-09-06,support_ticket
U00892,2021-12-20,login
U00892,2023-02-26,login
U00892,2023-08-29,login
U00892,2023-02-28,support_ticket
U00892,2023-11-04,support_ticket
U00892,2022-05-14,login
U00892,2023-06-29,feature_use
U00892,2022-09-11,support_ticket
U00892,2021-06-05,support_ticket
U00892,2024-12-03,support_ticket
U00892,2021-09-11,login
U00892,2024-12-21,login
U00892,2023-01-22,support_ticket
U00893,2022-07-09,feature_use
U00893,2024-11-16,feature_use
U00893,2024-07-16,feature_use
U00893,2024-05-01,support_ticket
U00893,2024-01-04,support_ticket
U00893,2021-03-07,login
U00893,2022-01-03,support_ticket
U00893,2021-12-11,feature_use
U00893,2023-04-16,login
U00893,2021-05-11,support_ticket
U00893,2022-03-25,feature_use
U00893,2021-07-22,support_ticket
U00893,2021-02-05,support_ticket
U00893,2024-01-17,login
U00893,2021-11-07,feature_use
U00893,2023-10-09,support_ticket
U00893,2021-03-26,login
U00893,2023-04-13,support_ticket
U00893,2021-12-17,support_ticket
U00893,2021-04-13,support_ticket
U00893,2024-09-06,feature_use
U00893,2022-05-15,feature_use
U00893,2021-05-14,login
U00893,2023-02-07,feature_use
U00893,2024-06-27,feature_use
U00893,2024-07-05,login
U00893,2022-10-20,login
U00893,2023-03-19,feature_use
U00893,2023-02-21,login
U00893,2023-06-18,support_ticket
U00893,2023-05-03,login
U00893,2024-03-24,feature_use
U00893,2022-12-19,support_ticket
U00893,2023-03-30,support_ticket
U00893,2022-02-05,feature_use
U00893,2021-04-28,login
U00893,2023-01-13,login
U00893,2023-02-15,support_ticket
U00893,2023-10-03,login
U00893,2021-10-29,login
U00893,2024-06-27,login
U00893,2022-01-06,feature_use
U00894,2023-06-05,login
U00894,2024-06-28,login
U00894,2023-08-01,support_ticket
U00894,2022-11-30,login
U00894,2024-11-04,feature_use
U00894,2024-07-18,feature_use
U00894,2022-07-22,support_ticket
U00894,2024-07-17,feature_use
U00894,2021-12-14,support_ticket
U00894,2022-07-13,support_ticket
U00894,2023-01-08,login
U00894,2021-09-21,login
U00894,2024-12-30,login
U00894,2023-11-11,feature_use
U00894,2023-03-21,support_ticket
U00894,2023-01-19,support_ticket
U00894,2023-01-08,login
U00894,2024-07-27,login
U00894,2021-07-24,login
U00894,2022-12-17,feature_use
U00894,2021-10-03,login
U00894,2023-03-02,support_ticket
U00895,2024-02-04,login
U00895,2024-12-01,support_ticket
U00895,2024-08-21,support_ticket
U00895,2024-09-10,feature_use
U00895,2023-01-15,feature_use
U00895,2023-09-15,support_ticket
U00895,2024-11-05,login
U00895,2024-04-01,feature_use
U00895,2024-09-05,login
U00895,2023-09-24,feature_use
U00895,2024-03-29,support_ticket
U00895,2023-01-28,support_ticket
U00895,2023-10-25,support_ticket
U00895,2024-06-26,login
U00895,2023-02-04,feature_use
U00895,2024-04-01,login
U00895,2023-04-15,feature_use
U00895,2024-10-07,support_ticket
U00895,2024-07-19,login
U00895,2023-05-19,feature_use
U00895,2024-02-15,feature_use
U00895,2023-12-19,login
U00895,2023-06-17,login
U00895,2024-11-08,login
U00895,2023-10-31,support_ticket
U00895,2023-01-27,login
U00895,2024-09-05,support_ticket
U00895,2023-11-07,feature_use
U00895,2023-11-08,feature_use
U00895,2024-04-13,login
U00895,2024-06-14,support_ticket
U00895,2022-12-07,support_ticket
U00895,2023-09-22,login
U00895,2024-04-16,feature_use
U00895,2022-12-31,feature_use
U00895,2023-05-19,support_ticket
U00895,2023-05-24,support_ticket
U00895,2023-11-05,login
U00895,2024-03-06,login
U00895,2023-11-24,feature_use
U00895,2023-07-24,login
U00895,2022-12-20,feature_use
U00895,2024-11-16,login
U00895,2024-06-08,feature_use
U00895,2023-02-19,feature_use
U00895,2023-12-20,login
U00895,2023-04-05,login
U00895,2023-11-09,login
U00895,2023-08-22,feature_use
U00895,2023-02-27,login
U00896,2024-06-09,support_ticket
U00896,2023-12-30,support_ticket
U00896,2023-04-11,login
U00896,2023-05-14,login
U00896,2022-07-04,support_ticket
U00896,2022-01-05,support_ticket
U00896,2024-11-24,feature_use
U00896,2021-10-30,support_ticket
U00896,2021-06-23,feature_use
U00896,2021-11-09,feature_use
U00896,2021-11-28,login
U00896,2021-06-18,support_ticket
U00896,2021-05-10,feature_use
U00896,2022-10-14,support_ticket
U00896,2021-07-28,feature_use
U00896,2023-06-08,login
U00896,2023-03-13,feature_use
U00896,2024-08-04,support_ticket
U00896,2022-07-13,login
U00896,2022-03-15,feature_use
U00896,2023-08-15,support_ticket
U00896,2024-11-03,login
U00896,2023-06-26,support_ticket
U00896,2024-07-17,support_ticket
U00896,2022-10-29,feature_use
U00896,2022-08-10,support_ticket
U00896,2023-12-13,support_ticket
U00896,2022-06-23,login
U00896,2024-07-08,login
U00896,2023-05-31,login
U00896,2022-06-25,support_ticket
U00896,2021-08-11,feature_use
U00896,2021-08-16,feature_use
U00897,2022-04-16,feature_use
U00897,2021-06-06,feature_use
U00897,2021-08-18,login
U00897,2022-11-13,login
U00897,2022-04-26,feature_use
U00897,2022-04-30,support_ticket
U00897,2022-11-04,support_ticket
U00897,2021-08-30,login
U00897,2024-10-17,feature_use
U00897,2024-03-06,login
U00897,2024-05-11,login
U00897,2023-08-04,feature_use
U00897,2024-06-02,feature_use
U00897,2022-03-29,feature_use
U00897,2022-11-05,login
U00897,2023-07-29,feature_use
U00897,2024-12-23,support_ticket
U00897,2022-04-09,login
U00897,2024-11-12,feature_use
U00897,2022-12-11,support_ticket
U00897,2024-07-08,feature_use
U00897,2023-04-08,feature_use
U00897,2024-04-09,login
U00897,2023-03-29,login
U00897,2024-03-22,support_ticket
U00897,2022-12-20,login
U00897,2022-10-28,feature_use
U00897,2022-06-25,support_ticket
U00897,2021-10-12,support_ticket
U00897,2023-09-08,support_ticket
U00897,2024-04-06,support_ticket
U00898,2024-04-24,login
U00898,2023-05-10,support_ticket
U00898,2022-04-08,login
U00898,2023-02-14,login
U00898,2023-08-02,login
U00898,2023-03-10,login
U00898,2023-04-03,support_ticket
U00898,2024-11-30,support_ticket
U00898,2023-05-09,login
U00898,2024-03-05,login
U00898,2022-10-28,feature_use
U00898,2022-02-28,support_ticket
U00898,2022-11-14,feature_use
U00898,2022-02-06,feature_use
U00898,2022-01-15,login
U00898,2023-10-01,login
U00898,2024-06-13,feature_use
U00898,2024-05-31,support_ticket
U00898,2023-09-16,feature_use
U00898,2022-03-27,feature_use
U00898,2022-11-12,feature_use
U00898,2022-04-01,support_ticket
U00898,2022-11-28,feature_use
U00898,2023-10-10,feature_use
U00898,2024-11-05,support_ticket
U00898,2024-05-10,feature_use
U00898,2023-02-22,feature_use
U00898,2024-10-31,login
U00898,2024-01-04,login
U00898,2024-09-24,login
U00898,2024-12-24,login
U00898,2024-12-15,login
U00898,2023-02-20,login
U00898,2022-04-02,support_ticket
U00898,2024-08-03,login
U00899,2024-12-31,login
U00899,2024-10-29,feature_use
U00899,2024-12-20,login
U00899,2024-12-12,feature_use
U00899,2024-09-09,support_ticket
U00899,2024-11-24,login
U00899,2024-09-10,login
U00899,2024-12-22,support_ticket
U00899,2024-11-28,login
U00899,2024-11-26,feature_use
U00900,2023-08-20,support_ticket
U00900,2024-12-18,support_ticket
U00900,2023-05-03,feature_use
U00900,2024-09-02,support_ticket
U00900,2024-03-25,login
U00900,2023-03-09,feature_use
U00900,2024-04-06,support_ticket
U00900,2024-08-12,login
U00900,2023-08-05,feature_use
U00900,2024-10-17,login
U00900,2024-01-08,support_ticket
U00900,2023-08-09,feature_use
U00900,2023-08-17,support_ticket
U00900,2023-11-22,feature_use
U00900,2024-01-19,support_ticket
U00900,2023-03-18,feature_use
U00900,2024-09-04,login
U00900,2024-05-28,support_ticket
U00900,2023-07-10,login
U00900,2024-11-30,feature_use
U00900,2023-06-06,support_ticket
U00900,2024-11-09,support_ticket
U00900,2024-06-04,support_ticket
U00900,2024-05-21,login
U00900,2023-10-03,login
U00900,2023-04-06,support_ticket
U00900,2023-04-27,support_ticket
U00900,2023-09-28,feature_use
U00900,2024-09-17,support_ticket
U00900,2023-02-27,support_ticket
U00900,2024-09-04,feature_use
U00900,2023-11-14,feature_use
U00900,2024-08-19,feature_use
U00900,2024-09-09,support_ticket
U00900,2023-04-09,feature_use
U00900,2024-08-22,login
U00900,2023-09-08,feature_use
U00900,2024-04-24,feature_use
U00901,2024-03-01,support_ticket
U00901,2024-05-22,support_ticket
U00901,2024-11-19,login
U00901,2024-03-11,login
U00901,2023-08-15,login
U00901,2023-09-18,login
U00901,2024-12-26,support_ticket
U00901,2023-03-11,feature_use
U00901,2024-04-16,support_ticket
U00901,2024-04-08,feature_use
U00901,2023-04-07,feature_use
U00901,2024-11-25,support_ticket
U00901,2024-09-22,feature_use
U00901,2024-11-20,support_ticket
U00901,2023-12-16,login
U00901,2024-11-25,login
U00901,2024-08-05,feature_use
U00901,2024-08-31,login
U00901,2023-09-13,feature_use
U00901,2024-07-29,login
U00901,2024-11-27,feature_use
U00901,2023-10-13,feature_use
U00901,2023-05-29,login
U00901,2024-04-12,support_ticket
U00901,2024-07-31,support_ticket
U00901,2024-07-01,login
U00901,2023-11-30,login
U00901,2024-01-16,feature_use
U00901,2024-06-21,support_ticket
U00901,2024-11-21,login
U00901,2023-10-07,support_ticket
U00901,2024-05-04,login
U00901,2023-04-29,feature_use
U00901,2023-07-30,login
U00901,2024-06-12,support_ticket
U00901,2024-01-21,feature_use
U00901,2023-06-29,feature_use
U00901,2024-06-15,support_ticket
U00901,2024-10-17,feature_use
U00902,2024-10-18,login
U00902,2024-10-01,feature_use
U00902,2024-11-25,login
U00902,2024-11-13,login
U00902,2024-12-18,login
U00902,2024-11-01,support_ticket
U00902,2024-12-04,feature_use
U00902,2024-11-08,feature_use
U00902,2024-10-04,login
U00902,2024-11-23,feature_use
U00902,2024-12-31,login
U00902,2024-11-12,support_ticket
U00902,2024-10-22,support_ticket
U00902,2024-11-07,feature_use
U00902,2024-09-18,login
U00902,2024-10-29,feature_use
U00902,2024-11-13,feature_use
U00902,2024-11-08,feature_use
U00902,2024-10-04,login
U00902,2024-12-02,support_ticket
U00902,2024-12-15,feature_use
U00903,2024-11-23,feature_use
U00903,2024-12-16,feature_use
U00903,2024-10-13,support_ticket
U00903,2024-09-16,feature_use
U00903,2024-12-24,feature_use
U00903,2024-11-23,feature_use
U00903,2024-09-19,feature_use
U00903,2024-10-12,support_ticket
U00903,2024-12-09,feature_use
U00903,2024-10-21,feature_use
U00903,2024-09-22,support_ticket
U00903,2024-09-22,support_ticket
U00903,2024-11-16,login
U00903,2024-10-29,login
U00903,2024-09-17,support_ticket
U00903,2024-10-23,feature_use
U00903,2024-11-17,feature_use
U00903,2024-09-05,feature_use
U00903,2024-11-24,login
U00903,2024-09-12,feature_use
U00903,2024-12-08,feature_use
U00903,2024-09-13,login
U00903,2024-11-05,login
U00903,2024-10-26,support_ticket
U00903,2024-12-27,login
U00903,2024-11-10,feature_use
U00903,2024-11-24,support_ticket
U00903,2024-11-06,login
U00903,2024-09-30,support_ticket
U00903,2024-09-17,login
U00903,2024-12-15,support_ticket
U00903,2024-11-24,support_ticket
U00903,2024-11-06,feature_use
U00903,2024-09-17,login
U00903,2024-10-15,support_ticket
U00903,2024-12-21,feature_use
U00903,2024-10-24,support_ticket
U00904,2024-05-12,login
U00904,2024-04-24,feature_use
U00904,2022-06-27,login
U00904,2023-04-10,feature_use
U00904,2024-04-02,feature_use
U00904,2024-10-15,feature_use
U00904,2022-04-17,support_ticket
U00904,2023-10-02,login
U00904,2024-10-01,support_ticket
U00904,2022-06-12,support_ticket
U00904,2023-09-18,support_ticket
U00904,2022-11-26,feature_use
U00904,2022-10-26,feature_use
U00904,2023-04-20,support_ticket
U00904,2024-01-19,login
U00904,2024-03-27,login
U00904,2022-04-18,support_ticket
U00904,2022-06-08,login
U00904,2024-05-26,feature_use
U00904,2023-08-08,feature_use
U00904,2022-03-16,support_ticket
U00904,2024-06-07,login
U00904,2023-08-07,support_ticket
U00904,2022-03-16,support_ticket
U00904,2022-06-21,login
U00904,2022-04-07,support_ticket
U00904,2022-08-06,feature_use
U00904,2024-03-14,feature_use
U00904,2023-10-24,feature_use
U00904,2023-11-27,feature_use
U00904,2023-05-25,login
U00904,2022-04-22,login
U00904,2024-08-29,support_ticket
U00904,2023-07-05,feature_use
U00904,2022-09-24,support_ticket
U00904,2024-10-02,support_ticket
U00904,2023-09-03,support_ticket
U00905,2024-03-09,login
U00905,2024-11-15,feature_use
U00905,2024-03-21,support_ticket
U00905,2024-02-24,feature_use
U00905,2024-11-24,support_ticket
U00905,2024-09-26,support_ticket
U00905,2024-09-04,feature_use
U00905,2024-12-05,login
U00905,2024-01-17,feature_use
U00905,2024-03-30,login
U00905,2024-02-13,feature_use
U00905,2024-07-10,feature_use
U00905,2024-07-11,support_ticket
U00905,2024-02-12,login
U00905,2024-08-05,login
U00905,2024-11-05,support_ticket
U00905,2024-12-01,support_ticket
U00905,2024-07-13,login
U00905,2024-02-18,feature_use
U00905,2024-02-05,login
U00905,2024-11-26,feature_use
U00905,2023-12-20,support_ticket
U00905,2024-03-04,feature_use
U00905,2024-01-06,login
U00905,2024-07-15,feature_use
U00905,2024-03-19,login
U00905,2024-08-10,feature_use
U00905,2024-04-29,login
U00905,2024-05-26,support_ticket
U00905,2024-11-14,feature_use
U00905,2024-11-27,feature_use
U00905,2024-06-10,login
U00905,2024-07-27,support_ticket
U00905,2024-12-05,feature_use
U00905,2024-01-20,feature_use
U00905,2024-03-27,feature_use
U00905,2024-08-31,feature_use
U00905,2024-11-28,feature_use
U00905,2024-01-29,login
U00905,2024-07-17,login
U00905,2024-03-09,support_ticket
U00905,2024-06-28,support_ticket
U00905,2024-10-08,feature_use
U00905,2024-03-27,support_ticket
U00905,2024-09-26,support_ticket
U00905,2024-12-23,feature_use
U00905,2024-06-12,feature_use
U00905,2024-10-21,support_ticket
U00905,2024-10-02,feature_use
U00906,2023-10-31,support_ticket
U00906,2022-10-10,login
U00906,2022-12-24,support_ticket
U00906,2022-06-12,support_ticket
U00906,2023-03-20,feature_use
U00906,2022-09-16,support_ticket
U00906,2024-04-26,login
U00906,2024-05-22,login
U00906,2022-05-22,login
U00906,2023-05-15,feature_use
U00906,2024-04-17,login
U00906,2022-04-22,support_ticket
U00906,2022-12-10,support_ticket
U00906,2024-12-16,login
U00906,2023-12-10,feature_use
U00906,2023-07-14,support_ticket
U00906,2023-01-12,feature_use
U00906,2024-01-20,feature_use
U00906,2022-11-20,login
U00906,2024-06-04,support_ticket
U00906,2024-12-25,login
U00906,2023-11-30,support_ticket
U00906,2023-02-12,feature_use
U00906,2024-02-26,feature_use
U00906,2023-09-21,feature_use
U00907,2024-08-13,support_ticket
U00907,2024-09-22,feature_use
U00907,2024-08-28,login
U00907,2023-07-03,feature_use
U00907,2023-12-13,login
U00907,2023-05-30,support_ticket
U00907,2024-06-16,feature_use
U00907,2024-09-09,feature_use
U00907,2024-05-31,feature_use
U00907,2023-02-04,support_ticket
U00907,2024-12-06,support_ticket
U00907,2023-04-08,support_ticket
U00907,2024-11-04,feature_use
U00907,2022-12-18,support_ticket
U00907,2024-11-26,login
U00907,2023-10-28,feature_use
U00907,2024-06-07,support_ticket
U00907,2022-11-19,login
U00907,2022-10-06,support_ticket
U00907,2024-04-12,feature_use
U00907,2024-03-29,feature_use
U00907,2023-06-29,login
U00907,2024-05-24,support_ticket
U00907,2023-02-20,support_ticket
U00907,2024-04-09,login
U00907,2022-11-10,feature_use
U00907,2024-06-16,feature_use
U00907,2023-01-16,login
U00907,2023-01-13,support_ticket
U00907,2023-01-11,feature_use
U00907,2023-09-03,support_ticket
U00907,2023-08-27,support_ticket
U00907,2023-12-29,login
U00907,2024-10-27,login
U00907,2023-06-22,support_ticket
U00907,2024-05-02,login
U00908,2024-07-14,support_ticket
U00908,2024-07-25,feature_use
U00908,2024-11-04,support_ticket
U00908,2024-11-06,login
U00908,2024-07-24,support_ticket
U00909,2023-10-08,feature_use
U00909,2024-02-10,feature_use
U00909,2024-02-09,login
U00909,2024-12-13,login
U00909,2023-10-02,feature_use
U00909,2023-09-13,feature_use
U00909,2023-11-24,login
U00909,2024-06-08,support_ticket
U00909,2023-03-15,support_ticket
U00909,2023-03-08,feature_use
U00909,2024-12-14,login
U00909,2023-04-29,support_ticket
U00909,2023-10-19,support_ticket
U00909,2024-01-18,support_ticket
U00909,2024-12-11,feature_use
U00909,2023-10-18,feature_use
U00909,2024-05-21,support_ticket
U00909,2024-12-18,feature_use
U00909,2024-01-15,support_ticket
U00909,2023-03-09,support_ticket
U00909,2024-06-13,login
U00910,2023-12-06,login
U00910,2024-01-16,login
U00910,2023-11-13,login
U00910,2024-02-04,feature_use
U00910,2024-06-12,support_ticket
U00910,2024-01-04,login
U00910,2023-10-21,feature_use
U00910,2024-04-20,feature_use
U00910,2024-12-21,support_ticket
U00910,2024-12-31,support_ticket
U00910,2024-03-11,feature_use
U00910,2024-11-10,login
U00910,2024-12-13,login
U00910,2024-08-14,login
U00910,2024-10-29,login
U00910,2024-08-15,support_ticket
U00910,2023-08-22,support_ticket
U00910,2024-09-16,login
U00910,2024-08-30,support_ticket
U00910,2024-03-11,login
U00910,2024-10-29,feature_use
U00910,2024-02-01,feature_use
U00910,2024-02-25,login
U00910,2024-10-12,feature_use
U00910,2024-11-07,login
U00910,2023-08-05,feature_use
U00910,2023-09-24,feature_use
U00910,2024-12-16,login
U00910,2024-12-06,support_ticket
U00910,2024-04-05,feature_use
U00910,2024-12-24,feature_use
U00910,2024-07-03,login
U00910,2024-02-13,support_ticket
U00910,2024-10-20,login
U00910,2024-09-03,support_ticket
U00910,2023-11-21,support_ticket
U00910,2024-06-04,feature_use
U00910,2024-05-11,feature_use
U00910,2023-11-20,support_ticket
U00910,2024-03-18,support_ticket
U00910,2024-08-07,feature_use
U00910,2024-01-06,support_ticket
U00910,2024-01-18,feature_use
U00910,2023-12-30,support_ticket
U00910,2023-08-20,login
U00910,2024-10-04,feature_use
U00910,2023-11-17,feature_use
U00910,2024-06-18,login
U00910,2024-12-07,feature_use
U00911,2024-12-07,support_ticket
U00911,2024-11-16,support_ticket
U00911,2023-12-06,login
U00911,2023-07-23,support_ticket
U00911,2023-06-23,support_ticket
U00911,2023-03-05,login
U00911,2023-02-13,login
U00911,2024-05-12,feature_use
U00911,2024-02-26,login
U00911,2022-09-29,support_ticket
U00911,2023-02-22,support_ticket
U00911,2023-05-20,feature_use
U00911,2023-06-21,feature_use
U00911,2022-09-22,support_ticket
U00911,2024-11-16,feature_use
U00911,2024-08-24,login
U00911,2024-12-14,feature_use
U00911,2023-08-11,feature_use
U00911,2024-04-24,login
U00911,2022-12-11,login
U00911,2024-10-17,login
U00911,2024-10-17,login
U00911,2024-09-30,login
U00911,2023-01-10,feature_use
U00911,2024-01-11,feature_use
U00911,2023-05-30,support_ticket
U00911,2024-04-04,support_ticket
U00911,2023-07-19,support_ticket
U00911,2024-06-04,feature_use
U00911,2022-09-14,login
U00911,2023-07-13,login
U00911,2024-04-30,login
U00911,2023-06-17,login
U00912,2021-12-07,support_ticket
U00912,2023-12-31,login
U00912,2022-03-03,support_ticket
U00912,2021-08-25,feature_use
U00912,2022-11-04,feature_use
U00912,2023-10-13,support_ticket
U00912,2022-10-20,login
U00912,2024-10-02,feature_use
U00912,2024-11-10,support_ticket
U00912,2022-07-29,support_ticket
U00912,2024-06-04,feature_use
U00912,2023-10-17,login
U00912,2022-08-21,feature_use
U00912,2024-07-10,support_ticket
U00912,2024-04-20,feature_use
U00912,2022-09-22,login
U00912,2022-01-24,support_ticket
U00912,2023-08-02,login
U00912,2023-02-03,login
U00912,2024-08-27,feature_use
U00912,2022-05-21,support_ticket
U00912,2021-10-12,feature_use
U00912,2023-06-16,feature_use
U00912,2022-09-18,support_ticket
U00912,2022-03-06,feature_use
U00912,2023-04-25,feature_use
U00912,2023-02-19,login
U00912,2024-12-17,support_ticket
U00912,2024-10-19,feature_use
U00912,2023-02-24,feature_use
U00912,2024-11-08,support_ticket
U00912,2023-10-16,login
U00912,2023-02-09,support_ticket
U00912,2022-10-08,support_ticket
U00912,2023-03-12,login
U00912,2024-11-08,support_ticket
U00912,2022-06-04,feature_use
U00913,2023-07-24,feature_use
U00913,2024-08-12,login
U00913,2024-07-05,support_ticket
U00913,2024-04-12,login
U00913,2024-08-06,login
U00913,2024-04-01,support_ticket
U00913,2023-08-29,support_ticket
U00913,2023-10-15,feature_use
U00913,2023-08-07,support_ticket
U00913,2023-09-07,login
U00913,2023-11-21,login
U00913,2024-11-03,feature_use
U00913,2024-08-14,login
U00913,2023-05-28,feature_use
U00913,2024-05-06,support_ticket
U00913,2023-08-24,feature_use
U00913,2024-02-17,support_ticket
U00913,2024-05-25,feature_use
U00913,2024-07-21,login
U00913,2024-06-29,feature_use
U00913,2024-08-21,support_ticket
U00913,2024-05-28,login
U00913,2023-08-11,support_ticket
U00913,2024-04-13,login
U00913,2024-02-09,login
U00913,2024-02-11,login
U00913,2023-07-31,login
U00913,2023-11-14,feature_use
U00913,2024-05-23,feature_use
U00913,2024-08-15,feature_use
U00913,2024-03-15,feature_use
U00913,2024-05-22,feature_use
U00913,2024-06-16,feature_use
U00914,2024-10-27,login
U00914,2024-05-19,login
U00914,2023-12-31,support_ticket
U00914,2023-09-08,feature_use
U00914,2023-03-12,login
U00914,2024-06-28,login
U00914,2023-04-18,login
U00914,2023-07-25,support_ticket
U00914,2023-04-05,support_ticket
U00914,2022-05-29,support_ticket
U00914,2022-10-10,login
U00914,2023-01-12,login
U00914,2024-01-24,feature_use
U00914,2024-11-05,feature_use
U00914,2024-06-25,support_ticket
U00914,2022-11-14,login
U00914,2023-03-22,support_ticket
U00914,2023-09-16,support_ticket
U00914,2022-05-31,feature_use
U00914,2024-09-11,login
U00914,2024-09-11,feature_use
U00914,2024-09-07,feature_use
U00914,2022-12-19,feature_use
U00914,2022-12-19,login
U00914,2023-04-02,login
U00914,2024-07-10,feature_use
U00914,2022-10-23,support_ticket
U00914,2024-01-08,login
U00914,2023-09-22,support_ticket
U00914,2023-10-30,login
U00914,2024-02-17,feature_use
U00914,2022-10-07,support_ticket
U00914,2022-12-01,login
U00914,2024-12-19,support_ticket
U00915,2023-09-07,login
U00915,2023-07-16,login
U00915,2024-04-01,login
U00915,2021-11-06,feature_use
U00915,2023-10-19,login
U00915,2023-10-17,support_ticket
U00915,2021-11-14,login
U00915,2023-12-30,feature_use
U00915,2021-11-21,feature_use
U00915,2024-10-18,login
U00915,2023-01-28,login
U00915,2022-03-27,feature_use
U00915,2024-10-13,support_ticket
U00915,2024-03-13,feature_use
U00915,2024-12-23,feature_use
U00915,2022-09-14,login
U00915,2024-11-24,support_ticket
U00915,2023-03-01,feature_use
U00915,2024-01-19,login
U00915,2024-09-30,support_ticket
U00915,2023-09-27,support_ticket
U00915,2021-11-02,support_ticket
U00915,2024-02-25,feature_use
U00915,2023-12-03,login
U00915,2022-05-26,login
U00915,2024-12-16,support_ticket
U00915,2022-10-17,login
U00915,2024-06-10,support_ticket
U00915,2024-04-24,support_ticket
U00915,2024-06-18,feature_use
U00915,2024-03-12,feature_use
U00915,2024-09-21,support_ticket
U00915,2024-06-01,support_ticket
U00915,2022-06-04,feature_use
U00915,2022-10-12,feature_use
U00915,2023-07-09,support_ticket
U00915,2023-10-29,support_ticket
U00915,2023-10-06,support_ticket
U00915,2023-12-25,login
U00915,2024-01-27,feature_use
U00915,2024-05-19,login
U00915,2022-11-17,login
U00915,2021-10-07,support_ticket
U00915,2024-01-13,login
U00915,2023-05-21,feature_use
U00915,2024-04-20,feature_use
U00916,2024-07-01,login
U00916,2023-10-30,login
U00916,2024-02-10,feature_use
U00916,2024-10-09,login
U00916,2023-10-01,login
U00916,2024-06-03,feature_use
U00916,2024-10-02,support_ticket
U00916,2024-12-19,login
U00916,2024-04-12,login
U00916,2023-12-14,support_ticket
U00916,2024-01-06,feature_use
U00916,2024-08-22,feature_use
U00916,2023-11-02,support_ticket
U00916,2024-03-05,feature_use
U00916,2023-09-23,feature_use
U00916,2024-06-01,login
U00916,2024-04-14,support_ticket
U00916,2023-12-22,support_ticket
U00916,2024-02-10,support_ticket
U00916,2023-10-20,feature_use
U00916,2024-08-25,support_ticket
U00916,2024-03-01,feature_use
U00916,2023-09-29,login
U00916,2023-11-01,support_ticket
U00916,2023-09-06,feature_use
U00916,2023-10-20,support_ticket
U00916,2023-09-18,support_ticket
U00916,2024-03-07,feature_use
U00916,2023-07-27,login
U00916,2024-04-11,feature_use
U00916,2023-08-22,feature_use
U00916,2024-09-18,support_ticket
U00916,2024-05-11,feature_use
U00916,2024-03-28,login
U00916,2024-06-23,support_ticket
U00916,2023-09-08,feature_use
U00916,2023-10-12,support_ticket
U00916,2024-02-17,support_ticket
U00916,2024-03-21,login
U00916,2024-11-21,support_ticket
U00916,2023-10-07,support_ticket
U00916,2023-09-16,support_ticket
U00917,2024-12-16,feature_use
U00917,2024-12-28,support_ticket
U00917,2024-12-12,login
U00917,2024-12-30,support_ticket
U00917,2024-12-24,support_ticket
U00917,2024-12-12,support_ticket
U00917,2024-12-24,support_ticket
U00917,2024-12-13,feature_use
U00917,2024-12-20,login
U00917,2024-12-24,support_ticket
U00917,2024-12-24,support_ticket
U00917,2024-12-23,login
U00917,2024-12-14,feature_use
U00917,2024-12-25,support_ticket
U00917,2024-12-15,support_ticket
U00917,2024-12-19,login
U00917,2024-12-11,feature_use
U00917,2024-12-26,login
U00917,2024-12-28,login
U00917,2024-12-21,support_ticket
U00917,2024-12-27,support_ticket
U00917,2024-12-22,support_ticket
U00917,2024-12-15,feature_use
U00917,2024-12-11,feature_use
U00917,2024-12-30,support_ticket
U00917,2024-12-26,feature_use
U00917,2024-12-29,support_ticket
U00917,2024-12-21,support_ticket
U00917,2024-12-26,login
U00917,2024-12-20,login
U00917,2024-12-12,login
U00917,2024-12-12,login
U00917,2024-12-13,feature_use
U00917,2024-12-13,support_ticket
U00917,2024-12-27,feature_use
U00917,2024-12-13,feature_use
U00917,2024-12-22,support_ticket
U00917,2024-12-28,support_ticket
U00917,2024-12-24,login
U00917,2024-12-15,support_ticket
U00917,2024-12-20,support_ticket
U00917,2024-12-20,support_ticket
U00917,2024-12-25,feature_use
U00917,2024-12-19,support_ticket
U00917,2024-12-14,support_ticket
U00917,2024-12-19,support_ticket
U00917,2024-12-22,support_ticket
U00917,2024-12-17,login
U00918,2021-09-02,support_ticket
U00918,2024-06-16,login
U00918,2021-09-17,login
U00918,2022-01-05,feature_use
U00918,2022-07-20,login
U00918,2022-09-20,support_ticket
U00918,2021-12-31,login
U00918,2023-09-25,feature_use
U00918,2023-11-26,login
U00918,2024-03-24,feature_use
U00918,2024-06-26,feature_use
U00918,2022-03-05,feature_use
U00918,2024-02-01,login
U00918,2022-07-25,support_ticket
U00918,2024-12-10,support_ticket
U00918,2023-04-09,support_ticket
U00918,2023-04-30,feature_use
U00918,2022-05-12,support_ticket
U00918,2022-10-22,feature_use
U00918,2024-04-07,login
U00918,2021-10-05,login
U00918,2024-03-06,support_ticket
U00918,2021-04-09,login
U00918,2021-12-04,feature_use
U00918,2024-11-18,feature_use
U00918,2023-12-04,feature_use
U00918,2024-08-15,feature_use
U00918,2021-10-22,support_ticket
U00919,2024-10-01,login
U00919,2022-11-26,support_ticket
U00919,2023-11-04,feature_use
U00919,2023-05-07,login
U00919,2022-10-02,login
U00919,2023-08-19,feature_use
U00919,2022-05-09,support_ticket
U00919,2024-06-09,login
U00919,2024-01-09,feature_use
U00919,2022-12-29,login
U00919,2023-08-11,feature_use
U00919,2024-10-29,login
U00919,2024-08-07,feature_use
U00919,2022-09-25,support_ticket
U00919,2024-04-28,login
U00919,2022-09-22,feature_use
U00919,2022-12-21,feature_use
U00919,2024-04-09,login
U00919,2022-08-01,support_ticket
U00919,2022-11-20,support_ticket
U00919,2023-04-17,support_ticket
U00919,2023-09-01,support_ticket
U00919,2024-10-18,feature_use
U00919,2023-03-24,feature_use
U00919,2022-10-11,support_ticket
U00919,2022-05-01,feature_use
U00919,2022-11-13,login
U00919,2023-05-12,login
U00920,2023-09-03,support_ticket
U00920,2022-10-08,support_ticket
U00920,2023-02-22,feature_use
U00920,2024-04-01,login
U00920,2023-01-10,support_ticket
U00921,2024-05-04,feature_use
U00921,2022-09-27,feature_use
U00921,2024-07-11,support_ticket
U00921,2023-01-26,support_ticket
U00921,2023-09-08,login
U00921,2023-08-25,support_ticket
U00921,2023-08-06,support_ticket
U00921,2023-11-10,support_ticket
U00921,2023-02-16,support_ticket
U00921,2023-02-25,support_ticket
U00921,2024-09-21,feature_use
U00921,2022-09-08,feature_use
U00921,2024-09-24,login
U00921,2024-05-22,support_ticket
U00921,2023-08-20,support_ticket
U00922,2024-07-14,feature_use
U00922,2024-04-03,support_ticket
U00922,2024-04-24,feature_use
U00922,2024-09-21,support_ticket
U00922,2024-06-01,support_ticket
U00922,2024-06-02,feature_use
U00922,2024-06-06,login
U00922,2024-05-06,feature_use
U00922,2024-11-15,feature_use
U00922,2024-04-04,login
U00922,2024-05-07,feature_use
U00922,2024-07-04,login
U00922,2024-11-10,support_ticket
U00922,2024-04-06,login
U00922,2024-08-25,login
U00922,2024-08-18,feature_use
U00922,2024-11-24,feature_use
U00922,2024-10-05,support_ticket
U00922,2024-12-28,support_ticket
U00922,2024-10-26,login
U00922,2024-11-29,login
U00922,2024-07-24,feature_use
U00922,2024-12-25,feature_use
U00922,2024-03-29,support_ticket
U00922,2024-04-09,support_ticket
U00922,2024-09-11,login
U00922,2024-12-09,login
U00922,2024-12-26,support_ticket
U00922,2024-12-31,support_ticket
U00922,2024-05-02,login
U00922,2024-06-09,support_ticket
U00922,2024-07-17,support_ticket
U00922,2024-10-10,feature_use
U00922,2024-11-11,support_ticket
U00923,2024-12-11,login
U00923,2024-11-19,support_ticket
U00923,2024-09-10,feature_use
U00923,2024-07-17,feature_use
U00923,2024-08-02,login
U00923,2024-06-18,support_ticket
U00923,2024-07-31,feature_use
U00923,2024-06-17,login
U00923,2024-06-17,login
U00923,2024-09-24,support_ticket
U00923,2024-06-30,feature_use
U00923,2024-11-22,feature_use
U00923,2024-12-07,feature_use
U00923,2024-10-29,feature_use
U00923,2024-11-29,login
U00923,2024-10-06,support_ticket
U00923,2024-10-31,support_ticket
U00923,2024-08-15,login
U00923,2024-07-01,support_ticket
U00923,2024-05-23,feature_use
U00923,2024-05-28,support_ticket
U00923,2024-10-29,feature_use
U00923,2024-05-20,support_ticket
U00923,2024-08-27,support_ticket
U00923,2024-10-07,support_ticket
U00923,2024-06-29,support_ticket
U00923,2024-10-09,feature_use
U00923,2024-08-04,login
U00924,2023-10-09,support_ticket
U00924,2024-03-05,login
U00924,2024-02-24,support_ticket
U00924,2023-02-13,support_ticket
U00924,2023-02-02,login
U00924,2023-10-06,login
U00924,2024-04-29,support_ticket
U00925,2023-12-11,feature_use
U00925,2024-11-23,login
U00925,2024-08-08,support_ticket
U00925,2024-06-12,support_ticket
U00925,2024-08-13,login
U00925,2024-12-22,login
U00925,2024-04-07,feature_use
U00925,2024-11-01,login
U00925,2024-10-23,login
U00925,2024-06-05,feature_use
U00925,2024-10-05,feature_use
U00925,2024-11-01,support_ticket
U00925,2024-12-24,feature_use
U00925,2024-03-03,feature_use
U00925,2024-10-19,login
U00925,2024-11-19,support_ticket
U00925,2024-06-17,support_ticket
U00925,2024-05-05,login
U00925,2024-02-13,login
U00925,2024-05-15,login
U00925,2024-09-09,support_ticket
U00925,2024-09-08,support_ticket
U00925,2024-09-27,support_ticket
U00925,2023-12-04,support_ticket
U00925,2024-09-09,support_ticket
U00925,2024-12-26,support_ticket
U00925,2024-06-17,login
U00925,2024-08-28,login
U00925,2024-01-19,login
U00926,2022-12-18,feature_use
U00926,2024-05-10,support_ticket
U00926,2023-03-05,login
U00926,2024-08-28,feature_use
U00926,2022-10-04,login
U00926,2024-11-14,feature_use
U00926,2024-02-13,login
U00926,2024-02-09,support_ticket
U00926,2023-08-15,support_ticket
U00926,2024-07-17,support_ticket
U00926,2023-06-28,feature_use
U00926,2024-11-16,feature_use
U00926,2023-04-10,feature_use
U00926,2023-01-23,login
U00926,2023-03-30,login
U00926,2023-11-23,support_ticket
U00926,2024-09-04,feature_use
U00926,2024-01-28,feature_use
U00926,2023-04-13,support_ticket
U00926,2024-11-16,login
U00926,2024-11-10,login
U00926,2024-09-09,support_ticket
U00926,2022-11-24,support_ticket
U00926,2024-02-06,login
U00926,2024-12-06,feature_use
U00926,2023-05-04,support_ticket
U00926,2023-07-09,support_ticket
U00926,2023-05-12,login
U00926,2024-11-05,support_ticket
U00926,2024-01-01,support_ticket
U00926,2024-01-20,feature_use
U00926,2024-11-05,feature_use
U00926,2024-02-14,support_ticket
U00926,2024-11-21,feature_use
U00927,2024-04-15,support_ticket
U00927,2024-04-17,support_ticket
U00927,2024-03-02,login
U00927,2024-11-10,support_ticket
U00927,2024-10-13,feature_use
U00927,2024-10-08,login
U00927,2024-12-17,login
U00927,2024-06-10,login
U00927,2024-04-17,login
U00927,2024-08-30,feature_use
U00927,2024-12-27,support_ticket
U00927,2024-09-27,feature_use
U00927,2024-08-31,login
U00927,2024-06-05,login
U00927,2024-04-22,support_ticket
U00927,2024-06-02,login
U00928,2022-05-21,feature_use
U00928,2024-12-09,login
U00928,2024-06-29,login
U00928,2023-09-17,login
U00928,2023-05-09,login
U00928,2024-10-01,feature_use
U00928,2024-12-06,support_ticket
U00928,2022-07-01,login
U00928,2024-12-20,feature_use
U00928,2022-12-01,login
U00928,2024-04-21,login
U00928,2022-02-12,feature_use
U00928,2022-08-20,feature_use
U00929,2023-12-18,feature_use
U00929,2024-01-06,feature_use
U00929,2023-11-27,support_ticket
U00929,2024-07-29,login
U00929,2023-10-17,support_ticket
U00929,2024-04-06,login
U00929,2023-12-01,login
U00929,2023-10-22,login
U00929,2024-06-04,support_ticket
U00929,2024-09-14,login
U00929,2024-11-03,feature_use
U00929,2023-11-14,login
U00929,2024-05-03,support_ticket
U00929,2024-01-07,login
U00929,2024-01-20,support_ticket
U00929,2024-09-10,login
U00929,2023-11-20,login
U00929,2024-09-16,feature_use
U00929,2023-10-29,login
U00929,2023-10-28,support_ticket
U00929,2024-09-11,support_ticket
U00929,2024-12-19,login
U00929,2024-12-12,support_ticket
U00929,2024-03-20,login
U00929,2023-11-20,feature_use
U00929,2024-04-28,support_ticket
U00929,2024-04-28,login
U00930,2024-10-09,feature_use
U00930,2024-08-19,feature_use
U00930,2024-12-14,login
U00930,2024-12-13,login
U00930,2024-08-19,support_ticket
U00930,2024-10-21,feature_use
U00930,2024-08-22,support_ticket
U00930,2024-12-29,login
U00930,2024-11-29,support_ticket
U00930,2024-10-01,support_ticket
U00930,2024-11-07,login
U00930,2024-10-10,login
U00930,2024-11-10,login
U00930,2024-09-07,feature_use
U00930,2024-09-26,feature_use
U00930,2024-09-12,feature_use
U00930,2024-08-27,login
U00930,2024-10-28,support_ticket
U00930,2024-10-18,feature_use
U00930,2024-09-09,feature_use
U00930,2024-10-11,login
U00930,2024-11-10,support_ticket
U00930,2024-08-29,support_ticket
U00930,2024-11-04,login
U00930,2024-10-01,login
U00930,2024-09-11,login
U00930,2024-11-19,feature_use
U00930,2024-09-30,login
U00930,2024-09-17,feature_use
U00930,2024-08-10,feature_use
U00930,2024-10-28,login
U00930,2024-09-30,feature_use
U00930,2024-11-25,feature_use
U00930,2024-11-04,login
U00930,2024-10-09,support_ticket
U00930,2024-08-22,login
U00930,2024-11-16,login
U00930,2024-12-20,feature_use
U00930,2024-12-11,feature_use
U00930,2024-09-30,login
U00930,2024-09-04,support_ticket
U00930,2024-10-30,support_ticket
U00930,2024-08-14,support_ticket
U00930,2024-08-12,login
U00930,2024-12-29,feature_use
U00930,2024-09-05,feature_use
U00930,2024-09-15,support_ticket
U00930,2024-11-14,feature_use
U00930,2024-11-10,login
U00930,2024-09-02,support_ticket
U00931,2023-12-29,support_ticket
U00931,2023-06-18,support_ticket
U00931,2023-02-16,feature_use
U00931,2023-11-19,feature_use
U00931,2022-10-20,login
U00931,2023-06-02,support_ticket
U00931,2023-07-03,support_ticket
U00931,2023-10-29,feature_use
U00931,2024-03-21,support_ticket
U00931,2024-09-05,support_ticket
U00931,2024-10-19,feature_use
U00931,2023-11-16,support_ticket
U00931,2023-08-05,support_ticket
U00931,2023-03-29,login
U00931,2023-01-23,support_ticket
U00931,2023-01-31,support_ticket
U00931,2024-06-18,login
U00931,2023-03-07,login
U00931,2023-04-06,login
U00931,2023-01-20,feature_use
U00931,2023-10-06,login
U00931,2024-06-20,support_ticket
U00931,2024-04-27,support_ticket
U00931,2022-10-22,feature_use
U00932,2022-06-19,feature_use
U00932,2023-10-17,login
U00932,2024-05-24,feature_use
U00932,2022-07-05,support_ticket
U00932,2022-09-28,feature_use
U00932,2024-06-04,feature_use
U00933,2024-01-07,login
U00933,2023-08-09,feature_use
U00933,2022-07-23,feature_use
U00933,2022-12-04,support_ticket
U00933,2022-11-05,support_ticket
U00933,2024-12-02,support_ticket
U00933,2023-08-16,login
U00933,2024-06-13,feature_use
U00933,2024-05-31,support_ticket
U00933,2024-10-30,login
U00933,2022-02-01,login
U00933,2022-01-19,feature_use
U00933,2024-10-03,login
U00933,2022-03-14,login
U00933,2024-03-07,support_ticket
U00933,2023-12-08,login
U00933,2023-08-17,feature_use
U00933,2024-02-22,feature_use
U00933,2022-07-12,feature_use
U00933,2023-08-31,login
U00933,2024-08-29,login
U00933,2024-06-26,feature_use
U00933,2023-12-03,login
U00933,2022-05-23,feature_use
U00933,2024-01-26,support_ticket
U00933,2024-02-05,feature_use
U00933,2022-02-12,support_ticket
U00933,2022-04-26,login
U00933,2022-11-05,support_ticket
U00933,2022-02-18,feature_use
U00933,2023-12-29,feature_use
U00933,2024-09-01,login
U00933,2023-10-19,feature_use
U00933,2023-06-16,login
U00933,2024-07-19,support_ticket
U00933,2022-10-23,support_ticket
U00933,2023-06-16,login
U00933,2024-05-06,support_ticket
U00933,2022-07-21,login
U00933,2022-03-03,support_ticket
U00933,2024-12-13,login
U00933,2023-06-30,feature_use
U00933,2022-05-08,support_ticket
U00933,2024-12-15,login
U00933,2023-07-06,support_ticket
U00934,2024-03-19,feature_use
U00934,2023-08-04,login
U00934,2022-10-10,login
U00934,2023-07-11,login
U00934,2023-08-02,feature_use
U00934,2022-09-01,feature_use
U00934,2022-07-08,feature_use
U00934,2022-05-22,login
U00934,2022-11-02,feature_use
U00934,2022-10-29,feature_use
U00934,2023-04-04,login
U00934,2024-03-15,support_ticket
U00934,2022-07-30,login
U00934,2023-01-24,support_ticket
U00934,2022-08-12,feature_use
U00934,2023-07-14,login
U00934,2022-11-16,support_ticket
U00934,2022-06-06,support_ticket
U00934,2023-04-28,feature_use
U00934,2024-12-12,login
U00934,2023-09-24,feature_use
U00934,2023-02-05,support_ticket
U00934,2022-06-10,login
U00934,2023-06-10,login
U00934,2023-08-11,support_ticket
U00934,2022-06-15,feature_use
U00934,2024-07-06,support_ticket
U00934,2023-02-07,support_ticket
U00934,2022-10-24,support_ticket
U00934,2022-09-02,feature_use
U00934,2022-11-17,support_ticket
U00934,2022-12-04,login
U00935,2024-12-31,feature_use
U00935,2024-12-29,support_ticket
U00935,2024-12-21,login
U00935,2024-12-28,login
U00935,2024-12-29,feature_use
U00935,2024-12-30,support_ticket
U00935,2024-12-25,feature_use
U00935,2024-12-21,login
U00935,2024-12-20,feature_use
U00935,2024-12-24,feature_use
U00935,2024-12-24,support_ticket
U00935,2024-12-26,feature_use
U00935,2024-12-26,feature_use
U00935,2024-12-27,support_ticket
U00935,2024-12-25,feature_use
U00935,2024-12-22,feature_use
U00935,2024-12-20,support_ticket
U00935,2024-12-24,feature_use
U00935,2024-12-20,support_ticket
U00935,2024-12-30,login
U00935,2024-12-30,feature_use
U00935,2024-12-23,support_ticket
U00935,2024-12-29,support_ticket
U00935,2024-12-22,feature_use
U00935,2024-12-27,login
U00935,2024-12-29,support_ticket
U00935,2024-12-22,support_ticket
U00935,2024-12-26,login
U00935,2024-12-20,login
U00935,2024-12-28,feature_use
U00935,2024-12-30,feature_use
U00935,2024-12-21,feature_use
U00935,2024-12-23,support_ticket
U00935,2024-12-30,login
U00935,2024-12-25,support_ticket
U00935,2024-12-25,login
U00935,2024-12-20,login
U00935,2024-12-22,support_ticket
U00935,2024-12-31,support_ticket
U00935,2024-12-26,feature_use
U00935,2024-12-29,login
U00935,2024-12-28,login
U00935,2024-12-29,support_ticket
U00935,2024-12-20,feature_use
U00936,2024-04-18,login
U00936,2024-09-18,login
U00936,2023-03-23,login
U00936,2021-05-29,feature_use
U00936,2024-01-25,login
U00936,2021-05-29,support_ticket
U00936,2024-05-11,login
U00936,2021-08-15,login
U00936,2024-06-23,support_ticket
U00936,2022-12-12,login
U00936,2021-11-29,support_ticket
U00936,2023-09-28,support_ticket
U00936,2023-12-27,feature_use
U00936,2023-07-30,support_ticket
U00936,2022-02-14,support_ticket
U00936,2021-09-09,support_ticket
U00937,2023-09-06,support_ticket
U00937,2023-05-21,feature_use
U00937,2023-05-17,feature_use
U00937,2023-08-15,support_ticket
U00937,2024-08-15,login
U00937,2024-04-30,feature_use
U00937,2024-02-28,feature_use
U00937,2024-04-24,support_ticket
U00937,2024-02-12,login
U00937,2024-07-23,support_ticket
U00937,2023-08-31,feature_use
U00937,2024-01-12,support_ticket
U00937,2024-08-11,feature_use
U00937,2024-08-28,login
U00937,2024-11-19,support_ticket
U00937,2024-03-11,login
U00937,2023-08-31,support_ticket
U00937,2024-03-24,support_ticket
U00937,2024-05-19,feature_use
U00937,2024-09-22,feature_use
U00937,2024-03-21,support_ticket
U00937,2024-08-18,support_ticket
U00937,2023-10-18,support_ticket
U00937,2024-05-24,login
U00937,2024-06-25,login
U00937,2023-10-19,support_ticket
U00937,2024-09-02,login
U00937,2023-10-22,feature_use
U00937,2023-12-23,feature_use
U00937,2023-06-16,login
U00937,2023-07-23,support_ticket
U00937,2023-06-14,feature_use
U00937,2024-06-25,feature_use
U00937,2024-03-27,support_ticket
U00937,2023-08-23,feature_use
U00937,2023-07-07,support_ticket
U00937,2023-12-29,feature_use
U00937,2023-11-15,login
U00937,2024-08-05,feature_use
U00937,2024-10-15,support_ticket
U00937,2023-12-26,login
U00937,2024-12-15,support_ticket
U00937,2024-07-31,feature_use
U00937,2024-11-14,login
U00937,2024-07-18,login
U00937,2024-04-30,support_ticket
U00938,2022-03-28,support_ticket
U00938,2022-05-01,feature_use
U00938,2021-10-17,login
U00938,2023-04-03,login
U00938,2023-01-31,feature_use
U00938,2023-02-06,feature_use
U00938,2023-02-26,support_ticket
U00938,2022-12-16,feature_use
U00938,2023-02-24,support_ticket
U00938,2022-01-02,login
U00938,2022-12-22,login
U00938,2024-09-12,feature_use
U00938,2022-10-31,feature_use
U00938,2022-03-04,login
U00938,2023-09-07,support_ticket
U00938,2024-06-14,support_ticket
U00938,2022-06-03,feature_use
U00938,2024-11-25,login
U00938,2024-01-27,login
U00938,2022-02-12,login
U00938,2023-05-12,feature_use
U00938,2023-11-22,login
U00938,2021-11-22,feature_use
U00938,2022-11-25,feature_use
U00938,2024-05-03,support_ticket
U00938,2024-06-14,login
U00938,2023-09-06,feature_use
U00938,2022-06-06,feature_use
U00938,2023-07-26,feature_use
U00938,2024-02-04,feature_use
U00938,2024-04-14,login
U00938,2022-02-10,support_ticket
U00938,2022-04-20,feature_use
U00938,2024-08-15,support_ticket
U00938,2023-08-02,support_ticket
U00938,2022-09-27,feature_use
U00938,2024-01-04,login
U00938,2024-05-28,support_ticket
U00938,2021-11-09,login
U00938,2024-10-23,support_ticket
U00938,2024-09-06,support_ticket
U00938,2023-04-04,login
U00938,2024-10-29,login
U00938,2022-01-02,login
U00938,2023-06-04,support_ticket
U00939,2023-06-16,feature_use
U00939,2023-11-08,support_ticket
U00939,2024-12-04,login
U00939,2023-07-26,feature_use
U00939,2024-12-16,feature_use
U00939,2022-06-17,support_ticket
U00939,2023-12-01,login
U00939,2024-12-04,support_ticket
U00939,2024-08-26,feature_use
U00939,2024-12-11,login
U00939,2023-11-09,support_ticket
U00939,2024-03-03,login
U00939,2024-07-15,support_ticket
U00939,2022-10-17,feature_use
U00939,2023-03-25,feature_use
U00939,2024-09-09,support_ticket
U00939,2022-12-13,support_ticket
U00939,2023-11-28,login
U00939,2023-08-23,login
U00939,2023-09-28,login
U00939,2023-03-02,support_ticket
U00939,2023-06-28,login
U00939,2024-09-15,support_ticket
U00939,2023-09-18,login
U00939,2024-07-28,feature_use
U00939,2024-10-08,login
U00939,2022-08-26,feature_use
U00939,2024-01-05,login
U00939,2024-05-13,login
U00939,2023-11-17,login
U00939,2022-12-18,feature_use
U00939,2024-12-25,login
U00939,2024-07-27,login
U00939,2024-01-31,support_ticket
U00939,2022-12-30,support_ticket
U00939,2024-07-08,login
U00939,2023-04-15,feature_use
U00939,2022-06-13,support_ticket
U00939,2023-01-27,login
U00939,2024-08-09,support_ticket
U00939,2023-11-26,support_ticket
U00939,2023-01-28,feature_use
U00939,2024-01-09,login
U00939,2024-04-07,login
U00939,2023-07-23,feature_use
U00939,2023-10-21,feature_use
U00939,2023-02-23,support_ticket
U00940,2024-12-17,login
U00940,2024-11-29,support_ticket
U00940,2024-09-10,login
U00940,2024-10-15,support_ticket
U00940,2024-12-16,support_ticket
U00940,2024-09-19,support_ticket
U00940,2024-09-27,support_ticket
U00940,2024-12-19,support_ticket
U00940,2024-09-12,support_ticket
U00940,2024-09-05,feature_use
U00940,2024-11-13,login
U00940,2024-10-03,feature_use
U00940,2024-12-23,support_ticket
U00940,2024-10-19,login
U00940,2024-09-30,login
U00940,2024-10-07,feature_use
U00941,2023-04-04,feature_use
U00941,2023-03-23,support_ticket
U00941,2023-10-01,login
U00941,2024-06-28,feature_use
U00941,2023-04-14,support_ticket
U00941,2024-05-28,support_ticket
U00941,2024-05-09,feature_use
U00941,2023-02-12,login
U00941,2024-07-06,feature_use
U00941,2023-12-13,support_ticket
U00941,2023-02-13,feature_use
U00941,2023-07-12,feature_use
U00941,2023-10-13,support_ticket
U00941,2024-07-04,login
U00941,2023-02-02,feature_use
U00941,2023-03-02,login
U00941,2024-09-22,login
U00941,2024-04-01,feature_use
U00941,2024-08-01,login
U00941,2023-07-26,support_ticket
U00941,2024-07-05,support_ticket
U00941,2023-10-06,feature_use
U00941,2024-10-15,support_ticket
U00941,2023-09-13,support_ticket
U00941,2024-11-23,support_ticket
U00941,2024-01-01,support_ticket
U00941,2024-09-01,login
U00941,2023-03-30,support_ticket
U00941,2023-07-07,login
U00941,2024-05-02,support_ticket
U00941,2024-07-12,login
U00941,2023-11-06,feature_use
U00941,2024-09-06,feature_use
U00941,2023-10-12,support_ticket
U00941,2023-12-20,login
U00941,2024-04-05,support_ticket
U00942,2022-11-26,login
U00942,2023-01-18,login
U00942,2024-07-12,login
U00942,2023-10-03,support_ticket
U00942,2024-05-23,login
U00942,2022-07-20,feature_use
U00942,2024-06-28,support_ticket
U00942,2022-12-18,login
U00942,2022-05-12,support_ticket
U00942,2024-04-01,feature_use
U00942,2022-03-27,login
U00942,2023-08-21,feature_use
U00942,2024-10-28,login
U00942,2022-07-18,feature_use
U00942,2022-07-03,login
U00942,2022-01-27,feature_use
U00942,2023-09-21,feature_use
U00942,2022-08-29,login
U00942,2022-04-12,support_ticket
U00942,2023-03-14,feature_use
U00942,2022-10-15,feature_use
U00942,2024-07-28,feature_use
U00942,2024-11-22,feature_use
U00942,2024-04-29,login
U00942,2023-04-09,feature_use
U00942,2024-06-15,support_ticket
U00942,2022-06-18,feature_use
U00942,2023-04-24,login
U00942,2024-08-08,feature_use
U00942,2024-05-09,login
U00942,2024-05-26,login
U00942,2023-12-06,support_ticket
U00942,2022-06-10,support_ticket
U00942,2023-06-01,feature_use
U00942,2022-05-06,feature_use
U00942,2024-02-01,feature_use
U00942,2023-09-15,login
U00942,2024-05-20,support_ticket
U00943,2023-10-27,support_ticket
U00943,2023-09-24,feature_use
U00943,2024-04-01,support_ticket
U00943,2023-10-19,support_ticket
U00943,2023-10-22,feature_use
U00943,2024-02-27,feature_use
U00943,2023-05-10,support_ticket
U00943,2023-11-17,feature_use
U00943,2023-09-26,feature_use
U00943,2024-06-19,feature_use
U00943,2024-06-19,support_ticket
U00943,2024-07-03,support_ticket
U00943,2024-02-17,support_ticket
U00943,2023-07-03,support_ticket
U00943,2024-10-28,feature_use
U00943,2024-01-25,support_ticket
U00943,2023-10-09,feature_use
U00943,2023-04-28,support_ticket
U00943,2024-07-21,support_ticket
U00943,2023-08-27,feature_use
U00943,2023-12-07,feature_use
U00943,2024-08-19,support_ticket
U00943,2023-08-01,login
U00943,2024-11-07,feature_use
U00943,2023-03-22,feature_use
U00943,2023-06-25,feature_use
U00943,2023-11-12,feature_use
U00943,2023-02-16,login
U00943,2024-02-06,feature_use
U00943,2024-07-04,support_ticket
U00943,2023-04-16,login
U00943,2023-06-15,feature_use
U00943,2024-07-25,login
U00943,2024-11-05,feature_use
U00943,2024-10-05,support_ticket
U00943,2024-08-24,login
U00943,2024-03-25,login
U00943,2023-02-15,login
U00943,2024-05-05,support_ticket
U00943,2024-04-07,login
U00944,2024-07-10,feature_use
U00944,2021-03-27,login
U00944,2024-01-26,support_ticket
U00944,2021-05-24,feature_use
U00944,2022-06-03,feature_use
U00944,2022-08-27,login
U00944,2024-09-22,login
U00944,2023-09-03,support_ticket
U00944,2024-04-19,login
U00944,2024-02-04,support_ticket
U00944,2023-04-29,feature_use
U00944,2023-01-04,login
U00944,2021-04-22,support_ticket
U00944,2023-07-16,login
U00944,2024-08-31,support_ticket
U00945,2024-04-19,feature_use
U00945,2024-12-31,login
U00945,2024-08-01,support_ticket
U00945,2024-05-28,login
U00945,2024-06-22,support_ticket
U00945,2024-09-20,login
U00945,2024-07-12,support_ticket
U00945,2024-12-15,feature_use
U00945,2024-09-13,login
U00945,2024-10-18,login
U00945,2024-05-21,feature_use
U00945,2024-10-26,feature_use
U00945,2024-10-21,feature_use
U00945,2024-09-28,feature_use
U00945,2024-09-19,support_ticket
U00945,2024-10-28,login
U00945,2024-07-03,support_ticket
U00945,2024-05-24,login
U00945,2024-12-27,support_ticket
U00945,2024-04-19,feature_use
U00945,2024-11-05,login
U00945,2024-10-07,feature_use
U00945,2024-12-19,login
U00945,2024-09-10,login
U00945,2024-05-14,support_ticket
U00945,2024-11-11,login
U00945,2024-05-02,support_ticket
U00945,2024-11-24,feature_use
U00945,2024-06-16,feature_use
U00945,2024-05-22,support_ticket
U00945,2024-10-10,login
U00945,2024-05-28,feature_use
U00945,2024-10-28,feature_use
U00945,2024-04-28,support_ticket
U00946,2024-02-06,feature_use
U00946,2024-08-29,feature_use
U00946,2024-03-19,support_ticket
U00946,2024-05-03,support_ticket
U00946,2024-07-07,login
U00946,2024-05-27,login
U00946,2024-02-06,login
U00946,2024-01-04,support_ticket
U00946,2024-12-10,feature_use
U00946,2024-11-25,support_ticket
U00946,2024-04-27,feature_use
U00946,2024-04-30,feature_use
U00946,2024-11-15,feature_use
U00946,2024-01-21,feature_use
U00946,2024-10-15,login
U00947,2024-04-04,login
U00947,2023-06-14,login
U00947,2023-11-14,login
U00947,2023-09-29,login
U00947,2023-05-12,support_ticket
U00947,2024-03-25,login
U00947,2024-12-23,support_ticket
U00947,2023-07-27,support_ticket
U00947,2024-09-03,support_ticket
U00947,2023-12-02,support_ticket
U00947,2023-10-27,feature_use
U00947,2024-09-25,login
U00947,2024-03-25,support_ticket
U00947,2024-11-21,support_ticket
U00947,2024-12-23,support_ticket
U00947,2023-01-09,support_ticket
U00947,2024-01-03,feature_use
U00947,2024-02-24,support_ticket
U00947,2022-10-20,feature_use
U00947,2023-01-01,feature_use
U00947,2024-06-28,login
U00947,2023-03-29,feature_use
U00947,2023-04-29,feature_use
U00947,2024-03-05,feature_use
U00947,2023-06-06,feature_use
U00947,2022-12-29,login
U00947,2024-12-12,support_ticket
U00947,2023-10-17,login
U00947,2024-04-12,login
U00948,2022-05-20,login
U00948,2022-12-14,support_ticket
U00948,2023-03-27,login
U00948,2023-09-13,feature_use
U00948,2023-04-11,login
U00948,2022-12-25,login
U00948,2023-03-05,feature_use
U00948,2023-11-18,feature_use
U00948,2024-07-13,support_ticket
U00948,2022-03-28,login
U00948,2024-09-24,login
U00948,2023-12-27,feature_use
U00948,2024-03-28,support_ticket
U00948,2024-10-14,login
U00948,2023-06-20,login
U00948,2024-03-16,support_ticket
U00948,2023-03-30,feature_use
U00948,2024-01-08,feature_use
U00948,2023-03-06,feature_use
U00948,2022-06-24,support_ticket
U00948,2024-02-22,login
U00948,2022-05-12,feature_use
U00948,2022-08-15,login
U00948,2024-04-21,feature_use
U00948,2024-08-14,feature_use
U00948,2024-03-12,feature_use
U00948,2024-02-03,support_ticket
U00948,2023-03-14,support_ticket
U00948,2022-10-15,support_ticket
U00948,2022-10-23,feature_use
U00948,2024-03-19,feature_use
U00948,2023-04-16,feature_use
U00948,2022-07-06,support_ticket
U00949,2024-05-06,feature_use
U00949,2024-02-23,feature_use
U00949,2024-07-02,login
U00949,2024-10-26,login
U00949,2023-09-23,support_ticket
U00949,2024-02-11,feature_use
U00949,2024-01-21,support_ticket
U00949,2023-09-20,login
U00949,2024-06-09,support_ticket
U00949,2024-07-23,support_ticket
U00949,2024-01-28,feature_use
U00949,2023-12-21,support_ticket
U00949,2024-12-24,support_ticket
U00949,2024-06-04,login
U00949,2024-03-19,support_ticket
U00949,2024-04-23,feature_use
U00949,2024-06-26,feature_use
U00949,2023-11-08,login
U00949,2024-08-18,feature_use
U00949,2024-03-24,feature_use
U00949,2024-01-24,support_ticket
U00949,2024-05-31,feature_use
U00949,2024-11-11,support_ticket
U00949,2024-07-13,support_ticket
U00949,2024-03-26,support_ticket
U00949,2024-11-27,login
U00949,2024-05-30,feature_use
U00949,2024-05-30,feature_use
U00949,2024-01-04,support_ticket
U00949,2024-12-18,login
U00949,2024-02-07,login
U00950,2024-11-15,login
U00950,2024-08-12,support_ticket
U00950,2024-05-31,support_ticket
U00950,2024-11-23,support_ticket
U00950,2024-08-03,support_ticket
U00950,2024-06-04,support_ticket
U00950,2024-08-02,feature_use
U00950,2024-07-27,feature_use
U00950,2024-08-01,login
U00950,2024-09-16,login
U00950,2024-09-14,login
U00950,2024-08-22,feature_use
U00950,2024-07-30,feature_use
U00950,2024-11-23,login
U00950,2024-09-21,support_ticket
U00950,2024-09-04,login
U00950,2024-06-06,support_ticket
U00950,2024-08-15,feature_use
U00950,2024-09-16,support_ticket
U00950,2024-07-02,support_ticket
U00950,2024-09-20,feature_use
U00950,2024-06-05,feature_use
U00950,2024-08-11,login
U00950,2024-12-31,support_ticket
U00950,2024-07-23,support_ticket
U00950,2024-06-22,feature_use
U00950,2024-08-27,login
U00950,2024-07-22,feature_use
U00950,2024-10-08,login
U00950,2024-10-12,login
U00950,2024-07-19,feature_use
U00950,2024-09-04,support_ticket
U00950,2024-10-22,support_ticket
U00950,2024-11-14,login
U00950,2024-11-11,login
U00950,2024-10-12,support_ticket
U00950,2024-11-03,feature_use
U00950,2024-10-05,feature_use
U00950,2024-09-21,feature_use
U00951,2024-11-03,support_ticket
U00951,2023-08-29,feature_use
U00951,2022-06-05,login
U00951,2022-11-17,support_ticket
U00951,2024-03-05,support_ticket
U00952,2023-03-11,support_ticket
U00952,2024-05-06,login
U00952,2023-06-29,feature_use
U00952,2023-11-08,support_ticket
U00952,2023-12-05,support_ticket
U00952,2024-10-01,feature_use
U00952,2024-10-02,support_ticket
U00952,2024-11-09,feature_use
U00952,2024-11-14,login
U00952,2022-11-05,feature_use
U00952,2024-10-07,feature_use
U00952,2022-10-10,support_ticket
U00952,2023-09-19,login
U00952,2023-09-23,feature_use
U00952,2024-08-20,feature_use
U00952,2024-08-24,support_ticket
U00952,2023-09-28,login
U00952,2023-09-20,login
U00952,2024-10-25,login
U00952,2024-09-24,support_ticket
U00952,2023-09-08,login
U00952,2024-10-21,support_ticket
U00952,2022-12-03,login
U00952,2022-08-13,login
U00952,2022-12-26,support_ticket
U00952,2024-10-29,feature_use
U00952,2022-12-13,feature_use
U00952,2024-07-04,support_ticket
U00952,2024-01-13,feature_use
U00952,2023-06-09,login
U00952,2024-04-18,feature_use
U00952,2023-09-19,feature_use
U00952,2023-08-13,feature_use
U00952,2024-03-05,feature_use
U00952,2023-11-09,login
U00952,2024-10-07,feature_use
U00952,2023-03-21,feature_use
U00952,2023-06-03,feature_use
U00952,2024-11-02,login
U00952,2024-11-16,feature_use
U00952,2024-03-01,support_ticket
U00952,2023-07-13,feature_use
U00952,2022-11-16,login
U00952,2022-11-22,support_ticket
U00953,2024-07-10,login
U00953,2024-01-22,support_ticket
U00953,2024-11-26,login
U00953,2024-02-06,support_ticket
U00953,2024-03-28,support_ticket
U00953,2024-11-08,login
U00953,2024-05-07,support_ticket
U00953,2024-03-21,support_ticket
U00953,2024-01-02,login
U00953,2024-12-08,support_ticket
U00953,2024-03-21,login
U00953,2024-06-27,login
U00953,2024-07-13,feature_use
U00953,2024-01-11,feature_use
U00953,2024-11-17,feature_use
U00953,2024-07-20,support_ticket
U00953,2024-08-03,support_ticket
U00953,2024-07-30,support_ticket
U00953,2024-01-18,login
U00953,2024-02-07,support_ticket
U00953,2024-03-24,login
U00953,2024-04-03,login
U00953,2024-06-07,login
U00953,2024-05-30,login
U00953,2024-05-16,login
U00953,2024-06-06,support_ticket
U00953,2024-08-18,feature_use
U00953,2024-09-17,support_ticket
U00953,2024-05-13,support_ticket
U00953,2024-03-12,feature_use
U00953,2024-08-01,support_ticket
U00953,2024-07-29,login
U00953,2024-11-26,login
U00953,2024-08-30,feature_use
U00954,2024-07-19,login
U00954,2024-09-20,login
U00954,2023-02-06,login
U00954,2024-10-15,feature_use
U00954,2023-09-09,support_ticket
U00954,2023-05-04,login
U00954,2022-07-10,login
U00954,2024-01-05,feature_use
U00954,2023-03-09,feature_use
U00954,2023-09-21,feature_use
U00954,2023-07-12,login
U00954,2023-08-18,support_ticket
U00954,2024-05-04,login
U00954,2024-12-11,support_ticket
U00954,2024-10-28,support_ticket
U00954,2024-08-17,feature_use
U00954,2022-08-13,support_ticket
U00954,2023-08-18,feature_use
U00954,2022-08-25,login
U00954,2023-01-24,login
U00954,2023-12-19,feature_use
U00954,2022-08-23,support_ticket
U00954,2024-04-16,feature_use
U00954,2024-12-15,login
U00954,2024-05-04,login
U00954,2024-04-03,feature_use
U00954,2023-07-02,login
U00954,2023-01-23,feature_use
U00954,2024-03-30,feature_use
U00954,2023-07-03,support_ticket
U00954,2024-12-20,feature_use
U00954,2023-04-04,feature_use
U00954,2024-07-24,login
U00954,2022-10-28,support_ticket
U00954,2024-09-16,login
U00954,2023-01-31,support_ticket
U00954,2023-04-03,support_ticket
U00954,2023-08-15,feature_use
U00954,2024-05-11,login
U00954,2023-09-09,feature_use
U00954,2023-04-25,support_ticket
U00955,2023-11-23,support_ticket
U00955,2024-12-09,support_ticket
U00955,2024-08-27,login
U00955,2024-10-11,support_ticket
U00955,2024-08-19,login
U00955,2024-03-17,support_ticket
U00955,2024-01-31,feature_use
U00955,2024-02-01,feature_use
U00956,2024-01-01,login
U00956,2024-02-11,support_ticket
U00956,2024-08-20,feature_use
U00956,2023-10-23,support_ticket
U00956,2024-07-27,feature_use
U00956,2024-10-05,support_ticket
U00956,2024-07-16,login
U00956,2024-04-30,support_ticket
U00956,2024-05-07,login
U00956,2024-10-20,login
U00956,2024-09-23,support_ticket
U00956,2024-01-12,support_ticket
U00956,2024-04-08,feature_use
U00956,2024-10-26,login
U00956,2023-12-23,support_ticket
U00956,2024-09-14,feature_use
U00956,2024-09-19,login
U00956,2024-04-13,support_ticket
U00956,2024-01-06,support_ticket
U00956,2023-10-04,support_ticket
U00956,2024-11-07,support_ticket
U00956,2024-01-29,login
U00956,2024-02-27,support_ticket
U00956,2024-11-10,support_ticket
U00956,2024-11-14,login
U00956,2024-07-27,feature_use
U00956,2023-09-15,feature_use
U00956,2024-07-28,feature_use
U00956,2024-09-16,feature_use
U00956,2024-03-20,support_ticket
U00956,2024-02-15,login
U00956,2023-10-26,login
U00956,2024-03-12,support_ticket
U00956,2023-08-31,support_ticket
U00956,2024-07-06,support_ticket
U00956,2024-03-27,login
U00956,2023-10-08,support_ticket
U00956,2024-12-16,support_ticket
U00956,2024-02-14,support_ticket
U00956,2024-04-08,login
U00956,2024-07-12,feature_use
U00956,2023-11-07,feature_use
U00956,2023-12-20,login
U00956,2023-12-16,login
U00956,2024-01-28,support_ticket
U00957,2024-02-21,feature_use
U00957,2023-09-20,support_ticket
U00957,2023-10-13,feature_use
U00957,2023-06-09,support_ticket
U00957,2023-02-15,support_ticket
U00957,2023-12-24,feature_use
U00957,2024-12-18,login
U00957,2023-04-02,support_ticket
U00957,2023-07-17,support_ticket
U00957,2023-09-02,login
U00957,2024-09-09,feature_use
U00957,2023-03-19,feature_use
U00957,2024-08-25,feature_use
U00957,2023-10-05,login
U00957,2024-01-15,support_ticket
U00957,2023-08-11,support_ticket
U00957,2023-02-26,login
U00957,2023-10-02,feature_use
U00957,2024-11-09,support_ticket
U00957,2024-11-07,login
U00957,2023-08-08,support_ticket
U00957,2024-10-28,login
U00958,2022-01-20,login
U00958,2023-02-10,support_ticket
U00958,2023-04-20,support_ticket
U00958,2023-04-27,support_ticket
U00958,2023-03-14,support_ticket
U00958,2023-05-27,login
U00958,2024-02-02,feature_use
U00958,2024-08-29,feature_use
U00958,2023-05-04,feature_use
U00958,2023-03-11,support_ticket
U00958,2023-09-27,support_ticket
U00958,2022-06-27,login
U00958,2024-08-03,login
U00958,2024-08-19,support_ticket
U00958,2022-11-17,login
U00958,2021-08-28,login
U00958,2024-07-01,support_ticket
U00958,2023-03-24,login
U00958,2024-04-12,support_ticket
U00958,2024-02-09,feature_use
U00958,2023-10-02,support_ticket
U00958,2023-09-21,support_ticket
U00958,2022-04-21,support_ticket
U00958,2021-05-04,support_ticket
U00958,2024-06-05,feature_use
U00958,2023-12-17,login
U00958,2024-02-11,login
U00958,2024-08-22,feature_use
U00958,2024-02-29,login
U00959,2022-03-20,support_ticket
U00959,2024-12-20,feature_use
U00959,2023-11-05,support_ticket
U00959,2024-09-30,feature_use
U00959,2024-01-31,support_ticket
U00960,2024-02-17,feature_use
U00960,2024-07-06,feature_use
U00960,2024-09-09,login
U00960,2024-07-20,support_ticket
U00960,2024-08-19,support_ticket
U00960,2024-10-04,login
U00960,2024-05-25,login
U00960,2024-09-24,login
U00960,2024-11-07,support_ticket
U00960,2024-10-24,feature_use
U00960,2024-08-08,support_ticket
U00960,2024-09-26,feature_use
U00960,2024-03-06,support_ticket
U00960,2024-11-16,login
U00960,2024-04-15,login
U00960,2024-10-13,feature_use
U00960,2024-04-12,login
U00960,2024-06-16,feature_use
U00960,2024-12-03,login
U00960,2024-10-01,feature_use
U00960,2024-05-24,support_ticket
U00960,2024-02-18,support_ticket
U00960,2024-08-30,feature_use
U00960,2024-11-06,feature_use
U00960,2024-10-10,feature_use
U00960,2024-05-15,support_ticket
U00960,2024-05-03,login
U00960,2024-04-24,feature_use
U00960,2024-12-26,feature_use
U00960,2024-06-24,login
U00960,2024-10-09,login
U00960,2024-12-29,login
U00960,2024-11-27,feature_use
U00960,2024-03-20,support_ticket
U00960,2024-12-23,support_ticket
U00960,2024-02-08,login
U00960,2024-03-13,login
U00960,2024-03-08,login
U00960,2024-08-29,feature_use
U00960,2024-05-10,support_ticket
U00960,2024-03-15,support_ticket
U00960,2024-08-28,support_ticket
U00960,2024-12-26,feature_use
U00960,2024-04-12,feature_use
U00960,2024-03-21,support_ticket
U00960,2024-08-26,feature_use
U00960,2024-09-10,feature_use
U00960,2024-10-12,login
U00960,2024-02-22,feature_use
U00961,2024-12-12,login
U00961,2024-04-24,login
U00961,2024-08-01,feature_use
U00961,2024-07-09,feature_use
U00961,2023-09-21,support_ticket
U00961,2023-05-31,support_ticket
U00961,2024-01-14,login
U00961,2023-11-19,login
U00961,2023-05-11,login
U00961,2024-06-04,login
U00961,2024-10-24,login
U00961,2023-11-04,login
U00961,2024-04-08,login
U00961,2024-12-08,login
U00961,2023-07-05,feature_use
U00961,2024-03-03,login
U00961,2024-06-01,feature_use
U00961,2024-02-04,login
U00961,2023-06-13,support_ticket
U00961,2024-05-26,login
U00961,2024-03-04,login
U00961,2024-11-25,support_ticket
U00961,2024-01-01,login
U00961,2024-06-16,feature_use
U00961,2023-09-26,login
U00961,2023-09-16,feature_use
U00961,2024-05-31,support_ticket
U00961,2024-01-19,feature_use
U00961,2024-09-02,login
U00961,2023-06-14,feature_use
U00961,2023-06-24,feature_use
U00961,2023-07-07,feature_use
U00961,2024-08-13,support_ticket
U00961,2024-01-03,feature_use
U00961,2024-08-12,support_ticket
U00961,2024-10-31,support_ticket
U00961,2023-10-21,login
U00961,2024-01-22,login
U00961,2024-11-12,login
U00961,2023-06-15,login
U00961,2024-08-18,login
U00961,2023-06-01,support_ticket
U00961,2024-01-24,feature_use
U00961,2024-11-01,support_ticket
U00961,2023-06-22,support_ticket
U00961,2023-08-21,support_ticket
U00961,2023-08-11,feature_use
U00961,2023-07-07,support_ticket
U00961,2024-04-23,feature_use
U00962,2024-09-15,support_ticket
U00962,2024-07-02,support_ticket
U00962,2023-12-15,support_ticket
U00962,2024-03-05,feature_use
U00962,2024-02-22,feature_use
U00962,2022-03-21,login
U00962,2023-05-12,feature_use
U00962,2024-09-07,support_ticket
U00962,2023-11-23,support_ticket
U00962,2023-09-01,feature_use
U00962,2022-07-26,login
U00962,2023-04-27,support_ticket
U00962,2024-10-22,support_ticket
U00962,2023-09-07,support_ticket
U00962,2024-05-09,feature_use
U00962,2023-01-04,login
U00962,2022-05-05,support_ticket
U00962,2022-02-15,feature_use
U00962,2023-11-14,login
U00962,2023-03-09,feature_use
U00962,2023-04-16,login
U00962,2023-07-31,support_ticket
U00963,2023-08-14,login
U00963,2024-06-05,login
U00963,2023-02-19,login
U00963,2023-07-24,feature_use
U00963,2024-06-10,feature_use
U00963,2024-01-28,feature_use
U00963,2024-05-19,feature_use
U00963,2023-09-12,support_ticket
U00963,2024-11-08,feature_use
U00963,2023-12-11,support_ticket
U00963,2023-05-19,feature_use
U00963,2023-09-20,support_ticket
U00963,2023-07-09,feature_use
U00963,2023-05-10,login
U00963,2024-06-13,login
U00963,2024-11-27,login
U00963,2023-04-11,login
U00963,2024-02-09,support_ticket
U00963,2023-08-03,login
U00963,2024-06-17,login
U00963,2024-03-20,login
U00963,2023-10-29,login
U00963,2024-08-27,login
U00963,2023-11-08,support_ticket
U00963,2024-11-30,support_ticket
U00963,2023-03-02,support_ticket
U00963,2024-07-28,support_ticket
U00963,2024-05-01,support_ticket
U00963,2023-05-08,login
U00963,2023-08-06,feature_use
U00963,2024-07-15,login
U00963,2023-12-23,feature_use
U00963,2023-10-12,login
U00963,2024-03-30,feature_use
U00963,2024-06-06,feature_use
U00963,2023-06-26,login
U00963,2023-05-30,login
U00963,2024-05-17,login
U00963,2024-04-06,support_ticket
U00964,2023-10-20,support_ticket
U00964,2024-07-17,login
U00964,2024-12-28,support_ticket
U00964,2024-06-08,feature_use
U00964,2024-05-26,login
U00964,2024-04-25,login
U00964,2023-12-02,feature_use
U00964,2024-01-05,feature_use
U00964,2024-06-23,login
U00964,2024-12-16,support_ticket
U00964,2024-06-07,login
U00965,2024-11-03,feature_use
U00965,2024-12-21,login
U00965,2024-11-28,support_ticket
U00965,2024-11-29,support_ticket
U00965,2024-12-14,feature_use
U00965,2024-11-20,feature_use
U00965,2024-12-20,feature_use
U00965,2024-11-09,feature_use
U00965,2024-12-03,login
U00966,2024-12-18,support_ticket
U00966,2024-12-01,feature_use
U00966,2024-05-03,support_ticket
U00966,2024-07-15,feature_use
U00966,2024-01-04,support_ticket
U00966,2024-05-23,feature_use
U00966,2024-01-01,feature_use
U00966,2023-12-25,feature_use
U00966,2024-05-20,feature_use
U00966,2024-04-09,support_ticket
U00966,2024-07-22,support_ticket
U00966,2024-08-20,support_ticket
U00966,2024-06-05,support_ticket
U00966,2024-05-31,login
U00966,2024-09-10,support_ticket
U00966,2024-04-06,login
U00966,2024-04-13,support_ticket
U00966,2024-04-12,login
U00966,2024-01-20,support_ticket
U00966,2023-12-19,support_ticket
U00966,2024-08-26,login
U00966,2024-08-29,feature_use
U00966,2024-10-10,login
U00966,2023-11-18,feature_use
U00966,2024-09-08,support_ticket
U00966,2023-10-06,support_ticket
U00966,2024-03-26,support_ticket
U00967,2022-04-16,support_ticket
U00967,2024-05-29,support_ticket
U00967,2022-05-17,feature_use
U00967,2022-06-28,support_ticket
U00967,2024-01-28,support_ticket
U00967,2023-03-11,login
U00967,2023-03-13,login
U00967,2023-08-31,feature_use
U00967,2024-09-12,login
U00967,2023-10-31,support_ticket
U00967,2024-04-16,login
U00967,2022-06-16,feature_use
U00967,2023-11-16,support_ticket
U00967,2023-03-26,login
U00967,2024-10-10,feature_use
U00967,2022-06-16,feature_use
U00967,2022-08-25,support_ticket
U00967,2022-01-15,feature_use
U00967,2022-12-25,support_ticket
U00967,2024-10-18,login
U00967,2023-09-29,support_ticket
U00967,2024-03-26,feature_use
U00967,2022-03-30,support_ticket
U00967,2023-01-10,login
U00967,2024-12-10,login
U00967,2023-11-30,login
U00967,2024-11-14,login
U00967,2023-06-02,login
U00967,2023-06-25,support_ticket
U00967,2023-02-03,feature_use
U00967,2023-05-06,feature_use
U00967,2024-05-20,support_ticket
U00967,2022-04-15,support_ticket
U00967,2024-11-14,feature_use
U00967,2024-06-05,support_ticket
U00967,2023-05-04,feature_use
U00967,2024-09-03,login
U00967,2023-08-06,support_ticket
U00967,2023-05-28,login
U00967,2024-04-28,feature_use
U00967,2024-02-12,login
U00967,2022-06-22,support_ticket
U00967,2024-09-11,support_ticket
U00967,2023-07-28,login
U00967,2022-01-22,support_ticket
U00967,2024-03-23,feature_use
U00968,2023-06-23,login
U00968,2022-11-29,login
U00968,2023-12-23,support_ticket
U00968,2023-02-09,support_ticket
U00968,2023-06-24,support_ticket
U00968,2024-06-29,login
U00968,2022-10-01,support_ticket
U00968,2023-09-01,login
U00968,2024-02-22,support_ticket
U00968,2022-09-24,support_ticket
U00968,2022-01-04,support_ticket
U00968,2023-07-15,feature_use
U00968,2023-04-09,support_ticket
U00968,2022-08-26,feature_use
U00968,2022-07-27,feature_use
U00968,2024-06-16,login
U00968,2023-01-14,login
U00968,2022-11-01,feature_use
U00968,2024-09-15,login
U00968,2022-07-08,support_ticket
U00968,2024-12-04,feature_use
U00968,2023-12-28,feature_use
U00968,2023-01-13,feature_use
U00968,2021-10-28,feature_use
U00968,2022-05-15,support_ticket
U00968,2024-04-06,support_ticket
U00968,2023-03-14,feature_use
U00968,2024-05-28,feature_use
U00968,2023-09-12,support_ticket
U00968,2022-10-21,login
U00968,2023-06-27,feature_use
U00968,2024-01-13,support_ticket
U00968,2023-08-23,login
U00968,2024-02-05,support_ticket
U00968,2022-10-13,login
U00968,2024-06-16,feature_use
U00969,2024-08-13,login
U00969,2023-06-02,feature_use
U00969,2022-11-02,support_ticket
U00969,2023-09-12,feature_use
U00969,2023-06-29,support_ticket
U00969,2024-07-30,login
U00969,2023-11-12,login
U00969,2022-02-28,feature_use
U00969,2024-06-30,feature_use
U00970,2023-03-13,support_ticket
U00970,2024-04-13,login
U00970,2024-01-18,feature_use
U00970,2023-09-07,feature_use
U00970,2024-04-30,feature_use
U00970,2024-03-26,feature_use
U00970,2021-12-22,login
U00970,2024-05-22,support_ticket
U00970,2022-09-24,login
U00970,2022-05-02,feature_use
U00970,2023-10-10,login
U00970,2024-02-09,support_ticket
U00970,2022-08-25,login
U00970,2023-04-18,support_ticket
U00970,2022-12-08,support_ticket
U00970,2022-04-27,support_ticket
U00970,2022-01-17,feature_use
U00970,2023-05-13,login
U00970,2022-12-09,support_ticket
U00970,2024-05-04,login
U00970,2023-07-02,login
U00970,2022-05-23,feature_use
U00970,2022-09-21,feature_use
U00970,2021-12-07,feature_use
U00970,2023-09-16,support_ticket
U00970,2023-04-23,feature_use
U00970,2023-08-13,login
U00970,2022-10-19,login
U00970,2021-11-28,support_ticket
U00970,2024-07-29,support_ticket
U00970,2021-12-10,login
U00970,2024-12-30,login
U00970,2022-12-21,support_ticket
U00970,2023-12-04,login
U00970,2024-07-07,support_ticket
U00970,2021-10-10,support_ticket
U00970,2022-04-12,support_ticket
U00970,2024-03-03,support_ticket
U00970,2022-08-25,feature_use
U00970,2024-03-30,feature_use
U00970,2022-11-28,support_ticket
U00970,2021-05-17,support_ticket
U00970,2021-11-19,login
U00970,2023-11-26,feature_use
U00970,2021-09-28,login
U00970,2023-10-24,feature_use
U00970,2021-12-02,feature_use
U00970,2023-06-28,support_ticket
U00971,2023-04-25,login
U00971,2024-10-16,login
U00971,2024-09-23,login
U00971,2023-12-12,feature_use
U00971,2022-12-09,feature_use
U00971,2024-08-12,feature_use
U00971,2021-06-30,support_ticket
U00971,2021-06-06,support_ticket
U00971,2022-06-30,login
U00971,2024-06-07,support_ticket
U00971,2022-04-25,login
U00971,2024-08-04,support_ticket
U00971,2021-09-01,feature_use
U00971,2022-11-19,login
U00971,2024-10-23,support_ticket
U00971,2023-08-07,feature_use
U00971,2024-07-14,support_ticket
U00971,2023-01-28,login
U00971,2022-04-14,support_ticket
U00971,2024-08-02,login
U00971,2024-01-09,feature_use
U00971,2022-10-30,feature_use
U00971,2022-02-16,feature_use
U00971,2023-03-17,support_ticket
U00971,2023-12-16,login
U00971,2024-05-11,login
U00971,2022-05-13,login
U00971,2024-07-02,feature_use
U00971,2023-03-19,feature_use
U00971,2022-06-02,feature_use
U00971,2021-08-30,login
U00971,2024-07-11,login
U00971,2023-06-19,support_ticket
U00971,2024-06-19,login
U00971,2022-02-03,support_ticket
U00971,2024-07-05,support_ticket
U00971,2021-06-29,login
U00972,2024-01-03,login
U00972,2023-04-25,feature_use
U00972,2023-11-10,feature_use
U00972,2024-10-26,login
U00972,2024-11-04,feature_use
U00972,2024-10-12,support_ticket
U00972,2024-08-27,support_ticket
U00972,2023-10-06,support_ticket
U00972,2023-09-30,login
U00972,2023-11-06,login
U00972,2024-08-02,login
U00972,2023-06-26,support_ticket
U00972,2023-06-28,feature_use
U00972,2024-11-29,support_ticket
U00972,2023-10-16,login
U00972,2023-11-20,support_ticket
U00972,2024-12-19,feature_use
U00972,2024-05-16,support_ticket
U00972,2024-05-29,login
U00972,2023-08-18,feature_use
U00972,2024-01-25,login
U00972,2024-04-15,support_ticket
U00972,2023-07-03,support_ticket
U00972,2024-11-19,login
U00972,2024-07-24,login
U00972,2023-09-01,feature_use
U00972,2023-09-09,support_ticket
U00972,2023-10-12,support_ticket
U00972,2024-12-23,feature_use
U00972,2023-09-30,support_ticket
U00972,2024-11-17,feature_use
U00972,2023-12-02,feature_use
U00972,2024-10-26,login
U00972,2024-03-03,support_ticket
U00972,2023-10-13,support_ticket
U00972,2024-05-28,login
U00972,2024-11-17,support_ticket
U00972,2024-10-29,feature_use
U00972,2024-01-25,support_ticket
U00972,2024-03-21,feature_use
U00972,2023-07-24,login
U00972,2023-09-16,support_ticket
U00972,2023-12-16,login
U00972,2024-04-27,feature_use
U00972,2024-10-13,support_ticket
U00972,2024-04-15,feature_use
U00972,2023-09-24,support_ticket
U00972,2023-12-07,feature_use
U00972,2024-06-07,support_ticket
U00973,2024-02-11,support_ticket
U00973,2024-08-01,support_ticket
U00973,2022-07-27,feature_use
U00973,2022-07-11,support_ticket
U00973,2023-12-24,login
U00973,2023-04-12,feature_use
U00973,2024-12-27,support_ticket
U00973,2023-08-31,feature_use
U00973,2022-11-17,login
U00973,2024-04-02,support_ticket
U00973,2022-09-19,support_ticket
U00973,2023-06-12,login
U00973,2023-01-22,support_ticket
U00973,2023-12-09,support_ticket
U00973,2024-03-04,login
U00973,2024-07-05,support_ticket
U00973,2024-09-13,support_ticket
U00973,2023-02-17,login
U00974,2024-06-21,support_ticket
U00974,2023-09-08,support_ticket
U00974,2022-09-23,support_ticket
U00974,2022-01-31,login
U00974,2024-06-13,support_ticket
U00974,2024-09-11,support_ticket
U00974,2022-05-21,feature_use
U00974,2023-09-09,feature_use
U00974,2024-11-18,login
U00974,2022-03-31,support_ticket
U00974,2022-07-11,feature_use
U00974,2022-10-03,support_ticket
U00974,2023-06-01,feature_use
U00974,2024-09-27,feature_use
U00974,2024-11-07,support_ticket
U00974,2024-07-23,feature_use
U00974,2023-04-17,login
U00974,2022-02-04,support_ticket
U00974,2022-10-28,feature_use
U00974,2022-11-17,support_ticket
U00974,2024-09-29,feature_use
U00974,2023-10-16,support_ticket
U00974,2024-11-16,login
U00974,2024-08-12,support_ticket
U00974,2022-11-20,login
U00974,2022-02-28,support_ticket
U00974,2021-12-22,feature_use
U00974,2024-05-29,login
U00974,2022-04-19,support_ticket
U00974,2024-08-21,feature_use
U00974,2023-01-10,support_ticket
U00974,2023-08-27,feature_use
U00975,2024-10-18,login
U00975,2024-10-03,support_ticket
U00975,2024-01-06,feature_use
U00975,2024-04-26,support_ticket
U00975,2024-11-24,feature_use
U00975,2024-09-22,feature_use
U00975,2024-07-15,login
U00975,2024-10-26,support_ticket
U00975,2024-08-08,feature_use
U00975,2024-06-06,support_ticket
U00975,2024-11-09,login
U00975,2023-11-02,login
U00975,2024-04-23,support_ticket
U00975,2024-10-01,support_ticket
U00975,2023-12-28,login
U00975,2024-12-05,login
U00975,2024-05-14,login
U00975,2024-03-20,support_ticket
U00975,2024-02-05,feature_use
U00975,2024-09-14,support_ticket
U00975,2024-10-16,feature_use
U00975,2024-12-07,feature_use
U00975,2024-10-14,login
U00975,2023-11-04,login
U00975,2024-04-26,login
U00976,2021-07-24,feature_use
U00976,2024-12-26,feature_use
U00976,2022-02-12,feature_use
U00976,2022-11-06,feature_use
U00976,2021-08-15,support_ticket
U00976,2023-05-10,feature_use
U00976,2024-01-21,login
U00976,2022-12-13,support_ticket
U00976,2024-01-10,feature_use
U00976,2022-12-16,feature_use
U00976,2023-07-04,login
U00976,2021-08-23,support_ticket
U00976,2024-04-26,login
U00976,2023-03-17,feature_use
U00976,2022-01-29,support_ticket
U00976,2024-05-06,support_ticket
U00976,2021-07-03,support_ticket
U00976,2021-11-13,support_ticket
U00976,2021-08-28,login
U00976,2023-09-06,login
U00976,2022-11-01,support_ticket
U00976,2023-12-02,feature_use
U00976,2024-11-09,support_ticket
U00976,2021-10-15,support_ticket
U00976,2021-06-02,feature_use
U00976,2022-02-03,login
U00976,2022-03-15,login
U00976,2022-06-06,login
U00976,2023-02-10,support_ticket
U00976,2024-01-05,feature_use
U00976,2023-11-25,login
U00976,2022-07-17,feature_use
U00976,2024-06-14,support_ticket
U00976,2022-05-22,support_ticket
U00976,2024-01-12,feature_use
U00976,2023-04-08,feature_use
U00976,2023-05-11,support_ticket
U00976,2023-05-05,feature_use
U00976,2022-02-12,feature_use
U00976,2024-03-11,feature_use
U00976,2024-06-18,feature_use
U00977,2024-12-05,feature_use
U00977,2024-09-30,support_ticket
U00977,2024-11-20,feature_use
U00977,2024-10-31,support_ticket
U00977,2024-11-27,support_ticket
U00977,2024-10-18,support_ticket
U00977,2024-11-17,feature_use
U00977,2024-12-01,feature_use
U00977,2024-10-11,login
U00977,2024-10-02,login
U00977,2024-10-03,login
U00977,2024-11-09,feature_use
U00977,2024-10-30,feature_use
U00977,2024-12-18,feature_use
U00977,2024-11-09,login
U00977,2024-10-27,feature_use
U00977,2024-11-22,support_ticket
U00977,2024-12-01,feature_use
U00977,2024-10-14,support_ticket
U00977,2024-10-30,support_ticket
U00977,2024-12-16,support_ticket
U00977,2024-11-02,feature_use
U00977,2024-11-24,login
U00977,2024-11-02,login
U00977,2024-12-24,support_ticket
U00977,2024-11-05,feature_use
U00977,2024-10-01,feature_use
U00977,2024-12-21,support_ticket
U00977,2024-11-15,login
U00978,2024-11-12,login
U00978,2024-11-05,support_ticket
U00978,2024-10-24,support_ticket
U00978,2024-09-25,login
U00978,2024-11-17,login
U00978,2024-11-26,feature_use
U00978,2024-12-03,login
U00978,2024-10-07,support_ticket
U00978,2024-12-03,feature_use
U00978,2024-12-30,feature_use
U00978,2024-12-04,support_ticket
U00978,2024-10-26,feature_use
U00978,2024-11-23,feature_use
U00978,2024-10-02,login
U00978,2024-11-24,support_ticket
U00978,2024-09-25,support_ticket
U00978,2024-10-06,login
U00979,2021-11-20,feature_use
U00979,2021-06-19,support_ticket
U00979,2024-10-12,support_ticket
U00979,2023-08-14,feature_use
U00979,2021-07-11,login
U00979,2023-12-14,login
U00979,2021-08-23,support_ticket
U00979,2024-12-04,feature_use
U00979,2023-07-07,support_ticket
U00979,2023-08-15,feature_use
U00979,2022-02-14,feature_use
U00979,2021-04-29,feature_use
U00979,2024-02-05,support_ticket
U00979,2021-01-19,support_ticket
U00979,2023-12-14,feature_use
U00979,2024-06-03,login
U00979,2023-07-01,login
U00979,2022-06-26,login
U00979,2024-11-15,feature_use
U00979,2024-04-02,feature_use
U00979,2023-09-04,feature_use
U00979,2024-06-04,login
U00979,2024-08-08,feature_use
U00979,2023-09-23,feature_use
U00979,2024-12-11,support_ticket
U00979,2024-01-11,support_ticket
U00979,2022-03-24,support_ticket
U00979,2023-11-15,feature_use
U00979,2021-06-29,feature_use
U00979,2024-07-31,support_ticket
U00979,2021-07-18,support_ticket
U00979,2023-12-28,support_ticket
U00979,2023-09-25,feature_use
U00979,2023-03-09,feature_use
U00979,2022-10-23,support_ticket
U00979,2024-10-25,login
U00979,2024-01-24,feature_use
U00979,2022-02-05,login
U00979,2024-07-03,feature_use
U00979,2024-08-05,feature_use
U00979,2021-12-12,support_ticket
U00979,2021-05-31,support_ticket
U00979,2023-07-18,support_ticket
U00979,2021-03-29,support_ticket
U00979,2021-03-11,feature_use
U00979,2022-02-14,support_ticket
U00980,2023-09-07,feature_use
U00980,2023-05-13,feature_use
U00980,2024-03-14,support_ticket
U00980,2024-09-05,feature_use
U00980,2023-06-25,login
U00980,2024-10-18,feature_use
U00980,2024-04-01,support_ticket
U00980,2024-05-03,support_ticket
U00980,2024-07-18,feature_use
U00981,2024-06-02,feature_use
U00981,2024-10-05,login
U00981,2024-11-12,login
U00981,2024-07-20,support_ticket
U00981,2024-02-05,login
U00981,2024-01-07,feature_use
U00981,2024-09-11,login
U00981,2024-08-07,login
U00981,2024-02-14,support_ticket
U00981,2024-12-10,support_ticket
U00981,2024-04-22,feature_use
U00981,2024-10-13,feature_use
U00981,2024-02-14,login
U00981,2024-04-19,support_ticket
U00981,2024-05-02,feature_use
U00981,2024-10-14,support_ticket
U00981,2024-03-18,login
U00981,2024-03-20,feature_use
U00981,2024-12-09,support_ticket
U00981,2024-01-18,support_ticket
U00981,2024-03-22,feature_use
U00981,2024-06-15,feature_use
U00981,2024-09-01,login
U00981,2024-02-11,feature_use
U00981,2024-03-21,support_ticket
U00981,2024-08-15,feature_use
U00981,2024-04-05,feature_use
U00981,2024-02-11,feature_use
U00981,2024-10-21,login
U00981,2024-09-09,feature_use
U00981,2024-04-01,login
U00981,2024-08-30,support_ticket
U00981,2024-01-18,login
U00981,2024-04-04,login
U00981,2024-08-14,feature_use
U00981,2024-11-09,login
U00981,2024-02-25,support_ticket
U00981,2024-01-28,login
U00981,2024-07-02,login
U00981,2024-11-08,feature_use
U00981,2024-07-06,login
U00982,2023-05-18,login
U00982,2023-03-11,feature_use
U00982,2024-07-07,feature_use
U00982,2022-08-13,login
U00982,2024-06-06,support_ticket
U00982,2023-08-30,login
U00982,2023-04-19,support_ticket
U00982,2023-08-21,feature_use
U00982,2023-05-22,login
U00982,2024-08-07,feature_use
U00982,2024-05-25,login
U00982,2024-04-08,support_ticket
U00982,2024-06-20,feature_use
U00982,2022-09-18,login
U00982,2023-07-15,login
U00982,2022-11-15,feature_use
U00982,2024-08-18,support_ticket
U00982,2022-11-09,feature_use
U00982,2024-07-05,support_ticket
U00982,2024-08-24,login
U00982,2023-08-05,login
U00982,2023-12-10,login
U00982,2024-06-06,login
U00983,2024-12-24,support_ticket
U00983,2024-12-23,login
U00983,2024-12-16,support_ticket
U00983,2024-12-19,support_ticket
U00983,2024-12-23,login
U00983,2024-12-24,login
U00983,2024-12-09,support_ticket
U00983,2024-12-15,feature_use
U00983,2024-12-18,support_ticket
U00983,2024-12-30,login
U00983,2024-12-10,feature_use
U00983,2024-12-02,feature_use
U00983,2024-12-23,login
U00983,2024-12-02,feature_use
U00983,2024-12-04,login
U00983,2024-12-14,support_ticket
U00983,2024-12-01,login
U00983,2024-12-17,feature_use
U00983,2024-12-08,feature_use
U00983,2024-12-23,support_ticket
U00983,2024-12-10,login
U00983,2024-12-17,login
U00983,2024-12-31,login
U00983,2024-12-23,feature_use
U00983,2024-12-14,login
U00983,2024-12-21,feature_use
U00983,2024-12-22,feature_use
U00983,2024-12-15,support_ticket
U00983,2024-12-23,support_ticket
U00983,2024-12-04,support_ticket
U00983,2024-12-09,support_ticket
U00983,2024-12-16,login
U00983,2024-12-28,feature_use
U00983,2024-12-24,support_ticket
U00983,2024-12-02,login
U00983,2024-12-22,support_ticket
U00983,2024-12-23,feature_use
U00983,2024-12-13,login
U00983,2024-11-30,feature_use
U00983,2024-12-08,feature_use
U00983,2024-12-24,login
U00983,2024-12-18,login
U00983,2024-12-19,feature_use
U00983,2024-12-29,feature_use
U00983,2024-12-01,login
U00983,2024-12-29,feature_use
U00983,2024-11-30,feature_use
U00984,2023-10-19,feature_use
U00984,2023-05-31,support_ticket
U00984,2024-12-09,support_ticket
U00984,2021-10-26,support_ticket
U00984,2023-10-31,feature_use
U00984,2024-08-07,feature_use
U00984,2024-11-29,feature_use
U00984,2022-05-07,login
U00984,2022-09-25,login
U00984,2023-03-23,login
U00984,2021-11-02,feature_use
U00984,2022-12-12,login
U00984,2021-12-11,feature_use
U00984,2022-12-10,support_ticket
U00984,2021-12-17,support_ticket
U00984,2022-03-11,login
U00984,2024-01-04,support_ticket
U00984,2024-03-26,login
U00984,2022-12-25,feature_use
U00984,2022-12-16,feature_use
U00984,2024-12-01,login
U00984,2022-02-10,feature_use
U00984,2022-06-05,login
U00984,2022-06-19,support_ticket
U00984,2023-10-31,login
U00984,2022-05-08,login
U00984,2022-10-24,login
U00984,2024-09-15,feature_use
U00984,2022-04-12,feature_use
U00984,2021-08-12,support_ticket
U00984,2022-05-04,support_ticket
U00985,2023-09-07,feature_use
U00985,2022-08-07,login
U00985,2023-04-20,support_ticket
U00985,2022-09-16,login
U00985,2023-06-12,login
U00985,2021-12-16,login
U00985,2023-02-17,support_ticket
U00985,2022-07-28,support_ticket
U00985,2022-02-23,login
U00985,2021-12-26,login
U00985,2022-11-26,login
U00985,2024-05-05,support_ticket
U00985,2022-10-17,support_ticket
U00985,2022-09-26,feature_use
U00985,2023-02-26,feature_use
U00985,2022-03-06,support_ticket
U00985,2024-07-28,support_ticket
U00985,2022-05-16,support_ticket
U00985,2023-02-21,feature_use
U00985,2023-02-15,login
U00985,2023-08-23,feature_use
U00985,2022-06-27,support_ticket
U00985,2024-07-20,feature_use
U00986,2024-11-20,feature_use
U00986,2024-12-28,support_ticket
U00986,2024-11-02,feature_use
U00986,2024-10-05,support_ticket
U00986,2024-10-25,feature_use
U00986,2024-09-04,login
U00986,2024-11-07,support_ticket
U00986,2024-10-17,feature_use
U00986,2024-11-18,feature_use
U00986,2024-08-17,feature_use
U00986,2024-07-10,feature_use
U00986,2024-06-23,support_ticket
U00986,2024-08-10,login
U00986,2024-12-04,feature_use
U00986,2024-07-03,support_ticket
U00986,2024-07-06,feature_use
U00987,2023-08-27,feature_use
U00987,2023-02-21,login
U00987,2024-05-06,login
U00987,2023-04-30,support_ticket
U00987,2023-12-04,feature_use
U00987,2024-04-21,support_ticket
U00987,2023-06-12,feature_use
U00987,2023-03-07,feature_use
U00987,2023-07-17,feature_use
U00987,2023-07-06,support_ticket
U00987,2023-05-25,feature_use
U00987,2023-11-20,support_ticket
U00987,2024-11-10,support_ticket
U00987,2024-08-03,feature_use
U00987,2024-12-20,feature_use
U00987,2024-04-05,login
U00987,2024-07-05,support_ticket
U00987,2023-07-01,support_ticket
U00987,2023-10-30,login
U00987,2024-05-24,login
U00988,2023-01-04,feature_use
U00988,2022-05-17,support_ticket
U00988,2022-05-04,login
U00988,2022-06-27,login
U00988,2024-05-31,login
U00988,2022-07-19,support_ticket
U00988,2021-11-27,login
U00988,2024-03-31,feature_use
U00988,2022-06-07,support_ticket
U00989,2024-03-08,feature_use
U00989,2023-08-27,feature_use
U00989,2023-12-25,feature_use
U00989,2023-08-27,support_ticket
U00989,2024-05-23,login
U00989,2023-11-05,feature_use
U00989,2024-05-31,login
U00989,2024-01-21,feature_use
U00989,2024-07-10,login
U00989,2024-02-04,support_ticket
U00989,2024-01-04,feature_use
U00989,2024-08-11,feature_use
U00989,2024-10-25,support_ticket
U00989,2023-08-25,support_ticket
U00989,2024-03-11,support_ticket
U00990,2024-12-12,support_ticket
U00990,2024-12-20,login
U00990,2024-12-15,feature_use
U00990,2024-12-08,support_ticket
U00990,2024-12-10,login
U00990,2024-12-27,feature_use
U00990,2024-12-05,feature_use
U00990,2024-12-10,feature_use
U00990,2024-12-12,login
U00990,2024-12-31,feature_use
U00990,2024-12-30,support_ticket
U00990,2024-12-21,support_ticket
U00990,2024-12-03,support_ticket
U00990,2024-11-29,feature_use
U00990,2024-12-13,login
U00990,2024-12-15,feature_use
U00990,2024-12-28,feature_use
U00990,2024-12-20,login
U00990,2024-12-30,support_ticket
U00990,2024-12-09,feature_use
U00990,2024-12-28,login
U00990,2024-12-12,login
U00990,2024-12-10,login
U00990,2024-11-28,feature_use
U00990,2024-11-28,support_ticket
U00990,2024-12-24,login
U00990,2024-12-25,support_ticket
U00990,2024-12-17,support_ticket
U00990,2024-12-17,feature_use
U00990,2024-12-27,feature_use
U00990,2024-12-27,support_ticket
U00990,2024-12-20,login
U00990,2024-12-04,feature_use
U00990,2024-12-13,support_ticket
U00990,2024-12-21,support_ticket
U00990,2024-12-22,feature_use
U00990,2024-11-30,support_ticket
U00990,2024-12-22,support_ticket
U00990,2024-12-06,support_ticket
U00990,2024-12-06,feature_use
U00990,2024-11-28,support_ticket
U00990,2024-12-09,feature_use
U00990,2024-12-06,support_ticket
U00990,2024-12-21,support_ticket
U00990,2024-12-14,support_ticket
U00990,2024-12-04,login
U00990,2024-12-01,feature_use
U00990,2024-12-20,support_ticket
U00990,2024-12-24,login
U00990,2024-12-17,login
U00991,2024-11-28,support_ticket
U00991,2024-11-27,feature_use
U00991,2024-11-27,support_ticket
U00991,2024-12-03,login
U00991,2024-12-21,support_ticket
U00991,2024-12-30,support_ticket
U00991,2024-12-23,feature_use
U00991,2024-12-31,login
U00991,2024-12-18,feature_use
U00991,2024-12-07,feature_use
U00991,2024-11-20,feature_use
U00991,2024-11-03,login
U00991,2024-11-13,feature_use
U00991,2024-12-23,feature_use
U00992,2024-11-04,feature_use
U00992,2024-10-12,support_ticket
U00992,2024-10-01,login
U00992,2024-12-11,feature_use
U00992,2024-10-31,support_ticket
U00992,2024-10-19,login
U00992,2024-12-05,support_ticket
U00992,2024-09-09,feature_use
U00992,2024-10-18,feature_use
U00992,2024-09-07,support_ticket
U00992,2024-10-15,feature_use
U00992,2024-09-10,feature_use
U00992,2024-09-30,support_ticket
U00992,2024-10-30,login
U00992,2024-09-22,login
U00993,2023-06-16,feature_use
U00993,2024-06-05,support_ticket
U00993,2023-12-20,support_ticket
U00993,2023-05-11,support_ticket
U00993,2024-04-18,login
U00993,2023-06-29,support_ticket
U00993,2023-10-18,login
U00993,2024-04-17,login
U00993,2024-05-26,feature_use
U00993,2024-12-01,feature_use
U00993,2024-01-24,feature_use
U00993,2024-10-24,feature_use
U00993,2023-06-13,feature_use
U00993,2024-07-02,support_ticket
U00993,2024-05-05,feature_use
U00993,2024-01-24,login
U00993,2024-09-10,feature_use
U00993,2023-12-05,login
U00993,2024-07-31,support_ticket
U00993,2023-05-11,feature_use
U00993,2024-09-28,login
U00993,2023-05-21,support_ticket
U00993,2023-06-20,support_ticket
U00993,2023-05-18,login
U00993,2023-08-27,feature_use
U00993,2024-02-01,support_ticket
U00993,2023-04-20,feature_use
U00993,2024-05-16,support_ticket
U00993,2024-02-09,login
U00993,2023-07-27,login
U00993,2024-09-13,feature_use
U00993,2024-02-19,support_ticket
U00993,2024-12-01,support_ticket
U00993,2023-05-01,login
U00993,2024-01-22,feature_use
U00993,2024-11-29,login
U00993,2023-06-05,support_ticket
U00993,2023-06-13,feature_use
U00993,2023-10-01,support_ticket
U00993,2023-10-24,support_ticket
U00993,2023-06-23,support_ticket
U00993,2024-02-05,support_ticket
U00993,2023-10-05,login
U00994,2024-11-23,support_ticket
U00994,2024-05-22,login
U00994,2024-09-05,feature_use
U00994,2024-03-05,feature_use
U00994,2024-03-20,login
U00994,2024-03-14,login
U00994,2024-09-27,login
U00994,2024-06-25,support_ticket
U00994,2024-05-21,login
U00994,2024-02-20,feature_use
U00994,2024-08-13,login
U00994,2024-05-27,login
U00994,2024-08-10,support_ticket
U00994,2024-10-30,support_ticket
U00994,2024-09-26,support_ticket
U00994,2024-07-17,login
U00994,2024-08-22,feature_use
U00994,2024-02-13,feature_use
U00994,2024-09-20,feature_use
U00994,2024-04-05,feature_use
U00994,2024-04-05,feature_use
U00994,2024-10-30,login
U00994,2024-07-31,login
U00995,2024-11-08,login
U00995,2024-12-20,feature_use
U00995,2024-08-27,feature_use
U00995,2024-08-30,feature_use
U00995,2024-11-26,login
U00995,2024-09-05,login
U00995,2024-10-23,login
U00995,2024-12-13,feature_use
U00995,2024-08-26,login
U00995,2024-10-21,login
U00995,2024-08-27,login
U00995,2024-11-16,login
U00995,2024-11-25,login
U00995,2024-10-01,login
U00995,2024-10-30,support_ticket
U00995,2024-09-15,feature_use
U00995,2024-08-25,login
U00995,2024-11-05,login
U00995,2024-11-12,feature_use
U00995,2024-07-30,support_ticket
U00995,2024-10-01,support_ticket
U00995,2024-12-02,login
U00995,2024-10-17,feature_use
U00995,2024-09-21,login
U00995,2024-08-06,feature_use
U00995,2024-09-17,feature_use
U00996,2023-01-03,login
U00996,2021-12-31,feature_use
U00996,2022-10-10,feature_use
U00996,2022-02-20,support_ticket
U00996,2023-09-05,feature_use
U00996,2022-12-14,feature_use
U00996,2022-01-26,support_ticket
U00996,2024-11-10,feature_use
U00996,2022-02-25,support_ticket
U00997,2024-08-19,support_ticket
U00997,2023-10-17,feature_use
U00997,2024-01-29,login
U00997,2024-07-29,login
U00997,2023-09-17,support_ticket
U00997,2023-06-23,support_ticket
U00997,2024-02-06,login
U00997,2023-09-16,support_ticket
U00997,2024-03-09,login
U00997,2023-07-04,support_ticket
U00997,2024-11-06,login
U00997,2023-11-23,support_ticket
U00997,2024-09-12,support_ticket
U00997,2023-09-29,support_ticket
U00997,2023-10-24,support_ticket
U00997,2023-12-14,support_ticket
U00997,2024-11-22,feature_use
U00997,2024-04-16,support_ticket
U00997,2023-08-25,feature_use
U00997,2024-02-26,support_ticket
U00997,2023-11-08,feature_use
U00997,2024-03-05,support_ticket
U00997,2023-12-21,feature_use
U00997,2024-05-11,login
U00997,2023-11-07,feature_use
U00997,2024-08-17,feature_use
U00997,2023-12-02,feature_use
U00997,2024-02-11,support_ticket
U00997,2024-08-24,support_ticket
U00997,2024-07-15,feature_use
U00997,2024-03-19,support_ticket
U00997,2023-08-11,login
U00997,2023-07-16,feature_use
U00997,2023-08-18,login
U00997,2023-10-24,support_ticket
U00997,2024-09-29,login
U00997,2024-03-11,login
U00997,2023-06-27,support_ticket
U00997,2024-08-17,feature_use
U00997,2024-10-02,feature_use
U00997,2024-11-18,login
U00997,2024-07-06,feature_use
U00997,2024-09-19,support_ticket
U00997,2023-08-15,login
U00998,2021-07-21,support_ticket
U00998,2022-04-16,feature_use
U00998,2021-11-02,support_ticket
U00998,2024-12-14,login
U00998,2023-07-19,login
U00998,2022-10-06,login
U00998,2022-01-29,feature_use
U00998,2024-01-31,support_ticket
U00998,2022-07-15,login
U00998,2024-09-07,login
U00998,2022-12-06,feature_use
U00998,2023-09-12,login
U00998,2023-09-16,support_ticket
U00998,2022-06-15,login
U00998,2021-12-30,feature_use
U00998,2022-05-20,support_ticket
U00998,2023-05-12,support_ticket
U00998,2022-03-11,support_ticket
U00998,2022-04-28,feature_use
U00998,2023-10-14,login
U00998,2024-09-08,feature_use
U00998,2024-10-28,feature_use
U00998,2022-02-26,login
U00998,2021-08-24,support_ticket
U00998,2023-01-20,login
U00998,2022-11-17,support_ticket
U00998,2021-09-08,support_ticket
U00998,2024-09-20,login
U00998,2024-03-18,feature_use
U00998,2024-03-31,login
U00998,2023-11-05,login
U00998,2024-07-01,feature_use
U00998,2022-10-26,login
U00998,2022-10-05,support_ticket
U00998,2024-11-15,support_ticket
U00998,2023-06-24,login
U00999,2023-05-21,support_ticket
U00999,2023-06-04,support_ticket
U00999,2023-09-03,feature_use
U00999,2022-04-24,support_ticket
U00999,2023-03-30,feature_use
U00999,2022-05-06,support_ticket
U00999,2024-02-06,login
U00999,2024-02-09,login
U00999,2023-03-29,login
U00999,2024-03-11,support_ticket
U00999,2022-06-09,support_ticket
U00999,2022-11-25,login
U00999,2023-06-16,support_ticket
U00999,2024-01-12,login
U00999,2023-04-20,login
U00999,2024-03-24,support_ticket
U00999,2023-12-11,support_ticket
U00999,2024-08-12,login
U00999,2023-04-10,feature_use
U00999,2024-10-14,feature_use
U00999,2024-11-21,feature_use
U00999,2023-03-01,login
U00999,2023-12-06,support_ticket
U00999,2024-05-21,feature_use
U00999,2024-06-17,login
U00999,2024-08-27,login
U00999,2023-01-08,login
U00999,2023-06-17,login
U00999,2023-05-22,login
U00999,2023-05-01,login
U01000,2024-06-06,support_ticket
U01000,2024-12-30,support_ticket
U01000,2024-03-27,feature_use
U01000,2024-09-26,login
U01000,2024-12-28,login
U01000,2024-11-19,login
U01000,2024-08-11,support_ticket
U01000,2024-12-05,login
U01000,2024-10-03,feature_use
U01000,2024-11-28,feature_use
U01000,2024-03-13,login
U01000,2024-05-13,login
U01000,2024-10-22,feature_use
U01000,2024-07-26,support_ticket
U01000,2024-04-22,login
U01000,2024-11-05,feature_use
U01000,2024-10-16,feature_use
U01000,2024-09-12,login
U01000,2024-03-26,feature_use
U01000,2024-06-10,feature_use
U01000,2024-08-26,support_ticket
U01000,2024-06-15,support_ticket
U01000,2024-04-28,feature_use
U01000,2024-10-20,feature_use
U01000,2024-05-12,login
U01000,2024-08-17,login
U01000,2024-12-06,login
U01000,2024-12-17,feature_use
U01000,2024-03-24,login
U01000,2024-12-29,login
U01000,2024-06-23,feature_use
U01000,2024-11-14,feature_use
U01000,2024-12-15,feature_use
U01000,2024-10-18,feature_use
U01000,2024-09-24,feature_use
U01000,2024-09-10,login
U01000,2024-08-19,login
U01000,2024-08-14,login
U01000,2024-07-16,support_ticket
U01000,2024-11-13,feature_use
U01000,2024-06-17,support_ticket
U01000,2024-05-14,feature_use
U01000,2024-03-06,support_ticket
U01000,2024-04-28,login
U01000,2024-04-04,feature_use
U01000,2024-12-10,login
U01000,2024-03-19,login
U01000,2024-11-13,support_ticket
U01000,2024-04-20,login
