subscription_id,user_id,plan_type,start_date,end_date,status,created_at
S_000001,U_000001,Basic,2022-08-17,2022-12-15,canceled,2022-08-17
S_000002,U_000001,Basic,2022-12-26,2023-08-23,canceled,2022-12-26
S_000003,U_000002,Basic,2023-05-17,,active,2023-05-17
S_000004,U_000002,Enterprise,2023-05-17,,active,2023-05-17
S_000005,U_000003,Basic,2022-07-29,2024-06-18,canceled,2022-07-29
S_000006,U_000004,Enterprise,2024-05-14,,active,2024-05-14
S_000007,U_000005,Pro,2022-07-11,2024-04-01,active,2022-07-11
S_000008,U_000006,Enterprise,2024-10-31,,active,2024-10-31
S_000009,U_000006,Basic,2024-10-31,,active,2024-10-31
S_000010,U_000007,Pro,2023-02-12,2024-01-08,canceled,2023-02-12
S_000011,U_000008,Pro,2023-03-28,,active,2023-03-28
S_000012,U_000008,Pro,2023-03-28,2024-05-21,canceled,2023-03-28
S_000013,U_000009,Basic,2023-07-24,2024-02-19,active,2023-07-24
S_000014,U_000010,Basic,2024-05-15,,active,2024-05-15
S_000015,U_000010,Basic,2024-05-15,,active,2024-05-15
S_000016,U_000011,Basic,2022-11-15,2023-02-13,canceled,2022-11-15
S_000017,U_000012,Pro,2022-07-29,2024-02-19,canceled,2022-07-29
S_000018,U_000012,Pro,2024-02-26,2024-10-23,active,2024-02-26
S_000019,U_000013,Enterprise,2022-07-18,2022-11-15,canceled,2022-07-18
S_000020,U_000014,Basic,2023-06-26,2024-01-22,canceled,2023-06-26
S_000021,U_000014,Basic,2024-02-12,2024-04-12,canceled,2024-02-12
S_000022,U_000015,Basic,2022-09-13,2023-11-07,active,2022-09-13
S_000023,U_000015,Basic,2023-11-24,2024-09-19,canceled,2023-11-24
S_000024,U_000016,Pro,2023-08-24,2024-12-16,canceled,2023-08-24
S_000025,U_000016,Basic,2024-12-23,,active,2024-12-23
S_000026,U_000017,Pro,2023-01-29,2024-05-23,canceled,2023-01-29
S_000027,U_000018,Basic,2023-04-12,2023-06-11,canceled,2023-04-12
S_000028,U_000019,Basic,2023-04-22,2024-06-15,canceled,2023-04-22
S_000029,U_000019,Pro,2024-07-11,,active,2024-07-11
S_000030,U_000020,Basic,2023-07-24,2024-08-17,canceled,2023-07-24
S_000031,U_000020,Basic,2024-09-13,,active,2024-09-13
S_000032,U_000021,Basic,2022-11-30,2023-02-28,active,2022-11-30
S_000033,U_000022,Basic,2023-03-06,2024-01-30,canceled,2023-03-06
S_000034,U_000023,Basic,2022-12-17,2024-02-10,canceled,2022-12-17
S_000035,U_000024,Enterprise,2022-12-01,2023-07-29,canceled,2022-12-01
S_000036,U_000024,Basic,2023-08-16,2023-10-15,canceled,2023-08-16
S_000037,U_000025,Basic,2023-07-07,2023-12-04,canceled,2023-07-07
S_000038,U_000026,Pro,2023-10-27,2024-01-25,canceled,2023-10-27
S_000039,U_000027,Basic,2022-03-07,2023-12-27,canceled,2022-03-07
S_000040,U_000027,Enterprise,2024-01-07,,active,2024-01-07
S_000041,U_000028,Basic,2023-07-03,2024-02-28,canceled,2023-07-03
S_000042,U_000028,Basic,2024-03-14,,active,2024-03-14
S_000043,U_000029,Basic,2023-10-07,2024-06-03,canceled,2023-10-07
S_000044,U_000029,Pro,2024-06-10,,active,2024-06-10
S_000045,U_000030,Basic,2024-03-21,2024-11-16,canceled,2024-03-21
S_000046,U_000030,Basic,2024-12-15,,active,2024-12-15
S_000047,U_000031,Basic,2023-06-27,2023-11-24,canceled,2023-06-27
S_000048,U_000032,Pro,2023-06-23,,active,2023-06-23
S_000049,U_000032,Basic,2023-06-23,2024-01-19,canceled,2023-06-23
S_000050,U_000033,Enterprise,2024-03-28,,active,2024-03-28
S_000051,U_000033,Basic,2024-03-28,,active,2024-03-28
S_000052,U_000034,Pro,2022-10-11,2024-06-02,canceled,2022-10-11
S_000053,U_000035,Basic,2022-07-06,2024-06-25,active,2022-07-06
S_000054,U_000036,Pro,2022-11-10,2023-04-09,canceled,2022-11-10
S_000055,U_000037,Pro,2022-05-11,2024-01-31,canceled,2022-05-11
S_000056,U_000037,Basic,2024-02-09,,active,2024-02-09
S_000057,U_000038,Basic,2024-08-16,,active,2024-08-16
S_000058,U_000039,Basic,2022-01-24,2023-10-16,active,2022-01-24
S_000059,U_000040,Basic,2023-07-01,2024-06-25,canceled,2023-07-01
S_000060,U_000040,Basic,2024-07-24,,active,2024-07-24
S_000061,U_000041,Pro,2023-08-25,2024-05-21,active,2023-08-25
S_000062,U_000041,Basic,2024-06-05,,active,2024-06-05
S_000063,U_000042,Enterprise,2024-07-18,,active,2024-07-18
S_000064,U_000043,Pro,2024-10-22,,active,2024-10-22
S_000065,U_000044,Pro,2022-08-06,2023-09-30,canceled,2022-08-06
S_000066,U_000045,Pro,2023-02-12,2023-06-12,active,2023-02-12
S_000067,U_000045,Enterprise,2023-06-19,2023-09-17,canceled,2023-06-19
S_000068,U_000046,Basic,2022-11-27,2023-06-25,canceled,2022-11-27
S_000069,U_000047,Basic,2022-01-02,2022-05-02,canceled,2022-01-02
S_000070,U_000048,Basic,2024-09-27,,active,2024-09-27
S_000071,U_000048,Basic,2024-09-27,,active,2024-09-27
S_000072,U_000049,Basic,2024-01-14,,active,2024-01-14
S_000073,U_000050,Enterprise,2022-04-29,2022-12-25,canceled,2022-04-29
S_000074,U_000050,Basic,2023-01-24,2024-02-18,canceled,2023-01-24
S_000075,U_000051,Basic,2022-06-11,2023-12-03,canceled,2022-06-11
S_000076,U_000051,Pro,2023-12-21,,active,2023-12-21
S_000077,U_000052,Pro,2022-05-22,2023-08-15,active,2022-05-22
S_000078,U_000053,Basic,2022-09-20,2023-03-19,canceled,2022-09-20
S_000079,U_000053,Basic,2023-03-29,2024-07-21,canceled,2023-03-29
S_000080,U_000054,Basic,2022-12-05,2024-04-28,canceled,2022-12-05
S_000081,U_000054,Pro,2024-05-07,,active,2024-05-07
S_000082,U_000055,Enterprise,2024-05-16,2024-07-15,canceled,2024-05-16
S_000083,U_000056,Basic,2023-02-16,2024-05-11,active,2023-02-16
S_000084,U_000056,Basic,2024-06-08,,active,2024-06-08
S_000085,U_000057,Pro,2024-02-04,,active,2024-02-04
S_000086,U_000057,Basic,2024-02-04,2024-05-04,active,2024-02-04
S_000087,U_000058,Enterprise,2024-07-13,,active,2024-07-13
S_000088,U_000058,Basic,2024-07-13,,active,2024-07-13
S_000089,U_000059,Pro,2023-04-06,2024-04-30,canceled,2023-04-06
S_000090,U_000059,Pro,2024-05-20,,active,2024-05-20
S_000091,U_000060,Pro,2022-02-13,2023-05-09,canceled,2022-02-13
S_000092,U_000061,Basic,2023-04-17,2024-05-11,canceled,2023-04-17
S_000093,U_000061,Basic,2024-06-06,,active,2024-06-06
S_000094,U_000062,Basic,2022-01-15,2023-05-10,active,2022-01-15
S_000095,U_000063,Basic,2023-04-14,2024-12-04,active,2023-04-14
S_000096,U_000063,Basic,2024-12-14,,active,2024-12-14
S_000097,U_000064,Basic,2023-11-08,,active,2023-11-08
S_000098,U_000064,Enterprise,2023-11-08,2024-03-07,canceled,2023-11-08
S_000099,U_000065,Basic,2023-05-03,2024-07-26,canceled,2023-05-03
S_000100,U_000065,Basic,2024-08-09,,active,2024-08-09
S_000101,U_000066,Basic,2023-03-15,2024-06-07,canceled,2023-03-15
S_000102,U_000066,Pro,2024-07-05,2024-12-02,canceled,2024-07-05
S_000103,U_000067,Pro,2024-08-26,,active,2024-08-26
S_000104,U_000067,Pro,2024-08-26,,active,2024-08-26
S_000105,U_000068,Basic,2024-04-13,2024-11-09,active,2024-04-13
S_000106,U_000068,Basic,2024-11-14,,active,2024-11-14
S_000107,U_000069,Basic,2022-07-18,2024-05-08,canceled,2022-07-18
S_000108,U_000069,Basic,2024-05-26,,active,2024-05-26
S_000109,U_000070,Pro,2024-05-17,,active,2024-05-17
S_000110,U_000071,Basic,2022-04-21,2022-09-18,canceled,2022-04-21
S_000111,U_000071,Basic,2022-09-29,2022-12-28,canceled,2022-09-29
S_000112,U_000072,Basic,2024-04-04,,active,2024-04-04
S_000113,U_000073,Pro,2023-05-25,,active,2023-05-25
S_000114,U_000073,Basic,2023-05-25,,active,2023-05-25
S_000115,U_000074,Basic,2024-07-07,2024-11-04,canceled,2024-07-07
S_000116,U_000075,Basic,2023-01-11,2024-09-02,canceled,2023-01-11
S_000117,U_000076,Basic,2023-05-27,2024-03-22,canceled,2023-05-27
S_000118,U_000077,Basic,2022-07-20,2024-01-11,canceled,2022-07-20
S_000119,U_000078,Enterprise,2022-01-31,2023-06-25,canceled,2022-01-31
S_000120,U_000078,Basic,2023-07-19,2024-08-12,canceled,2023-07-19
S_000121,U_000079,Pro,2022-12-07,2024-01-01,canceled,2022-12-07
S_000122,U_000079,Pro,2024-01-18,,active,2024-01-18
S_000123,U_000080,Pro,2024-09-12,2024-11-11,canceled,2024-09-12
S_000124,U_000080,Basic,2024-12-08,,active,2024-12-08
S_000125,U_000081,Pro,2022-05-01,2023-10-23,canceled,2022-05-01
S_000126,U_000082,Basic,2022-01-05,2023-09-27,canceled,2022-01-05
S_000127,U_000083,Pro,2024-07-20,2024-09-18,active,2024-07-20
S_000128,U_000083,Basic,2024-10-03,,active,2024-10-03
S_000129,U_000084,Enterprise,2024-09-23,,active,2024-09-23
S_000130,U_000085,Basic,2023-08-31,,active,2023-08-31
S_000131,U_000085,Basic,2023-08-31,,active,2023-08-31
S_000132,U_000086,Basic,2022-05-05,2023-09-27,active,2022-05-05
S_000133,U_000087,Pro,2022-04-13,2023-03-09,canceled,2022-04-13
S_000134,U_000088,Pro,2024-10-26,,active,2024-10-26
S_000135,U_000089,Basic,2022-04-27,2022-08-25,canceled,2022-04-27
S_000136,U_000090,Basic,2023-01-16,2024-05-10,active,2023-01-16
S_000137,U_000090,Pro,2024-05-30,,active,2024-05-30
S_000138,U_000091,Basic,2022-05-20,2024-04-09,canceled,2022-05-20
S_000139,U_000092,Enterprise,2022-09-03,2022-11-02,canceled,2022-09-03
S_000140,U_000092,Enterprise,2022-11-17,2023-09-13,canceled,2022-11-17
S_000141,U_000093,Enterprise,2022-03-23,2024-02-11,canceled,2022-03-23
S_000142,U_000093,Enterprise,2024-02-20,,active,2024-02-20
S_000143,U_000094,Basic,2024-05-08,,active,2024-05-08
S_000144,U_000094,Basic,2024-05-08,,active,2024-05-08
S_000145,U_000095,Pro,2024-12-06,,active,2024-12-06
S_000146,U_000096,Pro,2023-02-23,2024-09-15,active,2023-02-23
S_000147,U_000096,Pro,2024-10-03,,active,2024-10-03
S_000148,U_000097,Basic,2023-06-28,2023-10-26,canceled,2023-06-28
S_000149,U_000097,Pro,2023-11-10,2024-07-07,canceled,2023-11-10
S_000150,U_000098,Basic,2023-09-07,2024-09-01,active,2023-09-07
S_000151,U_000098,Pro,2024-09-24,,active,2024-09-24
S_000152,U_000099,Basic,2022-05-29,2023-01-24,active,2022-05-29
S_000153,U_000100,Pro,2022-07-24,2024-06-13,active,2022-07-24
S_000154,U_000100,Basic,2024-06-22,,active,2024-06-22
S_000155,U_000101,Basic,2023-03-13,2023-05-12,canceled,2023-03-13
S_000156,U_000102,Basic,2022-09-29,2023-08-25,active,2022-09-29
S_000157,U_000102,Pro,2023-09-14,2024-03-12,canceled,2023-09-14
S_000158,U_000103,Basic,2023-05-16,2024-04-10,canceled,2023-05-16
S_000159,U_000104,Basic,2022-11-20,2024-11-09,canceled,2022-11-20
S_000160,U_000105,Basic,2023-09-12,,active,2023-09-12
S_000161,U_000106,Basic,2022-01-17,2023-01-12,canceled,2022-01-17
S_000162,U_000106,Basic,2023-02-08,2023-11-05,canceled,2023-02-08
S_000163,U_000107,Pro,2022-08-01,2023-09-25,canceled,2022-08-01
S_000164,U_000108,Enterprise,2022-08-25,2024-03-17,canceled,2022-08-25
S_000165,U_000109,Enterprise,2022-11-15,2024-01-09,canceled,2022-11-15
S_000166,U_000109,Pro,2024-01-30,2024-12-25,canceled,2024-01-30
S_000167,U_000110,Basic,2023-03-08,2024-03-02,canceled,2023-03-08
S_000168,U_000110,Pro,2024-03-25,2024-06-23,active,2024-03-25
S_000169,U_000111,Basic,2023-06-25,2024-01-21,canceled,2023-06-25
S_000170,U_000111,Pro,2024-02-09,,active,2024-02-09
S_000171,U_000112,Basic,2023-05-30,2024-01-25,canceled,2023-05-30
S_000172,U_000113,Pro,2024-05-17,,active,2024-05-17
S_000173,U_000113,Basic,2024-05-17,2024-11-13,canceled,2024-05-17
S_000174,U_000114,Enterprise,2022-01-08,2022-06-07,canceled,2022-01-08
S_000175,U_000115,Enterprise,2023-06-21,2023-11-18,active,2023-06-21
S_000176,U_000116,Basic,2024-05-25,2024-11-21,canceled,2024-05-25
S_000177,U_000116,Basic,2024-12-08,,active,2024-12-08
S_000178,U_000117,Basic,2022-08-18,2023-07-14,canceled,2022-08-18
S_000179,U_000118,Pro,2022-03-15,2024-02-03,canceled,2022-03-15
S_000180,U_000118,Basic,2024-03-03,,active,2024-03-03
S_000181,U_000119,Basic,2022-10-31,2024-08-21,canceled,2022-10-31
S_000182,U_000119,Basic,2024-08-26,2024-12-24,canceled,2024-08-26
S_000183,U_000120,Basic,2022-03-27,2023-11-17,active,2022-03-27
S_000184,U_000121,Pro,2022-03-23,2022-08-20,canceled,2022-03-23
S_000185,U_000121,Basic,2022-08-30,2024-06-20,canceled,2022-08-30
S_000186,U_000122,Basic,2023-05-27,2023-09-24,canceled,2023-05-27
S_000187,U_000123,Basic,2024-04-12,,active,2024-04-12
S_000188,U_000124,Basic,2023-04-30,2024-11-20,canceled,2023-04-30
S_000189,U_000125,Basic,2024-04-24,,active,2024-04-24
S_000190,U_000125,Basic,2024-04-24,,active,2024-04-24
S_000191,U_000126,Pro,2023-11-12,2024-07-09,active,2023-11-12
S_000192,U_000127,Pro,2023-07-01,,active,2023-07-01
S_000193,U_000128,Basic,2024-02-23,,active,2024-02-23
S_000194,U_000129,Basic,2023-04-01,2023-09-28,canceled,2023-04-01
S_000195,U_000129,Basic,2023-10-23,,active,2023-10-23
S_000196,U_000130,Pro,2023-12-18,2024-03-17,canceled,2023-12-18
S_000197,U_000130,Basic,2024-03-25,,active,2024-03-25
S_000198,U_000131,Basic,2023-04-02,,active,2023-04-02
S_000199,U_000132,Basic,2024-03-27,2024-06-25,active,2024-03-27
S_000200,U_000133,Pro,2022-05-23,2023-09-15,canceled,2022-05-23
S_000201,U_000133,Pro,2023-10-05,,active,2023-10-05
S_000202,U_000134,Pro,2024-11-09,,active,2024-11-09
S_000203,U_000134,Basic,2024-11-09,,active,2024-11-09
S_000204,U_000135,Basic,2023-11-10,2024-07-07,canceled,2023-11-10
S_000205,U_000136,Pro,2023-06-19,2024-02-14,canceled,2023-06-19
S_000206,U_000137,Pro,2023-06-28,2024-09-20,canceled,2023-06-28
S_000207,U_000138,Basic,2024-06-08,,active,2024-06-08
S_000208,U_000138,Basic,2024-06-08,2024-10-06,active,2024-06-08
S_000209,U_000139,Enterprise,2024-06-12,2024-12-09,canceled,2024-06-12
S_000210,U_000139,Pro,2024-12-16,,active,2024-12-16
S_000211,U_000140,Pro,2022-08-25,2024-04-16,canceled,2022-08-25
S_000212,U_000141,Basic,2023-01-25,2023-07-24,canceled,2023-01-25
S_000213,U_000142,Basic,2024-06-12,,active,2024-06-12
S_000214,U_000142,Basic,2024-06-12,,active,2024-06-12
S_000215,U_000143,Basic,2023-02-08,2024-12-29,canceled,2023-02-08
S_000216,U_000144,Pro,2022-05-24,2023-06-18,active,2022-05-24
S_000217,U_000144,Basic,2023-07-17,2024-04-12,canceled,2023-07-17
S_000218,U_000145,Enterprise,2023-10-05,2024-07-01,canceled,2023-10-05
S_000219,U_000145,Pro,2024-07-09,2024-12-06,canceled,2024-07-09
S_000220,U_000146,Basic,2024-11-04,,active,2024-11-04
S_000221,U_000146,Basic,2024-11-04,,active,2024-11-04
S_000222,U_000147,Basic,2023-10-31,,active,2023-10-31
S_000223,U_000147,Basic,2023-10-31,2024-01-29,canceled,2023-10-31
S_000224,U_000148,Basic,2022-09-18,2024-08-08,active,2022-09-18
S_000225,U_000148,Basic,2024-08-30,,active,2024-08-30
S_000226,U_000149,Basic,2024-02-16,2024-12-12,canceled,2024-02-16
S_000227,U_000149,Pro,2025-01-02,,active,2025-01-02
S_000228,U_000150,Basic,2023-09-09,,active,2023-09-09
S_000229,U_000151,Basic,2022-01-01,2023-10-23,active,2022-01-01
S_000230,U_000151,Pro,2023-11-19,,active,2023-11-19
S_000231,U_000152,Pro,2023-03-07,2023-10-03,canceled,2023-03-07
S_000232,U_000152,Pro,2023-10-19,,active,2023-10-19
S_000233,U_000153,Basic,2023-10-22,,active,2023-10-22
S_000234,U_000153,Basic,2023-10-22,,active,2023-10-22
S_000235,U_000154,Basic,2024-06-24,2024-10-22,active,2024-06-24
S_000236,U_000155,Pro,2024-08-27,,active,2024-08-27
S_000237,U_000155,Basic,2024-08-27,,active,2024-08-27
S_000238,U_000156,Basic,2023-08-05,2023-11-03,canceled,2023-08-05
S_000239,U_000157,Pro,2023-11-18,2024-01-17,active,2023-11-18
S_000240,U_000157,Pro,2024-02-04,2024-08-02,canceled,2024-02-04
S_000241,U_000158,Basic,2023-09-28,,active,2023-09-28
S_000242,U_000159,Enterprise,2022-10-29,2022-12-28,canceled,2022-10-29
S_000243,U_000160,Basic,2023-05-17,,active,2023-05-17
S_000244,U_000160,Enterprise,2023-05-17,2024-11-07,canceled,2023-05-17
S_000245,U_000161,Enterprise,2022-05-30,2024-04-19,active,2022-05-30
S_000246,U_000161,Basic,2024-05-18,,active,2024-05-18
S_000247,U_000162,Basic,2023-02-03,2023-08-02,canceled,2023-02-03
S_000248,U_000163,Basic,2024-03-29,2024-10-25,canceled,2024-03-29
S_000249,U_000163,Basic,2024-11-02,,active,2024-11-02
S_000250,U_000164,Pro,2022-01-12,2022-06-11,canceled,2022-01-12
S_000251,U_000165,Basic,2023-03-25,2023-05-24,canceled,2023-03-25
S_000252,U_000165,Basic,2023-06-16,2024-05-11,active,2023-06-16
S_000253,U_000166,Enterprise,2024-08-09,,active,2024-08-09
S_000254,U_000167,Basic,2023-05-26,2023-07-25,canceled,2023-05-26
S_000255,U_000167,Basic,2023-08-09,2024-01-06,canceled,2023-08-09
S_000256,U_000168,Basic,2022-10-01,2022-11-30,canceled,2022-10-01
S_000257,U_000169,Basic,2023-10-12,,active,2023-10-12
S_000258,U_000170,Basic,2024-10-30,,active,2024-10-30
S_000259,U_000171,Basic,2024-07-02,,active,2024-07-02
S_000260,U_000172,Basic,2024-07-10,,active,2024-07-10
S_000261,U_000172,Basic,2024-07-10,,active,2024-07-10
S_000262,U_000173,Pro,2023-07-22,,active,2023-07-22
S_000263,U_000173,Pro,2023-07-22,2023-12-19,active,2023-07-22
S_000264,U_000174,Basic,2023-05-05,2024-05-29,canceled,2023-05-05
S_000265,U_000174,Basic,2024-06-03,,active,2024-06-03
S_000266,U_000175,Basic,2022-06-08,2023-05-04,canceled,2022-06-08
S_000267,U_000176,Pro,2023-07-11,2023-10-09,canceled,2023-07-11
S_000268,U_000176,Enterprise,2023-10-20,,active,2023-10-20
S_000269,U_000177,Basic,2022-06-15,2023-11-07,canceled,2022-06-15
S_000270,U_000177,Pro,2023-12-07,2024-06-04,canceled,2023-12-07
S_000271,U_000178,Basic,2023-04-19,2024-06-12,canceled,2023-04-19
S_000272,U_000178,Pro,2024-06-20,2024-12-17,canceled,2024-06-20
S_000273,U_000179,Pro,2023-03-15,2023-12-10,canceled,2023-03-15
S_000274,U_000180,Enterprise,2024-04-14,2024-06-13,canceled,2024-04-14
S_000275,U_000180,Basic,2024-06-27,2024-10-25,canceled,2024-06-27
S_000276,U_000181,Pro,2024-08-12,,active,2024-08-12
S_000277,U_000182,Basic,2023-02-28,2023-07-28,active,2023-02-28
S_000278,U_000183,Pro,2022-02-10,2023-05-06,canceled,2022-02-10
S_000279,U_000184,Pro,2024-09-03,,active,2024-09-03
S_000280,U_000185,Basic,2023-09-04,,active,2023-09-04
S_000281,U_000186,Basic,2023-03-28,2023-09-24,canceled,2023-03-28
S_000282,U_000187,Enterprise,2023-07-13,2024-10-05,canceled,2023-07-13
S_000283,U_000188,Pro,2022-03-01,2023-04-25,canceled,2022-03-01
S_000284,U_000189,Basic,2024-04-08,,active,2024-04-08
S_000285,U_000190,Basic,2022-09-19,2023-12-13,canceled,2022-09-19
S_000286,U_000190,Basic,2023-12-27,,active,2023-12-27
S_000287,U_000191,Enterprise,2022-02-25,2024-02-15,canceled,2022-02-25
S_000288,U_000191,Pro,2024-03-01,2024-09-27,canceled,2024-03-01
S_000289,U_000192,Basic,2022-02-25,2023-07-20,canceled,2022-02-25
S_000290,U_000192,Basic,2023-08-13,2024-03-10,canceled,2023-08-13
S_000291,U_000193,Basic,2022-10-05,2023-03-04,canceled,2022-10-05
S_000292,U_000193,Pro,2023-03-09,2023-09-05,canceled,2023-03-09
S_000293,U_000194,Pro,2022-04-13,2023-12-04,canceled,2022-04-13
S_000294,U_000194,Basic,2023-12-20,2024-10-15,canceled,2023-12-20
S_000295,U_000195,Pro,2023-11-02,2024-04-30,canceled,2023-11-02
S_000296,U_000196,Basic,2023-11-01,,active,2023-11-01
S_000297,U_000197,Basic,2023-07-24,2024-11-15,active,2023-07-24
S_000298,U_000198,Basic,2022-06-17,2023-11-09,active,2022-06-17
S_000299,U_000198,Basic,2023-11-20,2024-05-18,canceled,2023-11-20
S_000300,U_000199,Basic,2022-04-17,2023-02-11,active,2022-04-17
S_000301,U_000199,Pro,2023-03-12,2024-10-02,active,2023-03-12
S_000302,U_000200,Pro,2022-05-21,2022-10-18,active,2022-05-21
S_000303,U_000200,Basic,2022-10-25,2024-04-17,active,2022-10-25
S_000304,U_000201,Basic,2023-05-22,2024-03-17,canceled,2023-05-22
S_000305,U_000202,Basic,2022-11-09,2024-07-01,canceled,2022-11-09
S_000306,U_000202,Basic,2024-07-28,,active,2024-07-28
S_000307,U_000203,Pro,2024-08-27,,active,2024-08-27
S_000308,U_000203,Enterprise,2024-08-27,,active,2024-08-27
S_000309,U_000204,Pro,2023-03-23,2024-05-16,canceled,2023-03-23
S_000310,U_000204,Basic,2024-06-02,,active,2024-06-02
S_000311,U_000205,Basic,2024-01-26,2024-08-23,canceled,2024-01-26
S_000312,U_000206,Pro,2022-08-23,2024-02-14,canceled,2022-08-23
S_000313,U_000207,Basic,2022-08-10,2023-05-07,canceled,2022-08-10
S_000314,U_000207,Basic,2023-05-20,2023-12-16,canceled,2023-05-20
S_000315,U_000208,Basic,2023-10-01,,active,2023-10-01
S_000316,U_000209,Enterprise,2024-03-23,,active,2024-03-23
S_000317,U_000210,Basic,2023-05-13,2023-08-11,canceled,2023-05-13
S_000318,U_000211,Basic,2022-09-05,2022-11-04,canceled,2022-09-05
S_000319,U_000212,Basic,2023-12-13,,active,2023-12-13
S_000320,U_000212,Pro,2023-12-13,2024-10-08,canceled,2023-12-13
S_000321,U_000213,Basic,2024-01-29,2024-04-28,canceled,2024-01-29
S_000322,U_000213,Pro,2024-05-03,,active,2024-05-03
S_000323,U_000214,Basic,2023-11-30,2024-01-29,canceled,2023-11-30
S_000324,U_000214,Enterprise,2024-02-27,,active,2024-02-27
S_000325,U_000215,Pro,2024-09-30,,active,2024-09-30
S_000326,U_000216,Enterprise,2024-01-12,2024-11-07,active,2024-01-12
S_000327,U_000216,Pro,2024-12-02,,active,2024-12-02
S_000328,U_000217,Basic,2024-06-10,,active,2024-06-10
S_000329,U_000217,Basic,2024-06-10,,active,2024-06-10
S_000330,U_000218,Basic,2023-07-08,2024-04-03,canceled,2023-07-08
S_000331,U_000218,Basic,2024-04-21,,active,2024-04-21
S_000332,U_000219,Basic,2024-09-17,,active,2024-09-17
S_000333,U_000220,Pro,2023-07-04,2024-01-30,canceled,2023-07-04
S_000334,U_000221,Pro,2022-06-27,2022-08-26,canceled,2022-06-27
S_000335,U_000222,Pro,2023-05-15,2024-01-10,canceled,2023-05-15
S_000336,U_000222,Basic,2024-01-17,,active,2024-01-17
S_000337,U_000223,Basic,2024-02-16,,active,2024-02-16
S_000338,U_000223,Basic,2024-02-16,2024-04-16,canceled,2024-02-16
S_000339,U_000224,Basic,2024-10-09,2024-12-08,canceled,2024-10-09
S_000340,U_000224,Enterprise,2025-01-02,,active,2025-01-02
S_000341,U_000225,Pro,2024-09-25,,active,2024-09-25
S_000342,U_000226,Enterprise,2023-06-14,,active,2023-06-14
S_000343,U_000227,Pro,2023-07-20,2023-09-18,active,2023-07-20
S_000344,U_000228,Pro,2024-11-24,,active,2024-11-24
S_000345,U_000228,Basic,2024-11-24,,active,2024-11-24
S_000346,U_000229,Pro,2023-05-10,2024-04-04,canceled,2023-05-10
S_000347,U_000229,Basic,2024-04-13,,active,2024-04-13
S_000348,U_000230,Pro,2023-05-08,2023-10-05,canceled,2023-05-08
S_000349,U_000230,Basic,2023-10-11,2024-09-05,canceled,2023-10-11
S_000350,U_000231,Basic,2024-07-06,,active,2024-07-06
S_000351,U_000232,Basic,2023-08-26,2024-10-19,canceled,2023-08-26
S_000352,U_000233,Basic,2023-05-14,,active,2023-05-14
S_000353,U_000233,Basic,2023-05-14,,active,2023-05-14
S_000354,U_000234,Basic,2024-01-26,2024-06-24,canceled,2024-01-26
S_000355,U_000235,Basic,2024-12-23,,active,2024-12-23
S_000356,U_000235,Basic,2024-12-23,,active,2024-12-23
S_000357,U_000236,Pro,2023-11-09,2024-06-06,canceled,2023-11-09
S_000358,U_000237,Pro,2023-07-09,2024-01-05,active,2023-07-09
S_000359,U_000238,Pro,2023-04-18,2024-03-13,canceled,2023-04-18
S_000360,U_000238,Basic,2024-03-21,,active,2024-03-21
S_000361,U_000239,Enterprise,2023-10-09,,active,2023-10-09
S_000362,U_000239,Pro,2023-10-09,2023-12-08,active,2023-10-09
S_000363,U_000240,Basic,2023-01-15,2024-03-10,canceled,2023-01-15
S_000364,U_000241,Pro,2024-09-18,,active,2024-09-18
S_000365,U_000241,Basic,2024-09-18,,active,2024-09-18
S_000366,U_000242,Basic,2024-12-10,,active,2024-12-10
S_000367,U_000243,Pro,2022-07-25,2023-08-19,canceled,2022-07-25
S_000368,U_000244,Pro,2023-04-11,2024-07-04,canceled,2023-04-11
S_000369,U_000244,Basic,2024-07-29,,active,2024-07-29
S_000370,U_000245,Basic,2023-09-12,,active,2023-09-12
S_000371,U_000246,Basic,2022-09-17,2024-02-09,canceled,2022-09-17
S_000372,U_000246,Basic,2024-02-21,,active,2024-02-21
S_000373,U_000247,Basic,2022-04-22,2024-04-11,active,2022-04-22
S_000374,U_000247,Pro,2024-04-23,,active,2024-04-23
S_000375,U_000248,Basic,2022-09-16,2022-11-15,canceled,2022-09-16
S_000376,U_000248,Enterprise,2022-12-05,2023-05-04,canceled,2022-12-05
S_000377,U_000249,Pro,2022-01-26,2022-07-25,canceled,2022-01-26
S_000378,U_000249,Pro,2022-08-03,2024-02-24,active,2022-08-03
S_000379,U_000250,Basic,2024-08-19,,active,2024-08-19
S_000380,U_000251,Pro,2023-11-29,2024-04-27,active,2023-11-29
S_000381,U_000252,Basic,2023-06-02,2023-08-01,canceled,2023-06-02
S_000382,U_000253,Basic,2022-05-14,2022-10-11,canceled,2022-05-14
S_000383,U_000253,Basic,2022-10-18,2024-07-09,active,2022-10-18
S_000384,U_000254,Basic,2022-06-01,2022-09-29,canceled,2022-06-01
S_000385,U_000255,Basic,2022-11-07,2023-06-05,canceled,2022-11-07
S_000386,U_000255,Pro,2023-06-14,,active,2023-06-14
S_000387,U_000256,Basic,2023-09-15,2024-09-09,canceled,2023-09-15
S_000388,U_000256,Pro,2024-10-04,,active,2024-10-04
S_000389,U_000257,Basic,2022-08-31,2024-06-21,canceled,2022-08-31
S_000390,U_000258,Basic,2023-04-08,2023-06-07,canceled,2023-04-08
S_000391,U_000259,Basic,2024-07-11,,active,2024-07-11
S_000392,U_000259,Enterprise,2024-07-11,,active,2024-07-11
S_000393,U_000260,Pro,2024-05-28,,active,2024-05-28
S_000394,U_000260,Enterprise,2024-05-28,,active,2024-05-28
S_000395,U_000261,Basic,2022-05-04,2022-10-31,canceled,2022-05-04
S_000396,U_000262,Basic,2023-03-02,2023-09-28,active,2023-03-02
S_000397,U_000263,Pro,2022-06-16,2023-10-09,canceled,2022-06-16
S_000398,U_000264,Pro,2022-12-22,2023-07-20,canceled,2022-12-22
S_000399,U_000264,Pro,2023-08-05,2024-04-01,canceled,2023-08-05
S_000400,U_000265,Basic,2022-11-17,2023-11-12,canceled,2022-11-17
S_000401,U_000266,Basic,2024-07-11,2024-11-08,canceled,2024-07-11
S_000402,U_000267,Basic,2023-08-20,2024-04-16,canceled,2023-08-20
S_000403,U_000267,Basic,2024-04-22,2024-08-20,active,2024-04-22
S_000404,U_000268,Basic,2023-08-14,,active,2023-08-14
S_000405,U_000269,Basic,2022-05-26,2022-09-23,active,2022-05-26
S_000406,U_000270,Pro,2023-02-10,2024-04-05,canceled,2023-02-10
S_000407,U_000270,Pro,2024-04-20,,active,2024-04-20
S_000408,U_000271,Pro,2023-04-06,2023-09-03,canceled,2023-04-06
S_000409,U_000272,Basic,2022-10-19,2023-04-17,canceled,2022-10-19
S_000410,U_000273,Basic,2022-12-06,2023-03-06,canceled,2022-12-06
S_000411,U_000273,Pro,2023-03-15,2023-07-13,active,2023-03-15
S_000412,U_000274,Pro,2023-08-15,,active,2023-08-15
S_000413,U_000275,Pro,2024-08-17,,active,2024-08-17
S_000414,U_000276,Basic,2023-07-12,2024-01-08,canceled,2023-07-12
S_000415,U_000276,Pro,2024-01-24,,active,2024-01-24
S_000416,U_000277,Pro,2024-10-08,,active,2024-10-08
S_000417,U_000278,Basic,2022-03-23,2023-12-13,canceled,2022-03-23
S_000418,U_000278,Basic,2023-12-22,,active,2023-12-22
S_000419,U_000279,Pro,2023-05-28,2023-11-24,canceled,2023-05-28
S_000420,U_000280,Basic,2023-04-14,2024-08-06,canceled,2023-04-14
S_000421,U_000281,Basic,2022-02-12,2023-10-05,canceled,2022-02-12
S_000422,U_000282,Basic,2022-03-24,2023-07-17,canceled,2022-03-24
S_000423,U_000283,Pro,2024-11-28,,active,2024-11-28
S_000424,U_000283,Pro,2024-11-28,,active,2024-11-28
S_000425,U_000284,Enterprise,2023-01-07,2024-05-31,canceled,2023-01-07
S_000426,U_000285,Basic,2024-10-04,,active,2024-10-04
S_000427,U_000285,Enterprise,2024-10-04,,active,2024-10-04
S_000428,U_000286,Basic,2023-12-14,,active,2023-12-14
S_000429,U_000286,Enterprise,2023-12-14,,active,2023-12-14
S_000430,U_000287,Pro,2023-10-20,,active,2023-10-20
S_000431,U_000288,Basic,2023-11-07,,active,2023-11-07
S_000432,U_000288,Basic,2023-11-07,,active,2023-11-07
S_000433,U_000289,Pro,2023-08-14,2024-05-10,canceled,2023-08-14
S_000434,U_000290,Basic,2022-03-17,2022-08-14,canceled,2022-03-17
S_000435,U_000291,Pro,2023-10-07,2024-07-03,canceled,2023-10-07
S_000436,U_000291,Pro,2024-07-22,,active,2024-07-22
S_000437,U_000292,Basic,2022-08-26,2024-03-18,active,2022-08-26
S_000438,U_000292,Basic,2024-04-06,2024-11-02,canceled,2024-04-06
S_000439,U_000293,Basic,2022-01-03,2022-12-29,canceled,2022-01-03
S_000440,U_000293,Enterprise,2023-01-13,2024-06-06,canceled,2023-01-13
S_000441,U_000294,Basic,2024-04-26,,active,2024-04-26
S_000442,U_000294,Basic,2024-04-26,2024-10-23,active,2024-04-26
S_000443,U_000295,Basic,2024-11-27,,active,2024-11-27
S_000444,U_000296,Basic,2024-10-17,,active,2024-10-17
S_000445,U_000296,Pro,2024-10-17,,active,2024-10-17
S_000446,U_000297,Basic,2023-02-21,2023-04-22,active,2023-02-21
S_000447,U_000298,Basic,2022-09-26,2024-07-17,canceled,2022-09-26
S_000448,U_000298,Basic,2024-07-26,,active,2024-07-26
S_000449,U_000299,Basic,2024-09-19,,active,2024-09-19
S_000450,U_000300,Pro,2023-05-06,2024-10-27,canceled,2023-05-06
S_000451,U_000300,Basic,2024-11-09,,active,2024-11-09
S_000452,U_000301,Pro,2022-01-29,2023-04-24,canceled,2022-01-29
S_000453,U_000302,Basic,2022-07-10,2023-08-04,active,2022-07-10
S_000454,U_000302,Basic,2023-08-24,,active,2023-08-24
S_000455,U_000303,Enterprise,2024-08-03,,active,2024-08-03
S_000456,U_000304,Enterprise,2024-10-17,,active,2024-10-17
S_000457,U_000304,Basic,2024-10-17,2024-12-16,canceled,2024-10-17
S_000458,U_000305,Basic,2023-07-14,,active,2023-07-14
S_000459,U_000306,Basic,2024-08-25,,active,2024-08-25
S_000460,U_000307,Basic,2022-10-24,2024-02-16,active,2022-10-24
S_000461,U_000308,Basic,2024-11-06,,active,2024-11-06
S_000462,U_000308,Basic,2024-11-06,,active,2024-11-06
S_000463,U_000309,Enterprise,2023-07-20,2024-01-16,canceled,2023-07-20
S_000464,U_000310,Basic,2024-11-05,,active,2024-11-05
S_000465,U_000311,Pro,2023-08-03,2024-02-29,canceled,2023-08-03
S_000466,U_000311,Basic,2024-03-11,2024-11-06,active,2024-03-11
S_000467,U_000312,Basic,2024-09-29,,active,2024-09-29
S_000468,U_000313,Basic,2024-09-18,,active,2024-09-18
S_000469,U_000314,Pro,2024-02-12,,active,2024-02-12
S_000470,U_000315,Basic,2023-01-22,2024-02-16,canceled,2023-01-22
S_000471,U_000315,Basic,2024-03-09,,active,2024-03-09
S_000472,U_000316,Enterprise,2024-02-24,,active,2024-02-24
S_000473,U_000317,Basic,2022-03-31,2023-10-22,canceled,2022-03-31
S_000474,U_000317,Basic,2023-11-13,2024-10-08,active,2023-11-13
S_000475,U_000318,Pro,2024-02-20,,active,2024-02-20
S_000476,U_000318,Pro,2024-02-20,2024-07-19,active,2024-02-20
S_000477,U_000319,Basic,2024-10-11,2024-12-10,canceled,2024-10-11
S_000478,U_000320,Basic,2024-10-25,,active,2024-10-25
S_000479,U_000321,Pro,2022-07-25,2024-01-16,canceled,2022-07-25
S_000480,U_000322,Pro,2024-12-13,,active,2024-12-13
S_000481,U_000322,Basic,2024-12-13,,active,2024-12-13
S_000482,U_000323,Basic,2022-10-23,2024-03-16,active,2022-10-23
S_000483,U_000323,Enterprise,2024-04-01,,active,2024-04-01
S_000484,U_000324,Enterprise,2022-06-03,2024-03-24,canceled,2022-06-03
S_000485,U_000324,Basic,2024-04-21,,active,2024-04-21
S_000486,U_000325,Basic,2023-11-25,2024-09-20,active,2023-11-25
S_000487,U_000326,Pro,2022-06-14,2023-09-07,canceled,2022-06-14
S_000488,U_000326,Enterprise,2023-09-12,2024-12-05,canceled,2023-09-12
S_000489,U_000327,Pro,2024-02-18,,active,2024-02-18
S_000490,U_000328,Basic,2022-03-15,2023-11-05,active,2022-03-15
S_000491,U_000328,Basic,2023-11-17,,active,2023-11-17
S_000492,U_000329,Pro,2023-04-26,2024-06-19,active,2023-04-26
S_000493,U_000330,Basic,2022-07-05,2024-04-25,canceled,2022-07-05
S_000494,U_000330,Basic,2024-05-23,,active,2024-05-23
S_000495,U_000331,Basic,2022-07-25,2022-12-22,canceled,2022-07-25
S_000496,U_000332,Pro,2023-09-06,2024-10-30,active,2023-09-06
S_000497,U_000333,Pro,2023-10-27,2024-05-24,active,2023-10-27
S_000498,U_000333,Basic,2024-06-04,2024-08-03,canceled,2024-06-04
S_000499,U_000334,Basic,2024-01-05,,active,2024-01-05
S_000500,U_000335,Basic,2022-10-26,2022-12-25,canceled,2022-10-26
S_000501,U_000336,Pro,2024-04-23,,active,2024-04-23
S_000502,U_000336,Basic,2024-04-23,,active,2024-04-23
S_000503,U_000337,Basic,2022-12-15,2024-07-07,active,2022-12-15
S_000504,U_000338,Pro,2024-02-23,,active,2024-02-23
S_000505,U_000338,Basic,2024-02-23,2024-06-22,active,2024-02-23
S_000506,U_000339,Pro,2024-10-16,,active,2024-10-16
S_000507,U_000340,Basic,2023-04-21,,active,2023-04-21
S_000508,U_000341,Basic,2024-07-30,,active,2024-07-30
S_000509,U_000342,Pro,2024-08-10,2024-12-08,canceled,2024-08-10
S_000510,U_000342,Enterprise,2024-12-24,,active,2024-12-24
S_000511,U_000343,Basic,2022-11-20,2023-01-19,canceled,2022-11-20
S_000512,U_000343,Enterprise,2023-02-08,2023-06-08,canceled,2023-02-08
S_000513,U_000344,Pro,2023-12-09,,active,2023-12-09
S_000514,U_000344,Enterprise,2023-12-09,2024-07-06,canceled,2023-12-09
S_000515,U_000345,Pro,2024-05-18,,active,2024-05-18
S_000516,U_000346,Basic,2023-09-11,2024-09-05,active,2023-09-11
S_000517,U_000347,Basic,2024-09-16,,active,2024-09-16
S_000518,U_000348,Basic,2024-02-21,2024-04-21,canceled,2024-02-21
S_000519,U_000349,Basic,2023-08-29,2024-09-22,canceled,2023-08-29
S_000520,U_000350,Basic,2024-03-21,2024-12-16,canceled,2024-03-21
S_000521,U_000351,Basic,2022-04-11,2023-09-03,canceled,2022-04-11
S_000522,U_000352,Pro,2023-08-10,,active,2023-08-10
S_000523,U_000352,Basic,2023-08-10,2025-01-01,canceled,2023-08-10
S_000524,U_000353,Basic,2023-12-23,2024-08-19,canceled,2023-12-23
S_000525,U_000354,Enterprise,2023-05-29,2023-10-26,canceled,2023-05-29
S_000526,U_000354,Basic,2023-11-24,2024-06-21,canceled,2023-11-24
S_000527,U_000355,Basic,2022-03-22,2023-07-15,canceled,2022-03-22
S_000528,U_000355,Basic,2023-08-12,2024-08-06,canceled,2023-08-12
S_000529,U_000356,Basic,2022-03-10,2023-10-31,canceled,2022-03-10
S_000530,U_000356,Pro,2023-11-25,,active,2023-11-25
S_000531,U_000357,Pro,2022-09-27,2024-03-20,canceled,2022-09-27
S_000532,U_000358,Pro,2023-11-01,,active,2023-11-01
S_000533,U_000358,Enterprise,2023-11-01,,active,2023-11-01
S_000534,U_000359,Basic,2023-02-16,2023-07-16,canceled,2023-02-16
S_000535,U_000359,Basic,2023-07-31,2024-02-26,canceled,2023-07-31
S_000536,U_000360,Pro,2024-01-20,,active,2024-01-20
S_000537,U_000361,Pro,2023-07-13,2023-12-10,canceled,2023-07-13
S_000538,U_000362,Pro,2024-09-13,,active,2024-09-13
S_000539,U_000363,Basic,2022-08-24,2023-08-19,active,2022-08-24
S_000540,U_000363,Basic,2023-09-10,2024-08-05,canceled,2023-09-10
S_000541,U_000364,Basic,2022-10-16,2023-08-12,canceled,2022-10-16
S_000542,U_000365,Basic,2024-01-20,,active,2024-01-20
S_000543,U_000366,Pro,2022-01-29,2023-04-24,canceled,2022-01-29
S_000544,U_000366,Basic,2023-05-09,2023-08-07,active,2023-05-09
S_000545,U_000367,Enterprise,2022-09-11,2023-12-05,canceled,2022-09-11
S_000546,U_000368,Pro,2023-06-21,,active,2023-06-21
S_000547,U_000369,Basic,2024-01-31,2024-03-31,canceled,2024-01-31
S_000548,U_000369,Pro,2024-04-25,,active,2024-04-25
S_000549,U_000370,Enterprise,2024-08-23,,active,2024-08-23
S_000550,U_000371,Pro,2023-11-03,2024-12-27,canceled,2023-11-03
S_000551,U_000372,Basic,2022-05-10,2022-07-09,canceled,2022-05-10
S_000552,U_000373,Pro,2024-04-16,,active,2024-04-16
S_000553,U_000373,Basic,2024-04-16,,active,2024-04-16
S_000554,U_000374,Basic,2022-04-03,2023-03-29,canceled,2022-04-03
S_000555,U_000374,Basic,2023-04-04,,active,2023-04-04
S_000556,U_000375,Basic,2024-10-05,,active,2024-10-05
S_000557,U_000375,Enterprise,2024-10-05,,active,2024-10-05
S_000558,U_000376,Enterprise,2023-04-26,2023-09-23,canceled,2023-04-26
S_000559,U_000376,Pro,2023-09-29,2024-03-27,canceled,2023-09-29
S_000560,U_000377,Basic,2024-03-06,2024-07-04,canceled,2024-03-06
S_000561,U_000377,Basic,2024-08-03,,active,2024-08-03
S_000562,U_000378,Enterprise,2024-05-08,2024-08-06,canceled,2024-05-08
S_000563,U_000379,Basic,2024-04-29,,active,2024-04-29
S_000564,U_000380,Basic,2024-04-15,,active,2024-04-15
S_000565,U_000381,Basic,2024-01-29,2024-08-26,active,2024-01-29
S_000566,U_000381,Basic,2024-09-18,,active,2024-09-18
S_000567,U_000382,Pro,2024-06-29,,active,2024-06-29
S_000568,U_000382,Pro,2024-06-29,,active,2024-06-29
S_000569,U_000383,Pro,2022-07-23,2024-01-14,canceled,2022-07-23
S_000570,U_000383,Basic,2024-02-06,,active,2024-02-06
S_000571,U_000384,Basic,2024-01-05,,active,2024-01-05
S_000572,U_000384,Basic,2024-01-05,2024-10-31,canceled,2024-01-05
S_000573,U_000385,Basic,2023-07-20,2024-04-15,canceled,2023-07-20
S_000574,U_000386,Pro,2024-07-20,2024-11-17,active,2024-07-20
S_000575,U_000387,Basic,2022-02-13,2022-10-11,canceled,2022-02-13
S_000576,U_000388,Basic,2023-05-14,2024-05-08,canceled,2023-05-14
S_000577,U_000389,Pro,2023-02-25,2024-01-21,canceled,2023-02-25
S_000578,U_000389,Basic,2024-02-15,,active,2024-02-15
S_000579,U_000390,Enterprise,2023-03-01,2023-11-26,active,2023-03-01
S_000580,U_000391,Pro,2023-04-23,2024-10-14,canceled,2023-04-23
S_000581,U_000391,Basic,2024-10-31,,active,2024-10-31
S_000582,U_000392,Basic,2022-01-06,2022-12-02,active,2022-01-06
S_000583,U_000392,Pro,2022-12-25,2023-06-23,canceled,2022-12-25
S_000584,U_000393,Basic,2022-09-24,2024-01-17,canceled,2022-09-24
S_000585,U_000394,Pro,2022-12-24,2024-04-17,canceled,2022-12-24
S_000586,U_000394,Enterprise,2024-04-25,2024-08-23,canceled,2024-04-25
S_000587,U_000395,Basic,2022-09-27,2023-12-21,canceled,2022-09-27
S_000588,U_000396,Basic,2023-05-03,2023-09-30,canceled,2023-05-03
S_000589,U_000396,Pro,2023-10-17,,active,2023-10-17
S_000590,U_000397,Basic,2022-02-02,2023-03-29,canceled,2022-02-02
S_000591,U_000398,Basic,2022-04-18,2022-09-15,canceled,2022-04-18
S_000592,U_000398,Basic,2022-10-10,2023-03-09,canceled,2022-10-10
S_000593,U_000399,Basic,2024-12-13,,active,2024-12-13
S_000594,U_000400,Basic,2024-09-02,,active,2024-09-02
S_000595,U_000401,Pro,2024-11-17,,active,2024-11-17
S_000596,U_000402,Basic,2024-07-14,2024-12-11,canceled,2024-07-14
S_000597,U_000402,Basic,2025-01-07,,active,2025-01-07
S_000598,U_000403,Pro,2022-03-30,2023-04-24,canceled,2022-03-30
S_000599,U_000404,Pro,2024-07-27,2024-12-24,canceled,2024-07-27
S_000600,U_000404,Pro,2025-01-20,,active,2025-01-20
S_000601,U_000405,Basic,2024-09-07,,active,2024-09-07
S_000602,U_000406,Basic,2022-08-10,2023-08-05,active,2022-08-10
S_000603,U_000407,Pro,2022-05-31,2023-08-24,canceled,2022-05-31
S_000604,U_000408,Pro,2022-10-31,2023-05-29,canceled,2022-10-31
S_000605,U_000408,Basic,2023-06-03,2024-10-25,canceled,2023-06-03
S_000606,U_000409,Basic,2023-07-18,2023-10-16,active,2023-07-18
S_000607,U_000410,Pro,2023-10-28,,active,2023-10-28
S_000608,U_000410,Basic,2023-10-28,2024-04-25,canceled,2023-10-28
S_000609,U_000411,Pro,2024-12-22,,active,2024-12-22
S_000610,U_000411,Basic,2024-12-22,,active,2024-12-22
S_000611,U_000412,Pro,2024-11-01,,active,2024-11-01
S_000612,U_000412,Basic,2024-11-01,2024-12-31,active,2024-11-01
S_000613,U_000413,Pro,2022-07-23,2024-06-12,active,2022-07-23
S_000614,U_000413,Basic,2024-07-06,,active,2024-07-06
S_000615,U_000414,Basic,2023-03-17,2024-06-09,active,2023-03-17
S_000616,U_000415,Basic,2023-04-13,2023-06-12,canceled,2023-04-13
S_000617,U_000416,Basic,2024-07-17,2024-11-14,canceled,2024-07-17
S_000618,U_000416,Pro,2024-12-01,,active,2024-12-01
S_000619,U_000417,Enterprise,2022-07-14,2024-01-05,canceled,2022-07-14
S_000620,U_000417,Basic,2024-01-31,,active,2024-01-31
S_000621,U_000418,Basic,2023-10-03,2024-07-29,canceled,2023-10-03
S_000622,U_000418,Basic,2024-08-04,,active,2024-08-04
S_000623,U_000419,Pro,2022-11-09,2023-04-08,canceled,2022-11-09
S_000624,U_000419,Basic,2023-04-27,2024-05-21,canceled,2023-04-27
S_000625,U_000420,Enterprise,2022-07-06,2023-01-02,canceled,2022-07-06
S_000626,U_000420,Basic,2023-01-11,2023-12-07,canceled,2023-01-11
S_000627,U_000421,Basic,2024-06-03,,active,2024-06-03
S_000628,U_000422,Pro,2022-09-24,2022-11-23,canceled,2022-09-24
S_000629,U_000423,Pro,2023-11-07,2024-04-05,canceled,2023-11-07
S_000630,U_000423,Basic,2024-04-19,,active,2024-04-19
S_000631,U_000424,Basic,2023-12-26,2024-06-23,canceled,2023-12-26
S_000632,U_000425,Enterprise,2023-08-13,,active,2023-08-13
S_000633,U_000426,Basic,2023-12-22,2024-08-18,canceled,2023-12-22
S_000634,U_000426,Basic,2024-08-25,2024-11-23,canceled,2024-08-25
S_000635,U_000427,Pro,2024-11-05,,active,2024-11-05
S_000636,U_000428,Basic,2024-09-14,,active,2024-09-14
S_000637,U_000428,Pro,2024-09-14,,active,2024-09-14
S_000638,U_000429,Basic,2023-12-19,,active,2023-12-19
S_000639,U_000429,Pro,2023-12-19,2024-12-13,active,2023-12-19
S_000640,U_000430,Basic,2022-08-24,2023-11-17,canceled,2022-08-24
S_000641,U_000431,Basic,2023-04-09,2024-11-29,active,2023-04-09
S_000642,U_000431,Basic,2024-12-18,,active,2024-12-18
S_000643,U_000432,Basic,2022-02-23,2023-08-17,canceled,2022-02-23
S_000644,U_000432,Basic,2023-09-01,,active,2023-09-01
S_000645,U_000433,Basic,2022-03-01,2023-05-25,canceled,2022-03-01
S_000646,U_000433,Basic,2023-06-12,,active,2023-06-12
S_000647,U_000434,Enterprise,2023-09-25,2024-12-18,canceled,2023-09-25
S_000648,U_000435,Pro,2022-01-13,2023-09-05,canceled,2022-01-13
S_000649,U_000435,Pro,2023-09-14,,active,2023-09-14
S_000650,U_000436,Basic,2024-03-31,,active,2024-03-31
S_000651,U_000436,Basic,2024-03-31,,active,2024-03-31
S_000652,U_000437,Basic,2022-03-04,2023-08-26,canceled,2022-03-04
S_000653,U_000438,Basic,2023-03-17,,active,2023-03-17
S_000654,U_000439,Basic,2024-07-18,2024-12-15,active,2024-07-18
S_000655,U_000440,Pro,2024-01-28,2024-04-27,canceled,2024-01-28
S_000656,U_000440,Pro,2024-05-20,,active,2024-05-20
S_000657,U_000441,Pro,2022-06-23,2023-12-15,canceled,2022-06-23
S_000658,U_000442,Basic,2022-11-19,2024-10-09,canceled,2022-11-19
S_000659,U_000442,Basic,2024-10-18,,active,2024-10-18
S_000660,U_000443,Pro,2022-06-17,2024-03-08,canceled,2022-06-17
S_000661,U_000444,Basic,2024-05-18,,active,2024-05-18
S_000662,U_000445,Basic,2024-06-24,,active,2024-06-24
S_000663,U_000446,Basic,2023-03-18,2023-05-17,active,2023-03-18
S_000664,U_000447,Basic,2023-12-08,2024-05-06,canceled,2023-12-08
S_000665,U_000447,Enterprise,2024-05-26,,active,2024-05-26
S_000666,U_000448,Pro,2023-08-04,,active,2023-08-04
S_000667,U_000448,Basic,2023-08-04,,active,2023-08-04
S_000668,U_000449,Basic,2024-12-15,,active,2024-12-15
S_000669,U_000450,Basic,2023-03-28,,active,2023-03-28
S_000670,U_000451,Basic,2022-04-23,2024-04-12,canceled,2022-04-23
S_000671,U_000452,Basic,2023-09-10,,active,2023-09-10
S_000672,U_000452,Basic,2023-09-10,,active,2023-09-10
S_000673,U_000453,Basic,2023-06-08,2024-04-03,canceled,2023-06-08
S_000674,U_000453,Pro,2024-04-30,,active,2024-04-30
S_000675,U_000454,Pro,2022-09-03,2023-03-02,canceled,2022-09-03
S_000676,U_000454,Basic,2023-03-21,2024-05-14,canceled,2023-03-21
S_000677,U_000455,Pro,2024-05-31,,active,2024-05-31
S_000678,U_000456,Basic,2024-02-18,,active,2024-02-18
S_000679,U_000456,Enterprise,2024-02-18,,active,2024-02-18
S_000680,U_000457,Basic,2024-10-21,,active,2024-10-21
S_000681,U_000457,Basic,2024-10-21,,active,2024-10-21
S_000682,U_000458,Basic,2022-05-28,2024-05-17,canceled,2022-05-28
S_000683,U_000459,Basic,2024-06-12,2024-12-09,canceled,2024-06-12
S_000684,U_000460,Basic,2022-06-09,2022-12-06,canceled,2022-06-09
S_000685,U_000460,Pro,2023-01-04,2024-02-28,canceled,2023-01-04
S_000686,U_000461,Basic,2024-05-29,,active,2024-05-29
S_000687,U_000461,Pro,2024-05-29,2024-12-25,canceled,2024-05-29
S_000688,U_000462,Basic,2024-05-05,,active,2024-05-05
S_000689,U_000462,Basic,2024-05-05,,active,2024-05-05
S_000690,U_000463,Basic,2024-04-09,,active,2024-04-09
S_000691,U_000463,Basic,2024-04-09,2024-06-08,active,2024-04-09
S_000692,U_000464,Basic,2022-12-18,2023-05-17,canceled,2022-12-18
S_000693,U_000465,Basic,2024-01-12,2024-10-08,active,2024-01-12
S_000694,U_000465,Enterprise,2024-11-07,,active,2024-11-07
S_000695,U_000466,Pro,2022-08-05,2023-03-03,canceled,2022-08-05
S_000696,U_000467,Enterprise,2024-03-31,2024-06-29,canceled,2024-03-31
S_000697,U_000467,Basic,2024-07-07,2024-11-04,canceled,2024-07-07
S_000698,U_000468,Enterprise,2024-03-21,,active,2024-03-21
S_000699,U_000469,Pro,2023-03-30,2024-05-23,canceled,2023-03-30
S_000700,U_000470,Basic,2022-06-06,2023-10-29,canceled,2022-06-06
S_000701,U_000471,Basic,2024-12-22,,active,2024-12-22
S_000702,U_000472,Pro,2023-12-17,2024-08-13,canceled,2023-12-17
S_000703,U_000472,Pro,2024-08-18,,active,2024-08-18
S_000704,U_000473,Basic,2023-04-29,2023-10-26,active,2023-04-29
S_000705,U_000474,Basic,2023-06-09,2023-10-07,canceled,2023-06-09
S_000706,U_000474,Pro,2023-11-02,,active,2023-11-02
S_000707,U_000475,Basic,2022-11-10,2023-07-08,canceled,2022-11-10
S_000708,U_000475,Basic,2023-07-28,2024-08-21,canceled,2023-07-28
S_000709,U_000476,Pro,2024-10-08,,active,2024-10-08
S_000710,U_000477,Pro,2024-07-08,2024-11-05,canceled,2024-07-08
S_000711,U_000477,Pro,2024-11-14,,active,2024-11-14
S_000712,U_000478,Basic,2023-10-24,2024-07-20,canceled,2023-10-24
S_000713,U_000479,Basic,2024-06-19,,active,2024-06-19
S_000714,U_000479,Enterprise,2024-06-19,,active,2024-06-19
S_000715,U_000480,Pro,2024-06-24,2024-10-22,active,2024-06-24
S_000716,U_000480,Enterprise,2024-11-01,,active,2024-11-01
S_000717,U_000481,Pro,2022-04-26,2024-01-16,canceled,2022-04-26
S_000718,U_000482,Basic,2022-06-01,2022-10-29,canceled,2022-06-01
S_000719,U_000483,Basic,2024-07-14,,active,2024-07-14
S_000720,U_000484,Basic,2024-01-26,2024-04-25,canceled,2024-01-26
S_000721,U_000484,Pro,2024-05-17,,active,2024-05-17
S_000722,U_000485,Basic,2022-07-04,2022-11-01,active,2022-07-04
S_000723,U_000486,Basic,2024-11-04,,active,2024-11-04
S_000724,U_000487,Basic,2022-03-26,2023-12-16,active,2022-03-26
S_000725,U_000487,Basic,2024-01-07,2024-07-05,canceled,2024-01-07
S_000726,U_000488,Basic,2023-01-21,2024-07-14,canceled,2023-01-21
S_000727,U_000489,Basic,2024-09-01,,active,2024-09-01
S_000728,U_000489,Basic,2024-09-01,2024-11-30,canceled,2024-09-01
S_000729,U_000490,Basic,2022-05-07,2023-07-01,canceled,2022-05-07
S_000730,U_000491,Basic,2023-12-05,2024-03-04,canceled,2023-12-05
S_000731,U_000492,Basic,2022-12-20,2024-03-14,canceled,2022-12-20
S_000732,U_000493,Basic,2024-06-15,,active,2024-06-15
S_000733,U_000493,Enterprise,2024-06-15,,active,2024-06-15
S_000734,U_000494,Basic,2024-12-06,,active,2024-12-06
S_000735,U_000494,Enterprise,2024-12-06,,active,2024-12-06
S_000736,U_000495,Basic,2024-01-16,2024-03-16,canceled,2024-01-16
S_000737,U_000496,Enterprise,2024-03-04,2024-05-03,active,2024-03-04
S_000738,U_000497,Basic,2022-04-18,2022-10-15,canceled,2022-04-18
S_000739,U_000498,Basic,2023-11-07,,active,2023-11-07
S_000740,U_000499,Enterprise,2024-03-02,2024-08-29,canceled,2024-03-02
S_000741,U_000500,Pro,2022-11-04,2023-03-04,canceled,2022-11-04
S_000742,U_000501,Basic,2022-10-17,2023-11-11,active,2022-10-17
S_000743,U_000502,Pro,2024-03-13,,active,2024-03-13
S_000744,U_000502,Pro,2024-03-13,,active,2024-03-13
S_000745,U_000503,Basic,2022-06-23,2023-04-19,canceled,2022-06-23
S_000746,U_000504,Basic,2024-02-11,,active,2024-02-11
S_000747,U_000505,Basic,2024-12-14,,active,2024-12-14
S_000748,U_000505,Enterprise,2024-12-14,,active,2024-12-14
S_000749,U_000506,Basic,2024-11-07,,active,2024-11-07
S_000750,U_000507,Basic,2024-01-13,2024-07-11,canceled,2024-01-13
S_000751,U_000508,Pro,2023-03-15,2024-07-07,active,2023-03-15
S_000752,U_000508,Basic,2024-07-12,2024-10-10,canceled,2024-07-12
S_000753,U_000509,Basic,2023-01-29,2023-05-29,canceled,2023-01-29
S_000754,U_000509,Basic,2023-06-22,2023-08-21,active,2023-06-22
S_000755,U_000510,Basic,2022-11-14,2023-07-12,canceled,2022-11-14
S_000756,U_000510,Basic,2023-08-07,2023-11-05,canceled,2023-08-07
S_000757,U_000511,Enterprise,2022-07-27,2024-04-17,canceled,2022-07-27
S_000758,U_000511,Enterprise,2024-05-02,,active,2024-05-02
S_000759,U_000512,Pro,2024-12-14,,active,2024-12-14
S_000760,U_000513,Pro,2022-09-26,2022-12-25,active,2022-09-26
S_000761,U_000513,Basic,2023-01-16,2024-12-06,canceled,2023-01-16
S_000762,U_000514,Basic,2022-11-12,2024-07-04,canceled,2022-11-12
S_000763,U_000514,Basic,2024-07-17,,active,2024-07-17
S_000764,U_000515,Pro,2022-12-06,2023-09-02,canceled,2022-12-06
S_000765,U_000515,Basic,2023-09-07,,active,2023-09-07
S_000766,U_000516,Basic,2024-04-21,,active,2024-04-21
S_000767,U_000516,Pro,2024-04-21,,active,2024-04-21
S_000768,U_000517,Basic,2024-06-28,2024-09-26,canceled,2024-06-28
S_000769,U_000517,Basic,2024-10-12,,active,2024-10-12
S_000770,U_000518,Basic,2024-07-08,,active,2024-07-08
S_000771,U_000519,Pro,2023-05-05,2023-12-01,canceled,2023-05-05
S_000772,U_000519,Basic,2023-12-06,,active,2023-12-06
S_000773,U_000520,Enterprise,2023-02-02,2024-06-26,canceled,2023-02-02
S_000774,U_000521,Basic,2024-06-21,,active,2024-06-21
S_000775,U_000522,Basic,2024-02-22,,active,2024-02-22
S_000776,U_000523,Enterprise,2024-05-07,,active,2024-05-07
S_000777,U_000523,Basic,2024-05-07,,active,2024-05-07
S_000778,U_000524,Pro,2022-10-11,2023-04-09,canceled,2022-10-11
S_000779,U_000524,Basic,2023-04-19,,active,2023-04-19
S_000780,U_000525,Basic,2024-09-11,,active,2024-09-11
S_000781,U_000526,Basic,2022-07-30,2024-01-21,active,2022-07-30
S_000782,U_000527,Basic,2023-08-07,,active,2023-08-07
S_000783,U_000527,Basic,2023-08-07,,active,2023-08-07
S_000784,U_000528,Enterprise,2023-07-13,2023-09-11,canceled,2023-07-13
S_000785,U_000528,Basic,2023-09-27,2023-12-26,canceled,2023-09-27
S_000786,U_000529,Basic,2022-10-29,2024-02-21,canceled,2022-10-29
S_000787,U_000530,Basic,2023-03-31,2024-11-20,canceled,2023-03-31
S_000788,U_000531,Basic,2022-02-24,2023-05-20,active,2022-02-24
S_000789,U_000531,Basic,2023-05-29,,active,2023-05-29
S_000790,U_000532,Basic,2024-03-22,,active,2024-03-22
S_000791,U_000532,Pro,2024-03-22,,active,2024-03-22
S_000792,U_000533,Enterprise,2023-04-28,2024-03-23,canceled,2023-04-28
S_000793,U_000533,Basic,2024-04-02,,active,2024-04-02
S_000794,U_000534,Enterprise,2024-02-07,2024-04-07,canceled,2024-02-07
S_000795,U_000535,Basic,2023-10-15,,active,2023-10-15
S_000796,U_000535,Pro,2023-10-15,,active,2023-10-15
S_000797,U_000536,Enterprise,2022-10-27,2023-12-21,active,2022-10-27
S_000798,U_000536,Pro,2023-12-27,2024-06-24,canceled,2023-12-27
S_000799,U_000537,Enterprise,2023-08-11,2024-05-07,canceled,2023-08-11
S_000800,U_000538,Basic,2024-08-18,,active,2024-08-18
S_000801,U_000538,Pro,2024-08-18,,active,2024-08-18
S_000802,U_000539,Pro,2022-01-11,2023-12-02,canceled,2022-01-11
S_000803,U_000540,Basic,2023-06-09,,active,2023-06-09
S_000804,U_000540,Basic,2023-06-09,2024-03-05,canceled,2023-06-09
S_000805,U_000541,Basic,2024-12-16,,active,2024-12-16
S_000806,U_000541,Pro,2024-12-16,,active,2024-12-16
S_000807,U_000542,Basic,2023-08-14,2024-11-06,canceled,2023-08-14
S_000808,U_000543,Enterprise,2022-09-07,2024-06-28,canceled,2022-09-07
S_000809,U_000544,Pro,2024-05-09,,active,2024-05-09
S_000810,U_000544,Basic,2024-05-09,2024-11-05,active,2024-05-09
S_000811,U_000545,Pro,2022-05-09,2024-03-29,canceled,2022-05-09
S_000812,U_000545,Pro,2024-04-11,,active,2024-04-11
S_000813,U_000546,Basic,2022-02-03,2023-04-29,canceled,2022-02-03
S_000814,U_000546,Basic,2023-05-08,,active,2023-05-08
S_000815,U_000547,Pro,2023-05-11,2024-09-02,canceled,2023-05-11
S_000816,U_000548,Basic,2024-05-29,,active,2024-05-29
S_000817,U_000548,Pro,2024-05-29,,active,2024-05-29
S_000818,U_000549,Basic,2023-12-24,2024-03-23,active,2023-12-24
S_000819,U_000550,Enterprise,2024-05-03,2024-10-30,canceled,2024-05-03
S_000820,U_000551,Enterprise,2024-12-08,,active,2024-12-08
S_000821,U_000551,Basic,2024-12-08,,active,2024-12-08
S_000822,U_000552,Pro,2024-12-13,,active,2024-12-13
S_000823,U_000553,Pro,2024-11-05,,active,2024-11-05
S_000824,U_000553,Basic,2024-11-05,,active,2024-11-05
S_000825,U_000554,Enterprise,2024-03-10,2024-06-08,canceled,2024-03-10
S_000826,U_000555,Enterprise,2024-03-03,,active,2024-03-03
S_000827,U_000555,Basic,2024-03-03,,active,2024-03-03
S_000828,U_000556,Pro,2022-02-03,2024-01-24,canceled,2022-02-03
S_000829,U_000556,Pro,2024-02-03,,active,2024-02-03
S_000830,U_000557,Basic,2023-12-08,2024-02-06,canceled,2023-12-08
S_000831,U_000558,Basic,2023-11-12,,active,2023-11-12
S_000832,U_000558,Basic,2023-11-12,,active,2023-11-12
S_000833,U_000559,Enterprise,2023-12-23,2024-05-21,canceled,2023-12-23
S_000834,U_000559,Basic,2024-06-10,,active,2024-06-10
S_000835,U_000560,Basic,2022-12-25,2024-02-18,canceled,2022-12-25
S_000836,U_000560,Enterprise,2024-02-28,2024-05-28,active,2024-02-28
S_000837,U_000561,Basic,2023-01-09,2023-11-05,canceled,2023-01-09
S_000838,U_000562,Basic,2024-07-26,,active,2024-07-26
S_000839,U_000562,Basic,2024-07-26,,active,2024-07-26
S_000840,U_000563,Basic,2023-02-17,2023-11-14,active,2023-02-17
S_000841,U_000563,Enterprise,2023-11-28,2024-09-23,active,2023-11-28
S_000842,U_000564,Enterprise,2022-03-27,2024-02-15,canceled,2022-03-27
S_000843,U_000565,Basic,2024-11-21,,active,2024-11-21
S_000844,U_000566,Basic,2024-08-27,2024-11-25,active,2024-08-27
S_000845,U_000567,Basic,2023-01-27,2023-03-28,canceled,2023-01-27
S_000846,U_000568,Pro,2022-04-08,2023-09-30,canceled,2022-04-08
S_000847,U_000568,Basic,2023-10-19,2024-03-17,canceled,2023-10-19
S_000848,U_000569,Pro,2022-09-12,2024-02-04,canceled,2022-09-12
S_000849,U_000569,Enterprise,2024-02-13,,active,2024-02-13
S_000850,U_000570,Enterprise,2024-03-30,2024-07-28,canceled,2024-03-30
S_000851,U_000571,Basic,2023-11-26,,active,2023-11-26
S_000852,U_000572,Basic,2024-10-15,,active,2024-10-15
S_000853,U_000572,Pro,2024-10-15,,active,2024-10-15
S_000854,U_000573,Pro,2023-07-01,2024-06-25,active,2023-07-01
S_000855,U_000574,Basic,2022-06-11,2024-05-31,canceled,2022-06-11
S_000856,U_000574,Basic,2024-06-15,,active,2024-06-15
S_000857,U_000575,Enterprise,2023-01-05,2024-10-26,canceled,2023-01-05
S_000858,U_000576,Pro,2023-10-20,2024-07-16,canceled,2023-10-20
S_000859,U_000576,Basic,2024-07-29,,active,2024-07-29
S_000860,U_000577,Pro,2023-11-03,2024-09-28,canceled,2023-11-03
S_000861,U_000578,Enterprise,2024-07-02,,active,2024-07-02
S_000862,U_000579,Basic,2022-12-08,2024-05-01,canceled,2022-12-08
S_000863,U_000580,Basic,2024-07-04,,active,2024-07-04
S_000864,U_000581,Pro,2024-06-09,,active,2024-06-09
S_000865,U_000581,Basic,2024-06-09,,active,2024-06-09
S_000866,U_000582,Basic,2022-06-03,2024-04-23,active,2022-06-03
S_000867,U_000582,Pro,2024-05-07,,active,2024-05-07
S_000868,U_000583,Basic,2024-11-16,,active,2024-11-16
S_000869,U_000583,Basic,2024-11-16,,active,2024-11-16
S_000870,U_000584,Basic,2022-10-20,2023-07-17,canceled,2022-10-20
S_000871,U_000584,Pro,2023-08-15,2024-11-07,active,2023-08-15
S_000872,U_000585,Pro,2022-03-13,2022-08-10,canceled,2022-03-13
S_000873,U_000586,Basic,2023-04-29,2024-06-22,canceled,2023-04-29
S_000874,U_000587,Pro,2024-02-24,,active,2024-02-24
S_000875,U_000587,Pro,2024-02-24,,active,2024-02-24
S_000876,U_000588,Basic,2022-11-11,2023-09-07,canceled,2022-11-11
S_000877,U_000589,Basic,2024-02-01,,active,2024-02-01
S_000878,U_000589,Basic,2024-02-01,,active,2024-02-01
S_000879,U_000590,Basic,2022-10-09,2024-02-01,canceled,2022-10-09
S_000880,U_000590,Enterprise,2024-02-14,2024-12-10,canceled,2024-02-14
S_000881,U_000591,Pro,2024-03-26,2024-06-24,canceled,2024-03-26
S_000882,U_000591,Basic,2024-07-12,,active,2024-07-12
S_000883,U_000592,Pro,2023-05-27,2023-10-24,active,2023-05-27
S_000884,U_000593,Basic,2023-01-17,2024-08-09,canceled,2023-01-17
S_000885,U_000593,Basic,2024-09-06,,active,2024-09-06
S_000886,U_000594,Pro,2024-03-03,,active,2024-03-03
S_000887,U_000595,Pro,2023-06-21,,active,2023-06-21
S_000888,U_000595,Basic,2023-06-21,2023-09-19,canceled,2023-06-21
S_000889,U_000596,Enterprise,2023-03-16,2024-10-06,canceled,2023-03-16
S_000890,U_000597,Basic,2024-10-02,,active,2024-10-02
S_000891,U_000598,Basic,2022-10-05,2023-06-02,canceled,2022-10-05
S_000892,U_000598,Enterprise,2023-06-14,2023-09-12,active,2023-06-14
S_000893,U_000599,Basic,2022-12-20,2024-05-13,canceled,2022-12-20
S_000894,U_000600,Basic,2023-10-17,,active,2023-10-17
S_000895,U_000600,Pro,2023-10-17,2024-07-13,canceled,2023-10-17
S_000896,U_000601,Pro,2023-08-18,2024-10-11,canceled,2023-08-18
S_000897,U_000602,Pro,2022-12-23,2023-04-22,canceled,2022-12-23
S_000898,U_000602,Pro,2023-05-20,2024-08-12,canceled,2023-05-20
S_000899,U_000603,Basic,2023-04-05,2024-11-25,canceled,2023-04-05
S_000900,U_000604,Pro,2022-10-12,2024-01-05,canceled,2022-10-12
S_000901,U_000604,Basic,2024-01-10,,active,2024-01-10
S_000902,U_000605,Basic,2022-02-23,2023-12-15,canceled,2022-02-23
S_000903,U_000606,Basic,2024-01-26,2024-10-22,active,2024-01-26
S_000904,U_000606,Basic,2024-11-13,,active,2024-11-13
S_000905,U_000607,Basic,2022-09-23,2024-02-15,canceled,2022-09-23
S_000906,U_000608,Basic,2022-05-15,2024-01-05,active,2022-05-15
S_000907,U_000609,Basic,2024-09-07,,active,2024-09-07
S_000908,U_000610,Pro,2024-04-18,,active,2024-04-18
S_000909,U_000611,Pro,2022-09-14,2023-01-12,canceled,2022-09-14
S_000910,U_000612,Pro,2024-07-10,,active,2024-07-10
S_000911,U_000613,Basic,2023-12-07,,active,2023-12-07
S_000912,U_000614,Basic,2023-01-08,2024-08-30,canceled,2023-01-08
S_000913,U_000614,Pro,2024-09-05,,active,2024-09-05
S_000914,U_000615,Basic,2024-10-26,,active,2024-10-26
S_000915,U_000615,Pro,2024-10-26,,active,2024-10-26
S_000916,U_000616,Pro,2024-11-27,,active,2024-11-27
S_000917,U_000616,Basic,2024-11-27,,active,2024-11-27
S_000918,U_000617,Pro,2022-12-04,2024-06-26,canceled,2022-12-04
S_000919,U_000617,Basic,2024-07-18,,active,2024-07-18
S_000920,U_000618,Basic,2023-04-07,,active,2023-04-07
S_000921,U_000619,Basic,2023-08-05,2023-12-03,active,2023-08-05
S_000922,U_000619,Pro,2023-12-21,,active,2023-12-21
S_000923,U_000620,Pro,2023-02-07,2023-09-05,canceled,2023-02-07
S_000924,U_000621,Basic,2022-09-14,2023-02-11,canceled,2022-09-14
S_000925,U_000622,Basic,2024-12-28,,active,2024-12-28
S_000926,U_000622,Basic,2024-12-28,,active,2024-12-28
S_000927,U_000623,Basic,2022-12-12,2023-11-07,canceled,2022-12-12
S_000928,U_000623,Pro,2023-11-21,,active,2023-11-21
S_000929,U_000624,Basic,2022-11-12,2024-08-03,active,2022-11-12
S_000930,U_000624,Pro,2024-08-26,,active,2024-08-26
S_000931,U_000625,Basic,2023-11-23,2024-07-20,active,2023-11-23
S_000932,U_000625,Basic,2024-08-16,,active,2024-08-16
S_000933,U_000626,Basic,2022-02-28,2022-10-26,active,2022-02-28
S_000934,U_000626,Pro,2022-11-23,2023-05-22,canceled,2022-11-23
S_000935,U_000627,Basic,2023-06-27,2024-09-19,canceled,2023-06-27
S_000936,U_000627,Basic,2024-10-09,2024-12-08,canceled,2024-10-09
S_000937,U_000628,Pro,2024-05-03,,active,2024-05-03
S_000938,U_000629,Basic,2024-10-16,,active,2024-10-16
S_000939,U_000629,Pro,2024-10-16,,active,2024-10-16
S_000940,U_000630,Basic,2023-09-11,,active,2023-09-11
S_000941,U_000631,Basic,2024-04-11,2024-06-10,active,2024-04-11
S_000942,U_000632,Pro,2022-05-30,2023-08-23,canceled,2022-05-30
S_000943,U_000632,Basic,2023-09-06,2024-10-30,active,2023-09-06
S_000944,U_000633,Basic,2024-06-19,2024-12-16,canceled,2024-06-19
S_000945,U_000634,Basic,2024-08-09,,active,2024-08-09
S_000946,U_000634,Basic,2024-08-09,,active,2024-08-09
S_000947,U_000635,Basic,2022-10-22,2024-06-13,canceled,2022-10-22
S_000948,U_000635,Pro,2024-07-13,,active,2024-07-13
S_000949,U_000636,Basic,2023-12-09,2024-02-07,canceled,2023-12-09
S_000950,U_000636,Basic,2024-02-18,,active,2024-02-18
S_000951,U_000637,Basic,2024-01-29,,active,2024-01-29
S_000952,U_000638,Basic,2022-08-06,2022-11-04,canceled,2022-08-06
S_000953,U_000639,Basic,2024-08-13,,active,2024-08-13
S_000954,U_000639,Basic,2024-08-13,,active,2024-08-13
S_000955,U_000640,Basic,2024-07-09,,active,2024-07-09
S_000956,U_000641,Pro,2022-07-18,2024-07-07,canceled,2022-07-18
S_000957,U_000641,Pro,2024-07-21,,active,2024-07-21
S_000958,U_000642,Pro,2024-02-26,2024-10-23,active,2024-02-26
S_000959,U_000643,Pro,2023-05-24,2024-08-16,canceled,2023-05-24
S_000960,U_000643,Pro,2024-09-05,,active,2024-09-05
S_000961,U_000644,Basic,2023-10-03,2024-12-26,canceled,2023-10-03
S_000962,U_000645,Pro,2024-10-17,,active,2024-10-17
S_000963,U_000646,Pro,2024-10-18,,active,2024-10-18
S_000964,U_000646,Pro,2024-10-18,,active,2024-10-18
S_000965,U_000647,Basic,2022-02-17,2022-04-18,canceled,2022-02-17
S_000966,U_000647,Basic,2022-05-04,2022-07-03,canceled,2022-05-04
S_000967,U_000648,Enterprise,2024-11-01,,active,2024-11-01
S_000968,U_000649,Pro,2023-03-17,2023-06-15,canceled,2023-03-17
S_000969,U_000650,Basic,2022-04-10,2024-03-30,canceled,2022-04-10
S_000970,U_000650,Pro,2024-04-12,,active,2024-04-12
S_000971,U_000651,Pro,2024-10-10,,active,2024-10-10
S_000972,U_000652,Basic,2023-08-09,2024-12-31,canceled,2023-08-09
S_000973,U_000652,Pro,2025-01-25,,active,2025-01-25
S_000974,U_000653,Basic,2022-08-09,2024-04-30,active,2022-08-09
S_000975,U_000654,Pro,2023-06-26,2023-12-23,canceled,2023-06-26
S_000976,U_000655,Basic,2024-01-20,,active,2024-01-20
S_000977,U_000656,Basic,2022-04-15,2023-11-06,canceled,2022-04-15
S_000978,U_000657,Basic,2023-02-03,2024-12-24,active,2023-02-03
S_000979,U_000658,Enterprise,2023-08-15,,active,2023-08-15
S_000980,U_000659,Basic,2024-10-29,,active,2024-10-29
S_000981,U_000659,Basic,2024-10-29,,active,2024-10-29
S_000982,U_000660,Basic,2023-07-27,,active,2023-07-27
S_000983,U_000661,Pro,2022-09-01,2022-12-30,canceled,2022-09-01
S_000984,U_000662,Pro,2024-03-17,,active,2024-03-17
S_000985,U_000662,Basic,2024-03-17,2024-10-13,canceled,2024-03-17
S_000986,U_000663,Basic,2024-01-19,,active,2024-01-19
S_000987,U_000663,Basic,2024-01-19,,active,2024-01-19
S_000988,U_000664,Basic,2024-11-08,,active,2024-11-08
S_000989,U_000665,Basic,2022-03-24,2022-07-22,canceled,2022-03-24
S_000990,U_000666,Basic,2022-10-08,2024-07-29,active,2022-10-08
S_000991,U_000667,Pro,2024-11-29,,active,2024-11-29
S_000992,U_000668,Basic,2024-11-21,,active,2024-11-21
S_000993,U_000668,Basic,2024-11-21,,active,2024-11-21
S_000994,U_000669,Pro,2023-10-15,2024-04-12,canceled,2023-10-15
S_000995,U_000670,Basic,2023-09-05,2024-03-03,canceled,2023-09-05
S_000996,U_000670,Basic,2024-03-21,2024-11-16,canceled,2024-03-21
S_000997,U_000671,Enterprise,2024-11-04,,active,2024-11-04
S_000998,U_000672,Basic,2024-09-30,,active,2024-09-30
S_000999,U_000672,Basic,2024-09-30,,active,2024-09-30
S_001000,U_000673,Pro,2024-08-30,,active,2024-08-30
S_001001,U_000673,Basic,2024-08-30,,active,2024-08-30
S_001002,U_000674,Basic,2023-11-10,,active,2023-11-10
S_001003,U_000675,Basic,2023-09-23,,active,2023-09-23
S_001004,U_000675,Basic,2023-09-23,,active,2023-09-23
S_001005,U_000676,Basic,2024-08-29,,active,2024-08-29
S_001006,U_000676,Pro,2024-08-29,,active,2024-08-29
S_001007,U_000677,Pro,2023-04-12,2024-10-03,canceled,2023-04-12
S_001008,U_000677,Pro,2024-10-31,,active,2024-10-31
S_001009,U_000678,Basic,2024-09-10,,active,2024-09-10
S_001010,U_000679,Basic,2024-02-18,2024-07-17,canceled,2024-02-18
S_001011,U_000679,Basic,2024-08-11,,active,2024-08-11
S_001012,U_000680,Basic,2022-03-06,2023-03-31,canceled,2022-03-06
S_001013,U_000680,Basic,2023-04-26,2023-07-25,canceled,2023-04-26
S_001014,U_000681,Pro,2023-01-26,2023-03-27,canceled,2023-01-26
S_001015,U_000681,Basic,2023-04-16,,active,2023-04-16
S_001016,U_000682,Basic,2023-10-05,2024-10-29,canceled,2023-10-05
S_001017,U_000683,Pro,2024-04-25,,active,2024-04-25
S_001018,U_000684,Basic,2024-10-24,,active,2024-10-24
S_001019,U_000684,Basic,2024-10-24,,active,2024-10-24
S_001020,U_000685,Pro,2022-05-08,2023-03-04,canceled,2022-05-08
S_001021,U_000685,Basic,2023-03-28,,active,2023-03-28
S_001022,U_000686,Basic,2023-03-01,2023-11-26,canceled,2023-03-01
S_001023,U_000686,Basic,2023-12-17,,active,2023-12-17
S_001024,U_000687,Enterprise,2024-09-06,,active,2024-09-06
S_001025,U_000687,Basic,2024-09-06,,active,2024-09-06
S_001026,U_000688,Enterprise,2023-10-05,,active,2023-10-05
S_001027,U_000689,Enterprise,2024-12-27,,active,2024-12-27
S_001028,U_000690,Basic,2023-12-27,2024-12-21,canceled,2023-12-27
S_001029,U_000691,Basic,2024-09-18,,active,2024-09-18
S_001030,U_000692,Basic,2023-07-26,2024-02-21,canceled,2023-07-26
S_001031,U_000692,Basic,2024-03-18,2024-10-14,canceled,2024-03-18
S_001032,U_000693,Basic,2023-04-06,2023-12-02,canceled,2023-04-06
S_001033,U_000694,Basic,2023-03-01,2024-09-21,active,2023-03-01
S_001034,U_000695,Basic,2024-09-09,,active,2024-09-09
S_001035,U_000696,Basic,2023-07-15,,active,2023-07-15
S_001036,U_000697,Pro,2024-02-17,,active,2024-02-17
S_001037,U_000697,Pro,2024-02-17,,active,2024-02-17
S_001038,U_000698,Pro,2022-10-27,2023-03-26,canceled,2022-10-27
S_001039,U_000699,Basic,2023-08-13,2024-08-07,active,2023-08-13
S_001040,U_000700,Basic,2024-06-24,,active,2024-06-24
S_001041,U_000700,Basic,2024-06-24,,active,2024-06-24
S_001042,U_000701,Basic,2023-03-15,2024-12-04,canceled,2023-03-15
S_001043,U_000702,Basic,2023-07-10,2024-12-31,active,2023-07-10
S_001044,U_000702,Basic,2025-01-24,,active,2025-01-24
S_001045,U_000703,Pro,2022-10-09,2023-04-07,canceled,2022-10-09
S_001046,U_000704,Basic,2023-05-06,2023-09-03,canceled,2023-05-06
S_001047,U_000705,Basic,2024-12-23,,active,2024-12-23
S_001048,U_000706,Basic,2022-04-18,2023-09-10,canceled,2022-04-18
S_001049,U_000706,Basic,2023-09-28,2024-11-21,canceled,2023-09-28
S_001050,U_000707,Pro,2023-11-08,2024-12-02,canceled,2023-11-08
S_001051,U_000707,Pro,2024-12-10,,active,2024-12-10
S_001052,U_000708,Basic,2022-10-09,2023-04-07,canceled,2022-10-09
S_001053,U_000709,Basic,2022-11-20,2024-09-10,active,2022-11-20
S_001054,U_000709,Basic,2024-09-27,2024-12-26,canceled,2024-09-27
S_001055,U_000710,Pro,2024-09-04,,active,2024-09-04
S_001056,U_000711,Pro,2023-10-20,,active,2023-10-20
S_001057,U_000711,Basic,2023-10-20,,active,2023-10-20
S_001058,U_000712,Basic,2022-07-03,2023-01-29,active,2022-07-03
S_001059,U_000712,Pro,2023-02-20,,active,2023-02-20
S_001060,U_000713,Basic,2024-12-31,,active,2024-12-31
S_001061,U_000714,Basic,2024-05-05,,active,2024-05-05
S_001062,U_000714,Pro,2024-05-05,,active,2024-05-05
S_001063,U_000715,Basic,2024-03-24,,active,2024-03-24
S_001064,U_000715,Basic,2024-03-24,,active,2024-03-24
S_001065,U_000716,Basic,2023-08-16,,active,2023-08-16
S_001066,U_000716,Pro,2023-08-16,2024-06-11,canceled,2023-08-16
S_001067,U_000717,Pro,2023-09-04,2023-11-03,canceled,2023-09-04
S_001068,U_000717,Basic,2023-11-13,,active,2023-11-13
S_001069,U_000718,Basic,2022-08-08,2023-07-04,canceled,2022-08-08
S_001070,U_000719,Basic,2024-07-19,2024-10-17,canceled,2024-07-19
S_001071,U_000720,Basic,2024-10-08,,active,2024-10-08
S_001072,U_000721,Basic,2024-08-16,,active,2024-08-16
S_001073,U_000722,Basic,2022-08-19,2023-06-15,canceled,2022-08-19
S_001074,U_000722,Pro,2023-07-04,2024-03-30,active,2023-07-04
S_001075,U_000723,Basic,2024-07-28,,active,2024-07-28
S_001076,U_000723,Basic,2024-07-28,,active,2024-07-28
S_001077,U_000724,Basic,2022-01-29,2022-05-29,canceled,2022-01-29
S_001078,U_000725,Basic,2023-01-31,2023-04-01,canceled,2023-01-31
S_001079,U_000725,Basic,2023-04-29,,active,2023-04-29
S_001080,U_000726,Pro,2024-04-10,,active,2024-04-10
S_001081,U_000727,Pro,2023-11-03,,active,2023-11-03
S_001082,U_000728,Enterprise,2022-07-15,2024-04-05,canceled,2022-07-15
S_001083,U_000728,Basic,2024-05-05,2024-08-03,canceled,2024-05-05
S_001084,U_000729,Pro,2024-09-04,,active,2024-09-04
S_001085,U_000730,Pro,2022-01-14,2022-08-12,canceled,2022-01-14
S_001086,U_000730,Basic,2022-09-07,2023-11-01,active,2022-09-07
S_001087,U_000731,Basic,2023-04-28,2024-07-21,canceled,2023-04-28
S_001088,U_000731,Basic,2024-08-20,,active,2024-08-20
S_001089,U_000732,Basic,2023-11-07,,active,2023-11-07
S_001090,U_000732,Pro,2023-11-07,,active,2023-11-07
S_001091,U_000733,Basic,2022-01-24,2022-10-21,canceled,2022-01-24
S_001092,U_000733,Basic,2022-11-05,2024-07-27,canceled,2022-11-05
S_001093,U_000734,Basic,2023-04-29,,active,2023-04-29
S_001094,U_000734,Basic,2023-04-29,2024-11-19,canceled,2023-04-29
S_001095,U_000735,Basic,2024-08-11,,active,2024-08-11
S_001096,U_000736,Pro,2024-04-10,2024-10-07,canceled,2024-04-10
S_001097,U_000736,Basic,2024-11-04,,active,2024-11-04
S_001098,U_000737,Pro,2022-08-29,2023-06-25,canceled,2022-08-29
S_001099,U_000738,Pro,2023-03-29,2024-10-19,active,2023-03-29
S_001100,U_000739,Pro,2024-09-06,,active,2024-09-06
S_001101,U_000740,Basic,2024-02-05,,active,2024-02-05
S_001102,U_000740,Basic,2024-02-05,,active,2024-02-05
S_001103,U_000741,Basic,2024-08-22,,active,2024-08-22
S_001104,U_000742,Pro,2023-05-22,,active,2023-05-22
S_001105,U_000743,Basic,2024-12-12,,active,2024-12-12
S_001106,U_000743,Pro,2024-12-12,,active,2024-12-12
S_001107,U_000744,Enterprise,2024-01-11,,active,2024-01-11
S_001108,U_000744,Enterprise,2024-01-11,2024-07-09,canceled,2024-01-11
S_001109,U_000745,Basic,2022-08-18,2023-04-15,active,2022-08-18
S_001110,U_000746,Basic,2024-11-01,,active,2024-11-01
S_001111,U_000746,Pro,2024-11-01,,active,2024-11-01
S_001112,U_000747,Basic,2022-11-03,2023-07-01,canceled,2022-11-03
S_001113,U_000747,Basic,2023-07-25,2024-08-18,canceled,2023-07-25
S_001114,U_000748,Basic,2024-12-01,,active,2024-12-01
S_001115,U_000748,Basic,2024-12-01,,active,2024-12-01
S_001116,U_000749,Pro,2023-02-25,2024-01-21,active,2023-02-25
S_001117,U_000749,Basic,2024-02-09,2024-09-06,canceled,2024-02-09
S_001118,U_000750,Pro,2022-07-06,2024-04-26,canceled,2022-07-06
S_001119,U_000750,Basic,2024-05-04,,active,2024-05-04
S_001120,U_000751,Enterprise,2022-04-24,2023-07-18,canceled,2022-04-24
S_001121,U_000751,Pro,2023-07-23,2024-01-19,canceled,2023-07-23
S_001122,U_000752,Basic,2024-11-17,,active,2024-11-17
S_001123,U_000753,Basic,2022-04-29,2023-01-24,canceled,2022-04-29
S_001124,U_000754,Pro,2023-09-24,2024-10-18,canceled,2023-09-24
S_001125,U_000754,Pro,2024-11-11,,active,2024-11-11
S_001126,U_000755,Basic,2023-06-06,2024-02-01,active,2023-06-06
S_001127,U_000755,Basic,2024-02-11,2024-11-07,canceled,2024-02-11
S_001128,U_000756,Basic,2022-05-30,2023-04-25,canceled,2022-05-30
S_001129,U_000757,Basic,2023-12-07,,active,2023-12-07
S_001130,U_000758,Pro,2022-05-04,2023-08-27,active,2022-05-04
S_001131,U_000759,Enterprise,2022-03-06,2023-08-28,canceled,2022-03-06
S_001132,U_000760,Pro,2023-01-04,2023-08-02,canceled,2023-01-04
S_001133,U_000760,Enterprise,2023-08-30,2023-10-29,canceled,2023-08-30
S_001134,U_000761,Pro,2024-02-06,,active,2024-02-06
S_001135,U_000761,Pro,2024-02-06,2024-06-05,canceled,2024-02-06
S_001136,U_000762,Pro,2024-02-13,,active,2024-02-13
S_001137,U_000763,Basic,2022-09-30,2022-12-29,canceled,2022-09-30
S_001138,U_000764,Basic,2023-01-01,2024-12-21,active,2023-01-01
S_001139,U_000765,Basic,2024-12-19,,active,2024-12-19
S_001140,U_000765,Basic,2024-12-19,,active,2024-12-19
S_001141,U_000766,Pro,2022-01-08,2023-02-02,canceled,2022-01-08
S_001142,U_000767,Enterprise,2024-08-06,,active,2024-08-06
S_001143,U_000768,Basic,2024-12-25,,active,2024-12-25
S_001144,U_000769,Basic,2023-05-22,,active,2023-05-22
S_001145,U_000770,Pro,2022-11-14,2023-09-10,canceled,2022-11-14
S_001146,U_000770,Basic,2023-10-07,,active,2023-10-07
S_001147,U_000771,Basic,2022-08-20,2024-05-11,canceled,2022-08-20
S_001148,U_000771,Basic,2024-05-20,,active,2024-05-20
S_001149,U_000772,Basic,2022-02-02,2023-02-27,canceled,2022-02-02
S_001150,U_000773,Basic,2022-05-18,2024-05-07,canceled,2022-05-18
S_001151,U_000773,Basic,2024-06-01,,active,2024-06-01
S_001152,U_000774,Pro,2022-03-10,2022-09-06,canceled,2022-03-10
S_001153,U_000774,Basic,2022-10-03,2024-06-24,canceled,2022-10-03
S_001154,U_000775,Pro,2022-04-10,2022-06-09,active,2022-04-10
S_001155,U_000775,Basic,2022-07-02,2024-02-22,canceled,2022-07-02
S_001156,U_000776,Basic,2024-04-03,2024-10-30,active,2024-04-03
S_001157,U_000776,Basic,2024-11-24,,active,2024-11-24
S_001158,U_000777,Basic,2023-03-21,2024-05-14,active,2023-03-21
S_001159,U_000777,Pro,2024-06-03,,active,2024-06-03
S_001160,U_000778,Basic,2024-10-28,,active,2024-10-28
S_001161,U_000778,Basic,2024-10-28,,active,2024-10-28
S_001162,U_000779,Basic,2023-10-16,2024-06-12,canceled,2023-10-16
S_001163,U_000779,Pro,2024-06-25,2024-11-22,canceled,2024-06-25
S_001164,U_000780,Basic,2023-10-19,,active,2023-10-19
S_001165,U_000780,Enterprise,2023-10-19,,active,2023-10-19
S_001166,U_000781,Pro,2022-10-21,2023-11-15,canceled,2022-10-21
S_001167,U_000782,Enterprise,2024-04-26,,active,2024-04-26
S_001168,U_000783,Basic,2022-05-05,2023-11-26,active,2022-05-05
S_001169,U_000784,Enterprise,2022-12-25,2023-03-25,canceled,2022-12-25
S_001170,U_000785,Basic,2024-10-12,,active,2024-10-12
S_001171,U_000786,Basic,2024-02-20,,active,2024-02-20
S_001172,U_000787,Basic,2024-05-02,,active,2024-05-02
S_001173,U_000787,Basic,2024-05-02,,active,2024-05-02
S_001174,U_000788,Pro,2023-09-07,2024-01-05,active,2023-09-07
S_001175,U_000789,Basic,2024-08-27,,active,2024-08-27
S_001176,U_000789,Basic,2024-08-27,,active,2024-08-27
S_001177,U_000790,Basic,2023-09-08,,active,2023-09-08
S_001178,U_000790,Pro,2023-09-08,2023-12-07,canceled,2023-09-08
S_001179,U_000791,Basic,2022-04-29,2022-09-26,canceled,2022-04-29
S_001180,U_000792,Basic,2024-05-03,,active,2024-05-03
S_001181,U_000793,Basic,2022-10-02,2023-08-28,canceled,2022-10-02
S_001182,U_000794,Pro,2023-06-07,2023-11-04,canceled,2023-06-07
S_001183,U_000794,Pro,2023-11-23,2024-07-20,canceled,2023-11-23
S_001184,U_000795,Enterprise,2022-06-11,2023-04-07,canceled,2022-06-11
S_001185,U_000795,Basic,2023-05-01,,active,2023-05-01
S_001186,U_000796,Basic,2022-07-09,2023-12-01,canceled,2022-07-09
S_001187,U_000797,Basic,2022-04-16,2023-11-07,canceled,2022-04-16
S_001188,U_000797,Pro,2023-11-20,,active,2023-11-20
S_001189,U_000798,Pro,2022-03-22,2022-08-19,active,2022-03-22
S_001190,U_000798,Basic,2022-08-29,2023-08-24,active,2022-08-29
S_001191,U_000799,Basic,2023-03-21,2023-10-17,canceled,2023-03-21
S_001192,U_000799,Pro,2023-11-04,2024-04-02,active,2023-11-04
S_001193,U_000800,Pro,2023-11-13,,active,2023-11-13
S_001194,U_000800,Pro,2023-11-13,2024-07-10,canceled,2023-11-13
S_001195,U_000801,Basic,2023-03-10,2024-08-31,canceled,2023-03-10
S_001196,U_000802,Basic,2024-09-07,,active,2024-09-07
S_001197,U_000802,Enterprise,2024-09-07,,active,2024-09-07
S_001198,U_000803,Basic,2023-02-23,2023-10-21,canceled,2023-02-23
S_001199,U_000804,Pro,2023-10-21,,active,2023-10-21
S_001200,U_000805,Basic,2024-08-12,,active,2024-08-12
S_001201,U_000806,Pro,2023-09-24,2024-12-17,canceled,2023-09-24
S_001202,U_000806,Basic,2024-12-30,,active,2024-12-30
S_001203,U_000807,Enterprise,2024-11-16,,active,2024-11-16
S_001204,U_000807,Basic,2024-11-16,,active,2024-11-16
S_001205,U_000808,Pro,2022-07-21,2023-07-16,canceled,2022-07-21
S_001206,U_000808,Basic,2023-08-03,2024-10-26,canceled,2023-08-03
S_001207,U_000809,Enterprise,2023-02-21,2024-03-17,canceled,2023-02-21
S_001208,U_000810,Pro,2024-04-27,2024-06-26,active,2024-04-27
S_001209,U_000810,Basic,2024-07-07,,active,2024-07-07
S_001210,U_000811,Basic,2023-03-30,2024-04-23,canceled,2023-03-30
S_001211,U_000811,Pro,2024-05-11,,active,2024-05-11
S_001212,U_000812,Pro,2023-06-19,,active,2023-06-19
S_001213,U_000813,Pro,2024-05-05,2024-10-02,canceled,2024-05-05
S_001214,U_000813,Basic,2024-10-12,,active,2024-10-12
S_001215,U_000814,Enterprise,2023-02-06,2023-05-07,canceled,2023-02-06
S_001216,U_000814,Pro,2023-05-24,,active,2023-05-24
S_001217,U_000815,Basic,2024-02-17,,active,2024-02-17
S_001218,U_000815,Basic,2024-02-17,2024-05-17,canceled,2024-02-17
S_001219,U_000816,Basic,2024-10-19,,active,2024-10-19
S_001220,U_000816,Basic,2024-10-19,,active,2024-10-19
S_001221,U_000817,Basic,2023-06-12,2023-10-10,canceled,2023-06-12
S_001222,U_000818,Pro,2024-08-01,,active,2024-08-01
S_001223,U_000818,Basic,2024-08-01,,active,2024-08-01
S_001224,U_000819,Basic,2022-12-13,2024-04-06,canceled,2022-12-13
S_001225,U_000820,Basic,2024-09-27,,active,2024-09-27
S_001226,U_000820,Pro,2024-09-27,,active,2024-09-27
S_001227,U_000821,Pro,2022-05-01,2024-04-20,canceled,2022-05-01
S_001228,U_000822,Enterprise,2022-06-02,2023-09-25,canceled,2022-06-02
S_001229,U_000822,Basic,2023-10-06,,active,2023-10-06
S_001230,U_000823,Basic,2024-04-24,,active,2024-04-24
S_001231,U_000824,Pro,2022-05-20,2024-05-09,canceled,2022-05-20
S_001232,U_000825,Basic,2023-03-24,,active,2023-03-24
S_001233,U_000826,Basic,2024-02-04,,active,2024-02-04
S_001234,U_000826,Pro,2024-02-04,,active,2024-02-04
S_001235,U_000827,Enterprise,2024-09-16,,active,2024-09-16
S_001236,U_000828,Basic,2022-01-14,2023-04-09,active,2022-01-14
S_001237,U_000828,Pro,2023-04-30,2024-04-24,canceled,2023-04-30
S_001238,U_000829,Basic,2024-04-22,,active,2024-04-22
S_001239,U_000829,Basic,2024-04-22,2024-08-20,canceled,2024-04-22
S_001240,U_000830,Basic,2024-12-20,,active,2024-12-20
S_001241,U_000831,Basic,2023-08-11,2024-12-03,canceled,2023-08-11
S_001242,U_000832,Pro,2024-05-31,,active,2024-05-31
S_001243,U_000833,Basic,2022-07-17,2023-01-13,canceled,2022-07-17
S_001244,U_000833,Basic,2023-01-20,2024-09-11,canceled,2023-01-20
S_001245,U_000834,Pro,2023-05-09,2024-07-02,canceled,2023-05-09
S_001246,U_000834,Pro,2024-07-07,,active,2024-07-07
S_001247,U_000835,Basic,2024-12-14,,active,2024-12-14
S_001248,U_000836,Basic,2023-07-02,2024-03-28,canceled,2023-07-02
S_001249,U_000836,Basic,2024-04-26,,active,2024-04-26
S_001250,U_000837,Pro,2024-02-04,,active,2024-02-04
S_001251,U_000838,Pro,2023-05-14,,active,2023-05-14
S_001252,U_000838,Pro,2023-05-14,2023-11-10,canceled,2023-05-14
S_001253,U_000839,Basic,2022-06-15,2022-11-12,canceled,2022-06-15
S_001254,U_000840,Pro,2024-04-10,,active,2024-04-10
S_001255,U_000841,Enterprise,2024-09-01,,active,2024-09-01
S_001256,U_000841,Pro,2024-09-01,,active,2024-09-01
S_001257,U_000842,Basic,2022-12-17,2023-07-15,canceled,2022-12-17
S_001258,U_000843,Enterprise,2024-06-07,,active,2024-06-07
S_001259,U_000844,Basic,2022-07-15,2023-11-07,canceled,2022-07-15
S_001260,U_000844,Basic,2023-11-24,2024-07-21,canceled,2023-11-24
S_001261,U_000845,Basic,2023-04-16,2023-12-12,canceled,2023-04-16
S_001262,U_000845,Pro,2024-01-04,2024-05-03,active,2024-01-04
S_001263,U_000846,Basic,2024-08-31,,active,2024-08-31
S_001264,U_000847,Enterprise,2022-06-02,2024-02-22,canceled,2022-06-02
S_001265,U_000848,Basic,2022-03-09,2022-07-07,canceled,2022-03-09
S_001266,U_000848,Basic,2022-07-23,2024-01-14,canceled,2022-07-23
S_001267,U_000849,Basic,2022-02-02,2023-04-28,canceled,2022-02-02
S_001268,U_000850,Basic,2022-10-23,2023-09-18,active,2022-10-23
S_001269,U_000850,Enterprise,2023-10-06,,active,2023-10-06
S_001270,U_000851,Basic,2023-09-05,,active,2023-09-05
S_001271,U_000851,Basic,2023-09-05,,active,2023-09-05
S_001272,U_000852,Pro,2023-05-08,2023-07-07,active,2023-05-08
S_001273,U_000852,Pro,2023-07-20,2024-07-14,canceled,2023-07-20
S_001274,U_000853,Basic,2023-11-11,2024-05-09,canceled,2023-11-11
S_001275,U_000854,Pro,2022-06-10,2022-09-08,canceled,2022-06-10
S_001276,U_000854,Pro,2022-09-19,2024-08-09,canceled,2022-09-19
S_001277,U_000855,Pro,2022-04-20,2023-07-14,canceled,2022-04-20
S_001278,U_000855,Enterprise,2023-08-04,,active,2023-08-04
S_001279,U_000856,Basic,2023-04-21,2023-09-18,canceled,2023-04-21
S_001280,U_000857,Basic,2024-03-23,,active,2024-03-23
S_001281,U_000857,Pro,2024-03-23,,active,2024-03-23
S_001282,U_000858,Basic,2023-07-14,2023-09-12,canceled,2023-07-14
S_001283,U_000858,Basic,2023-10-02,2024-03-30,active,2023-10-02
S_001284,U_000859,Pro,2023-04-13,2024-10-04,canceled,2023-04-13
S_001285,U_000859,Basic,2024-10-12,,active,2024-10-12
S_001286,U_000860,Basic,2024-02-08,2024-06-07,canceled,2024-02-08
S_001287,U_000861,Enterprise,2024-02-18,,active,2024-02-18
S_001288,U_000861,Basic,2024-02-18,,active,2024-02-18
S_001289,U_000862,Basic,2023-08-28,,active,2023-08-28
S_001290,U_000863,Basic,2022-06-18,2024-05-08,canceled,2022-06-18
S_001291,U_000863,Pro,2024-06-01,2024-10-29,canceled,2024-06-01
S_001292,U_000864,Basic,2024-02-18,,active,2024-02-18
S_001293,U_000865,Pro,2023-10-11,2024-04-08,canceled,2023-10-11
S_001294,U_000866,Pro,2022-07-07,2023-06-02,active,2022-07-07
S_001295,U_000867,Basic,2024-06-29,,active,2024-06-29
S_001296,U_000868,Basic,2022-07-29,2023-11-21,canceled,2022-07-29
S_001297,U_000868,Basic,2023-12-12,2024-10-07,canceled,2023-12-12
S_001298,U_000869,Basic,2023-01-19,2024-12-09,canceled,2023-01-19
S_001299,U_000869,Enterprise,2025-01-06,,active,2025-01-06
S_001300,U_000870,Pro,2024-11-15,,active,2024-11-15
S_001301,U_000870,Enterprise,2024-11-15,,active,2024-11-15
S_001302,U_000871,Pro,2022-02-23,2022-11-20,canceled,2022-02-23
S_001303,U_000872,Basic,2022-07-10,2023-12-02,active,2022-07-10
S_001304,U_000873,Basic,2023-10-27,2024-06-23,canceled,2023-10-27
S_001305,U_000873,Basic,2024-07-06,2024-12-03,canceled,2024-07-06
S_001306,U_000874,Basic,2023-08-21,2024-03-18,canceled,2023-08-21
S_001307,U_000874,Pro,2024-04-17,,active,2024-04-17
S_001308,U_000875,Pro,2022-06-23,2024-05-13,active,2022-06-23
S_001309,U_000875,Basic,2024-06-11,2024-10-09,canceled,2024-06-11
S_001310,U_000876,Enterprise,2024-12-03,,active,2024-12-03
S_001311,U_000877,Basic,2022-12-14,2024-04-07,active,2022-12-14
S_001312,U_000878,Basic,2023-09-09,2024-10-03,canceled,2023-09-09
S_001313,U_000878,Basic,2024-10-21,,active,2024-10-21
S_001314,U_000879,Basic,2022-10-26,2024-04-18,canceled,2022-10-26
S_001315,U_000880,Pro,2024-06-09,,active,2024-06-09
S_001316,U_000881,Basic,2023-09-06,2024-03-04,canceled,2023-09-06
S_001317,U_000881,Basic,2024-03-25,,active,2024-03-25
S_001318,U_000882,Basic,2024-01-10,,active,2024-01-10
S_001319,U_000882,Enterprise,2024-01-10,,active,2024-01-10
S_001320,U_000883,Basic,2024-10-12,,active,2024-10-12
S_001321,U_000884,Pro,2023-02-05,2024-10-27,canceled,2023-02-05
S_001322,U_000885,Basic,2022-10-05,2024-06-26,canceled,2022-10-05
S_001323,U_000886,Basic,2024-03-21,,active,2024-03-21
S_001324,U_000886,Basic,2024-03-21,,active,2024-03-21
S_001325,U_000887,Pro,2024-02-18,,active,2024-02-18
S_001326,U_000887,Basic,2024-02-18,,active,2024-02-18
S_001327,U_000888,Basic,2023-11-17,,active,2023-11-17
S_001328,U_000889,Basic,2022-10-06,2024-06-27,canceled,2022-10-06
S_001329,U_000889,Basic,2024-07-04,,active,2024-07-04
S_001330,U_000890,Basic,2023-02-16,2023-09-14,canceled,2023-02-16
S_001331,U_000891,Basic,2022-12-30,2023-07-28,canceled,2022-12-30
S_001332,U_000892,Basic,2023-08-20,2024-09-13,canceled,2023-08-20
S_001333,U_000893,Pro,2023-05-12,2023-10-09,canceled,2023-05-12
S_001334,U_000894,Basic,2023-07-29,2024-01-25,canceled,2023-07-29
S_001335,U_000895,Basic,2022-08-22,2023-01-19,canceled,2022-08-22
S_001336,U_000895,Basic,2023-02-09,2024-11-30,canceled,2023-02-09
S_001337,U_000896,Basic,2023-01-04,2023-06-03,canceled,2023-01-04
S_001338,U_000896,Basic,2023-06-27,2023-10-25,active,2023-06-27
S_001339,U_000897,Pro,2024-08-03,2024-11-01,canceled,2024-08-03
S_001340,U_000897,Basic,2024-11-14,,active,2024-11-14
S_001341,U_000898,Basic,2023-08-20,,active,2023-08-20
S_001342,U_000898,Pro,2023-08-20,,active,2023-08-20
S_001343,U_000899,Basic,2024-10-19,,active,2024-10-19
S_001344,U_000899,Basic,2024-10-19,,active,2024-10-19
S_001345,U_000900,Basic,2023-05-11,,active,2023-05-11
S_001346,U_000900,Basic,2023-05-11,,active,2023-05-11
S_001347,U_000901,Basic,2024-05-16,,active,2024-05-16
S_001348,U_000901,Basic,2024-05-16,,active,2024-05-16
S_001349,U_000902,Enterprise,2024-07-08,,active,2024-07-08
S_001350,U_000902,Basic,2024-07-08,,active,2024-07-08
S_001351,U_000903,Enterprise,2024-03-31,2024-07-29,canceled,2024-03-31
S_001352,U_000903,Pro,2024-08-25,,active,2024-08-25
S_001353,U_000904,Basic,2024-05-06,,active,2024-05-06
S_001354,U_000904,Pro,2024-05-06,2024-10-03,active,2024-05-06
S_001355,U_000905,Basic,2024-01-07,,active,2024-01-07
S_001356,U_000905,Basic,2024-01-07,,active,2024-01-07
S_001357,U_000906,Basic,2022-06-24,2022-11-21,canceled,2022-06-24
S_001358,U_000906,Pro,2022-12-21,2023-05-20,canceled,2022-12-21
S_001359,U_000907,Basic,2023-12-29,,active,2023-12-29
S_001360,U_000908,Pro,2022-04-01,2024-03-21,canceled,2022-04-01
S_001361,U_000908,Pro,2024-04-06,,active,2024-04-06
S_001362,U_000909,Basic,2023-11-11,,active,2023-11-11
S_001363,U_000909,Basic,2023-11-11,,active,2023-11-11
S_001364,U_000910,Pro,2022-01-22,2022-03-23,canceled,2022-01-22
S_001365,U_000910,Basic,2022-04-02,2023-03-28,canceled,2022-04-02
S_001366,U_000911,Pro,2023-03-31,2024-01-25,canceled,2023-03-31
S_001367,U_000912,Basic,2023-03-29,2023-12-24,canceled,2023-03-29
S_001368,U_000912,Basic,2024-01-23,,active,2024-01-23
S_001369,U_000913,Pro,2024-03-12,2024-10-08,canceled,2024-03-12
S_001370,U_000913,Pro,2024-11-06,,active,2024-11-06
S_001371,U_000914,Pro,2024-10-21,,active,2024-10-21
S_001372,U_000914,Pro,2024-10-21,,active,2024-10-21
S_001373,U_000915,Pro,2022-02-20,2023-02-15,canceled,2022-02-20
S_001374,U_000915,Pro,2023-03-09,2023-12-04,canceled,2023-03-09
S_001375,U_000916,Enterprise,2023-08-29,2023-12-27,canceled,2023-08-29
S_001376,U_000917,Pro,2022-08-26,2023-10-20,canceled,2022-08-26
S_001377,U_000917,Basic,2023-11-16,2024-11-10,active,2023-11-16
S_001378,U_000918,Enterprise,2023-10-01,2024-09-25,canceled,2023-10-01
S_001379,U_000919,Enterprise,2023-02-28,,active,2023-02-28
S_001380,U_000919,Pro,2023-02-28,2024-01-24,canceled,2023-02-28
S_001381,U_000920,Basic,2023-12-15,,active,2023-12-15
S_001382,U_000921,Basic,2024-06-16,2024-10-14,canceled,2024-06-16
S_001383,U_000922,Pro,2022-05-18,2022-11-14,canceled,2022-05-18
S_001384,U_000922,Basic,2022-12-06,2023-06-04,active,2022-12-06
S_001385,U_000923,Pro,2022-08-24,2022-12-22,canceled,2022-08-24
S_001386,U_000923,Basic,2023-01-03,2023-04-03,canceled,2023-01-03
S_001387,U_000924,Basic,2022-08-12,2023-05-09,active,2022-08-12
S_001388,U_000924,Basic,2023-05-21,2024-02-15,canceled,2023-05-21
S_001389,U_000925,Basic,2024-11-22,,active,2024-11-22
S_001390,U_000926,Enterprise,2022-11-24,2024-08-15,canceled,2022-11-24
S_001391,U_000927,Basic,2024-05-23,,active,2024-05-23
S_001392,U_000927,Basic,2024-05-23,2024-12-19,active,2024-05-23
S_001393,U_000928,Pro,2024-04-09,,active,2024-04-09
S_001394,U_000928,Pro,2024-04-09,,active,2024-04-09
S_001395,U_000929,Pro,2024-06-04,,active,2024-06-04
S_001396,U_000929,Basic,2024-06-04,,active,2024-06-04
S_001397,U_000930,Basic,2023-02-09,2024-03-05,canceled,2023-02-09
S_001398,U_000931,Basic,2024-05-29,,active,2024-05-29
S_001399,U_000932,Pro,2023-03-16,2024-11-05,canceled,2023-03-16
S_001400,U_000933,Basic,2022-05-09,2022-10-06,active,2022-05-09
S_001401,U_000933,Basic,2022-10-30,2023-11-24,canceled,2022-10-30
S_001402,U_000934,Basic,2023-01-18,2024-09-09,active,2023-01-18
S_001403,U_000935,Basic,2023-02-08,2024-05-03,canceled,2023-02-08
S_001404,U_000935,Basic,2024-05-13,,active,2024-05-13
S_001405,U_000936,Pro,2023-06-22,2024-11-13,active,2023-06-22
S_001406,U_000937,Pro,2023-10-04,2024-02-01,active,2023-10-04
S_001407,U_000938,Enterprise,2024-03-14,2024-05-13,canceled,2024-03-14
S_001408,U_000938,Basic,2024-06-02,2024-11-29,active,2024-06-02
S_001409,U_000939,Basic,2023-12-14,,active,2023-12-14
S_001410,U_000939,Pro,2023-12-14,2024-12-08,canceled,2023-12-14
S_001411,U_000940,Basic,2022-12-20,2024-07-12,active,2022-12-20
S_001412,U_000940,Basic,2024-08-04,2024-10-03,active,2024-08-04
S_001413,U_000941,Basic,2022-06-23,2022-10-21,canceled,2022-06-23
S_001414,U_000941,Basic,2022-11-11,2023-06-09,canceled,2022-11-11
S_001415,U_000942,Pro,2022-08-30,2022-10-29,canceled,2022-08-30
S_001416,U_000943,Basic,2022-08-28,2023-01-25,active,2022-08-28
S_001417,U_000944,Pro,2022-10-17,2023-12-11,canceled,2022-10-17
S_001418,U_000944,Pro,2023-12-20,2024-07-17,canceled,2023-12-20
S_001419,U_000945,Pro,2024-05-06,,active,2024-05-06
S_001420,U_000946,Basic,2024-02-25,2024-12-21,canceled,2024-02-25
S_001421,U_000946,Basic,2025-01-02,,active,2025-01-02
S_001422,U_000947,Basic,2024-09-23,,active,2024-09-23
S_001423,U_000948,Basic,2022-12-08,2024-08-29,canceled,2022-12-08
S_001424,U_000948,Basic,2024-09-20,,active,2024-09-20
S_001425,U_000949,Basic,2022-10-15,2024-04-07,canceled,2022-10-15
S_001426,U_000950,Basic,2024-07-12,,active,2024-07-12
S_001427,U_000950,Basic,2024-07-12,2024-11-09,active,2024-07-12
S_001428,U_000951,Basic,2024-01-06,2024-09-02,active,2024-01-06
S_001429,U_000951,Pro,2024-09-10,,active,2024-09-10
S_001430,U_000952,Basic,2022-10-07,2024-01-30,canceled,2022-10-07
S_001431,U_000952,Basic,2024-02-28,2024-08-26,active,2024-02-28
S_001432,U_000953,Pro,2024-11-01,,active,2024-11-01
S_001433,U_000954,Pro,2024-10-04,,active,2024-10-04
S_001434,U_000955,Basic,2024-09-27,,active,2024-09-27
S_001435,U_000955,Basic,2024-09-27,,active,2024-09-27
S_001436,U_000956,Enterprise,2022-03-05,2023-07-28,canceled,2022-03-05
S_001437,U_000957,Enterprise,2022-03-08,2024-01-27,canceled,2022-03-08
S_001438,U_000957,Pro,2024-02-13,2024-07-12,canceled,2024-02-13
S_001439,U_000958,Basic,2023-08-15,2024-02-11,canceled,2023-08-15
S_001440,U_000958,Basic,2024-03-02,,active,2024-03-02
S_001441,U_000959,Basic,2024-10-11,,active,2024-10-11
S_001442,U_000960,Pro,2022-08-20,2022-12-18,canceled,2022-08-20
S_001443,U_000961,Pro,2023-07-03,,active,2023-07-03
S_001444,U_000961,Basic,2023-07-03,2024-06-27,canceled,2023-07-03
S_001445,U_000962,Basic,2022-03-27,2024-01-16,canceled,2022-03-27
S_001446,U_000963,Basic,2023-03-24,2023-05-23,canceled,2023-03-24
S_001447,U_000963,Basic,2023-06-07,,active,2023-06-07
S_001448,U_000964,Basic,2023-05-22,2024-04-16,canceled,2023-05-22
S_001449,U_000964,Basic,2024-05-13,2024-08-11,canceled,2024-05-13
S_001450,U_000965,Pro,2024-07-10,,active,2024-07-10
S_001451,U_000965,Basic,2024-07-10,,active,2024-07-10
S_001452,U_000966,Pro,2022-06-28,2024-01-19,canceled,2022-06-28
S_001453,U_000966,Basic,2024-02-02,,active,2024-02-02
S_001454,U_000967,Pro,2023-05-01,,active,2023-05-01
S_001455,U_000968,Pro,2023-12-20,,active,2023-12-20
S_001456,U_000968,Pro,2023-12-20,,active,2023-12-20
S_001457,U_000969,Pro,2022-12-06,2023-03-06,active,2022-12-06
S_001458,U_000969,Basic,2023-03-14,2023-10-10,active,2023-03-14
S_001459,U_000970,Basic,2023-02-28,2023-10-26,canceled,2023-02-28
S_001460,U_000970,Pro,2023-11-18,2024-01-17,canceled,2023-11-18
S_001461,U_000971,Enterprise,2023-12-20,2024-05-18,active,2023-12-20
S_001462,U_000972,Pro,2022-12-11,2023-12-06,active,2022-12-11
S_001463,U_000973,Basic,2023-08-16,2024-10-09,canceled,2023-08-16
S_001464,U_000974,Pro,2024-11-19,,active,2024-11-19
S_001465,U_000975,Pro,2024-04-22,,active,2024-04-22
S_001466,U_000975,Pro,2024-04-22,,active,2024-04-22
S_001467,U_000976,Basic,2022-09-17,2024-07-08,canceled,2022-09-17
S_001468,U_000976,Basic,2024-07-21,2024-09-19,canceled,2024-07-21
S_001469,U_000977,Basic,2022-10-27,2023-06-24,active,2022-10-27
S_001470,U_000977,Basic,2023-07-14,2023-09-12,canceled,2023-07-14
S_001471,U_000978,Pro,2024-03-15,,active,2024-03-15
S_001472,U_000979,Pro,2023-07-05,2024-03-31,canceled,2023-07-05
S_001473,U_000980,Basic,2024-07-14,,active,2024-07-14
S_001474,U_000981,Basic,2024-04-05,,active,2024-04-05
S_001475,U_000982,Enterprise,2024-01-26,2024-11-21,active,2024-01-26
S_001476,U_000983,Basic,2023-11-02,2024-09-27,canceled,2023-11-02
S_001477,U_000983,Basic,2024-10-20,,active,2024-10-20
S_001478,U_000984,Pro,2022-07-10,2023-03-07,active,2022-07-10
S_001479,U_000984,Pro,2023-03-29,2023-11-24,canceled,2023-03-29
S_001480,U_000985,Basic,2022-05-10,2022-10-07,canceled,2022-05-10
S_001481,U_000985,Basic,2022-10-24,2024-10-13,active,2022-10-24
S_001482,U_000986,Pro,2023-03-23,2024-07-15,canceled,2023-03-23
S_001483,U_000986,Basic,2024-08-03,2024-11-01,canceled,2024-08-03
S_001484,U_000987,Pro,2024-10-10,,active,2024-10-10
S_001485,U_000988,Basic,2023-08-04,2024-01-31,canceled,2023-08-04
S_001486,U_000989,Basic,2022-09-25,2023-05-23,active,2022-09-25
S_001487,U_000990,Basic,2023-12-05,2024-10-30,canceled,2023-12-05
S_001488,U_000990,Basic,2024-11-11,,active,2024-11-11
S_001489,U_000991,Pro,2022-07-23,2023-11-15,canceled,2022-07-23
S_001490,U_000991,Basic,2023-12-04,2024-08-30,canceled,2023-12-04
S_001491,U_000992,Basic,2022-09-12,2023-09-07,canceled,2022-09-12
S_001492,U_000993,Basic,2024-07-23,,active,2024-07-23
S_001493,U_000994,Pro,2023-02-19,2023-09-17,canceled,2023-02-19
S_001494,U_000995,Basic,2022-11-22,2023-04-21,canceled,2022-11-22
S_001495,U_000995,Basic,2023-04-26,2024-12-16,canceled,2023-04-26
S_001496,U_000996,Pro,2024-01-09,,active,2024-01-09
S_001497,U_000997,Basic,2024-02-01,2024-05-31,canceled,2024-02-01
S_001498,U_000998,Basic,2024-03-22,,active,2024-03-22
S_001499,U_000998,Basic,2024-03-22,2024-12-17,canceled,2024-03-22
S_001500,U_000999,Basic,2024-05-29,,active,2024-05-29
S_001501,U_000999,Basic,2024-05-29,2024-11-25,canceled,2024-05-29
S_001502,U_001000,Basic,2022-01-03,2023-10-25,canceled,2022-01-03
S_001503,U_001001,Pro,2022-06-09,2023-07-04,canceled,2022-06-09
S_001504,U_001001,Pro,2023-07-22,2024-01-18,canceled,2023-07-22
S_001505,U_001002,Enterprise,2023-04-09,2023-10-06,active,2023-04-09
S_001506,U_001003,Enterprise,2022-01-20,2023-04-15,active,2022-01-20
S_001507,U_001004,Basic,2022-09-04,2023-10-29,canceled,2022-09-04
S_001508,U_001004,Basic,2023-11-13,,active,2023-11-13
S_001509,U_001005,Pro,2024-09-05,,active,2024-09-05
S_001510,U_001006,Basic,2024-02-24,2024-10-21,canceled,2024-02-24
S_001511,U_001007,Enterprise,2022-07-31,2024-02-21,active,2022-07-31
S_001512,U_001007,Basic,2024-03-22,,active,2024-03-22
S_001513,U_001008,Basic,2023-09-05,2024-03-03,canceled,2023-09-05
S_001514,U_001008,Pro,2024-03-25,,active,2024-03-25
S_001515,U_001009,Basic,2022-09-30,2023-05-28,canceled,2022-09-30
S_001516,U_001009,Pro,2023-06-07,2024-11-28,canceled,2023-06-07
S_001517,U_001010,Pro,2024-12-22,,active,2024-12-22
S_001518,U_001011,Basic,2022-12-03,2024-10-23,canceled,2022-12-03
S_001519,U_001012,Basic,2023-03-13,2023-11-08,canceled,2023-03-13
S_001520,U_001012,Basic,2023-11-23,2024-05-21,canceled,2023-11-23
S_001521,U_001013,Pro,2024-06-25,,active,2024-06-25
S_001522,U_001013,Basic,2024-06-25,,active,2024-06-25
S_001523,U_001014,Pro,2022-07-25,2022-11-22,canceled,2022-07-25
S_001524,U_001015,Basic,2024-02-26,2024-06-25,canceled,2024-02-26
S_001525,U_001016,Pro,2023-10-07,2024-06-03,canceled,2023-10-07
S_001526,U_001017,Pro,2023-07-22,2024-07-16,canceled,2023-07-22
S_001527,U_001017,Basic,2024-08-04,,active,2024-08-04
S_001528,U_001018,Basic,2023-08-07,2024-01-04,active,2023-08-07
S_001529,U_001019,Basic,2023-02-25,2023-07-25,canceled,2023-02-25
S_001530,U_001020,Basic,2024-11-09,,active,2024-11-09
S_001531,U_001020,Pro,2024-11-09,,active,2024-11-09
S_001532,U_001021,Pro,2023-08-29,2024-05-25,active,2023-08-29
S_001533,U_001021,Enterprise,2024-06-20,,active,2024-06-20
S_001534,U_001022,Pro,2024-10-10,,active,2024-10-10
S_001535,U_001023,Basic,2023-05-09,2024-09-30,canceled,2023-05-09
S_001536,U_001023,Basic,2024-10-05,,active,2024-10-05
S_001537,U_001024,Basic,2022-05-26,2022-12-22,canceled,2022-05-26
S_001538,U_001024,Enterprise,2022-12-27,2024-11-16,canceled,2022-12-27
S_001539,U_001025,Pro,2024-01-10,2024-05-09,canceled,2024-01-10
S_001540,U_001026,Pro,2024-03-03,2024-08-30,canceled,2024-03-03
S_001541,U_001026,Enterprise,2024-09-29,,active,2024-09-29
S_001542,U_001027,Basic,2024-01-19,2024-05-18,canceled,2024-01-19
S_001543,U_001027,Basic,2024-06-17,,active,2024-06-17
S_001544,U_001028,Enterprise,2024-08-22,,active,2024-08-22
S_001545,U_001028,Pro,2024-08-22,,active,2024-08-22
S_001546,U_001029,Enterprise,2022-05-19,2022-07-18,canceled,2022-05-19
S_001547,U_001029,Basic,2022-07-28,2023-04-24,canceled,2022-07-28
S_001548,U_001030,Enterprise,2023-03-18,2024-03-12,canceled,2023-03-18
S_001549,U_001030,Enterprise,2024-04-09,,active,2024-04-09
S_001550,U_001031,Pro,2024-03-26,,active,2024-03-26
S_001551,U_001031,Basic,2024-03-26,2024-09-22,active,2024-03-26
S_001552,U_001032,Pro,2024-10-23,2024-12-22,canceled,2024-10-23
S_001553,U_001033,Basic,2024-04-03,2024-07-02,canceled,2024-04-03
S_001554,U_001033,Pro,2024-07-15,,active,2024-07-15
S_001555,U_001034,Pro,2022-11-09,2024-02-02,canceled,2022-11-09
S_001556,U_001034,Basic,2024-02-17,,active,2024-02-17
S_001557,U_001035,Basic,2023-09-27,,active,2023-09-27
S_001558,U_001035,Basic,2023-09-27,2024-01-25,active,2023-09-27
S_001559,U_001036,Pro,2023-02-21,2024-02-16,active,2023-02-21
S_001560,U_001037,Pro,2023-11-01,2024-03-30,canceled,2023-11-01
S_001561,U_001038,Basic,2022-05-16,2024-01-06,active,2022-05-16
S_001562,U_001038,Basic,2024-02-04,2024-06-03,canceled,2024-02-04
S_001563,U_001039,Pro,2023-05-04,,active,2023-05-04
S_001564,U_001039,Basic,2023-05-04,2024-12-24,canceled,2023-05-04
S_001565,U_001040,Pro,2022-06-26,2022-11-23,canceled,2022-06-26
S_001566,U_001040,Pro,2022-11-29,2023-07-27,active,2022-11-29
S_001567,U_001041,Basic,2024-07-17,2024-11-14,canceled,2024-07-17
S_001568,U_001042,Basic,2022-04-23,2024-04-12,canceled,2022-04-23
S_001569,U_001043,Basic,2022-09-02,2023-04-30,canceled,2022-09-02
S_001570,U_001044,Basic,2022-01-24,2023-12-15,canceled,2022-01-24
S_001571,U_001045,Basic,2023-12-12,2024-02-10,canceled,2023-12-12
S_001572,U_001045,Basic,2024-02-21,,active,2024-02-21
S_001573,U_001046,Pro,2023-06-15,,active,2023-06-15
S_001574,U_001047,Basic,2022-09-17,2023-09-12,canceled,2022-09-17
S_001575,U_001048,Basic,2022-03-02,2023-10-23,canceled,2022-03-02
S_001576,U_001049,Basic,2023-07-12,2024-05-07,active,2023-07-12
S_001577,U_001049,Basic,2024-06-04,2024-08-03,canceled,2024-06-04
S_001578,U_001050,Basic,2023-06-23,2024-01-19,canceled,2023-06-23
S_001579,U_001050,Basic,2024-01-26,2024-04-25,canceled,2024-01-26
S_001580,U_001051,Pro,2024-10-13,,active,2024-10-13
S_001581,U_001052,Basic,2024-01-08,,active,2024-01-08
S_001582,U_001052,Basic,2024-01-08,,active,2024-01-08
S_001583,U_001053,Pro,2022-12-08,2024-08-29,canceled,2022-12-08
S_001584,U_001053,Basic,2024-09-05,,active,2024-09-05
S_001585,U_001054,Basic,2023-06-07,2024-10-29,canceled,2023-06-07
S_001586,U_001054,Pro,2024-11-12,,active,2024-11-12
S_001587,U_001055,Basic,2022-08-25,2023-03-23,canceled,2022-08-25
S_001588,U_001056,Basic,2022-01-06,2023-05-01,canceled,2022-01-06
S_001589,U_001056,Pro,2023-05-31,2024-07-24,canceled,2023-05-31
S_001590,U_001057,Basic,2023-05-16,2024-07-09,canceled,2023-05-16
S_001591,U_001057,Pro,2024-07-14,,active,2024-07-14
S_001592,U_001058,Enterprise,2024-01-16,,active,2024-01-16
S_001593,U_001058,Basic,2024-01-16,,active,2024-01-16
S_001594,U_001059,Basic,2023-01-02,2024-11-22,active,2023-01-02
S_001595,U_001060,Basic,2024-05-08,2024-07-07,canceled,2024-05-08
S_001596,U_001061,Basic,2023-05-24,2023-07-23,canceled,2023-05-24
S_001597,U_001061,Basic,2023-08-02,,active,2023-08-02
S_001598,U_001062,Basic,2023-07-10,2024-12-01,canceled,2023-07-10
S_001599,U_001062,Basic,2024-12-21,,active,2024-12-21
S_001600,U_001063,Enterprise,2024-02-03,2024-05-03,canceled,2024-02-03
S_001601,U_001063,Basic,2024-05-11,,active,2024-05-11
S_001602,U_001064,Pro,2022-04-18,2022-10-15,canceled,2022-04-18
S_001603,U_001064,Pro,2022-11-04,2024-01-28,canceled,2022-11-04
S_001604,U_001065,Basic,2024-11-22,,active,2024-11-22
S_001605,U_001066,Pro,2022-05-22,2024-02-11,canceled,2022-05-22
S_001606,U_001066,Basic,2024-02-25,,active,2024-02-25
S_001607,U_001067,Basic,2023-09-29,,active,2023-09-29
S_001608,U_001068,Basic,2024-07-24,,active,2024-07-24
S_001609,U_001069,Basic,2023-02-15,2024-02-10,canceled,2023-02-15
S_001610,U_001069,Pro,2024-02-25,,active,2024-02-25
S_001611,U_001070,Basic,2023-09-15,,active,2023-09-15
S_001612,U_001070,Pro,2023-09-15,,active,2023-09-15
S_001613,U_001071,Enterprise,2024-08-08,,active,2024-08-08
S_001614,U_001072,Pro,2024-10-07,,active,2024-10-07
S_001615,U_001073,Pro,2023-05-18,2024-02-12,canceled,2023-05-18
S_001616,U_001074,Basic,2024-04-19,2024-09-16,canceled,2024-04-19
S_001617,U_001075,Basic,2023-12-11,,active,2023-12-11
S_001618,U_001075,Basic,2023-12-11,2024-10-06,canceled,2023-12-11
S_001619,U_001076,Pro,2022-01-03,2022-10-30,canceled,2022-01-03
S_001620,U_001077,Basic,2022-08-01,2023-04-28,canceled,2022-08-01
S_001621,U_001078,Pro,2023-05-03,2024-09-24,canceled,2023-05-03
S_001622,U_001078,Basic,2024-10-24,,active,2024-10-24
S_001623,U_001079,Enterprise,2022-05-03,2024-01-23,active,2022-05-03
S_001624,U_001079,Pro,2024-02-03,,active,2024-02-03
S_001625,U_001080,Enterprise,2022-07-10,2024-03-31,canceled,2022-07-10
S_001626,U_001081,Pro,2024-11-30,,active,2024-11-30
S_001627,U_001082,Basic,2024-07-27,,active,2024-07-27
S_001628,U_001082,Basic,2024-07-27,2024-09-25,canceled,2024-07-27
S_001629,U_001083,Basic,2022-07-15,2022-09-13,canceled,2022-07-15
S_001630,U_001084,Basic,2024-03-18,,active,2024-03-18
S_001631,U_001084,Pro,2024-03-18,2024-09-14,canceled,2024-03-18
S_001632,U_001085,Basic,2022-05-08,2023-05-03,canceled,2022-05-08
S_001633,U_001086,Basic,2023-04-30,,active,2023-04-30
S_001634,U_001086,Pro,2023-04-30,2024-03-25,canceled,2023-04-30
S_001635,U_001087,Enterprise,2023-10-08,2024-03-06,canceled,2023-10-08
S_001636,U_001087,Basic,2024-03-21,,active,2024-03-21
S_001637,U_001088,Basic,2023-10-14,2024-12-07,canceled,2023-10-14
S_001638,U_001089,Pro,2023-04-24,2024-06-17,canceled,2023-04-24
S_001639,U_001089,Pro,2024-07-11,2024-10-09,canceled,2024-07-11
S_001640,U_001090,Pro,2022-10-06,2023-01-04,canceled,2022-10-06
S_001641,U_001091,Basic,2022-11-15,2023-03-15,canceled,2022-11-15
S_001642,U_001092,Enterprise,2024-07-09,,active,2024-07-09
S_001643,U_001093,Pro,2024-04-12,,active,2024-04-12
S_001644,U_001094,Basic,2024-01-04,2024-12-29,canceled,2024-01-04
S_001645,U_001094,Basic,2025-01-18,,active,2025-01-18
S_001646,U_001095,Pro,2023-09-24,2024-11-17,canceled,2023-09-24
S_001647,U_001095,Pro,2024-12-09,,active,2024-12-09
S_001648,U_001096,Basic,2022-09-03,2023-06-30,canceled,2022-09-03
S_001649,U_001096,Pro,2023-07-06,,active,2023-07-06
S_001650,U_001097,Basic,2023-09-16,,active,2023-09-16
S_001651,U_001098,Basic,2023-03-17,2023-06-15,canceled,2023-03-17
S_001652,U_001099,Enterprise,2022-07-06,2023-01-02,canceled,2022-07-06
S_001653,U_001100,Pro,2024-03-22,,active,2024-03-22
S_001654,U_001100,Basic,2024-03-22,,active,2024-03-22
S_001655,U_001101,Basic,2023-09-05,,active,2023-09-05
S_001656,U_001101,Pro,2023-09-05,2024-11-28,canceled,2023-09-05
S_001657,U_001102,Basic,2022-03-05,2022-10-31,canceled,2022-03-05
S_001658,U_001103,Basic,2023-05-27,2023-09-24,canceled,2023-05-27
S_001659,U_001104,Basic,2022-07-28,2023-01-24,canceled,2022-07-28
S_001660,U_001105,Basic,2022-01-25,2023-02-19,canceled,2022-01-25
S_001661,U_001105,Pro,2023-03-01,2024-11-20,canceled,2023-03-01
S_001662,U_001106,Pro,2022-09-25,2023-11-19,canceled,2022-09-25
S_001663,U_001106,Basic,2023-12-03,,active,2023-12-03
S_001664,U_001107,Basic,2024-02-02,2024-07-01,canceled,2024-02-02
S_001665,U_001107,Basic,2024-07-31,,active,2024-07-31
S_001666,U_001108,Pro,2023-06-15,2024-05-10,active,2023-06-15
S_001667,U_001109,Pro,2022-05-13,2023-04-08,canceled,2022-05-13
S_001668,U_001110,Basic,2022-09-21,2023-07-18,canceled,2022-09-21
S_001669,U_001111,Basic,2022-09-08,2023-04-06,active,2022-09-08
S_001670,U_001111,Basic,2023-04-17,2024-06-10,canceled,2023-04-17
S_001671,U_001112,Pro,2022-04-14,2022-11-10,active,2022-04-14
S_001672,U_001112,Basic,2022-11-30,2023-10-26,canceled,2022-11-30
S_001673,U_001113,Basic,2024-06-06,2024-11-03,active,2024-06-06
S_001674,U_001114,Pro,2022-03-02,2022-12-27,active,2022-03-02
S_001675,U_001115,Basic,2022-12-20,2024-08-11,active,2022-12-20
S_001676,U_001115,Basic,2024-08-19,,active,2024-08-19
S_001677,U_001116,Enterprise,2023-01-19,2024-02-13,canceled,2023-01-19
S_001678,U_001117,Basic,2024-07-02,2024-09-30,active,2024-07-02
S_001679,U_001118,Basic,2023-05-19,2024-01-14,canceled,2023-05-19
S_001680,U_001119,Pro,2024-04-23,,active,2024-04-23
S_001681,U_001120,Basic,2022-05-05,2022-09-02,canceled,2022-05-05
S_001682,U_001121,Basic,2024-02-24,,active,2024-02-24
S_001683,U_001121,Basic,2024-02-24,2024-06-23,canceled,2024-02-24
S_001684,U_001122,Basic,2023-02-13,,active,2023-02-13
S_001685,U_001123,Basic,2022-02-09,2023-07-04,canceled,2022-02-09
S_001686,U_001123,Basic,2023-07-23,2023-09-21,canceled,2023-07-23
S_001687,U_001124,Enterprise,2024-09-09,,active,2024-09-09
S_001688,U_001125,Pro,2023-12-06,2024-08-02,active,2023-12-06
S_001689,U_001125,Pro,2024-08-07,,active,2024-08-07
S_001690,U_001126,Pro,2023-10-21,2023-12-20,active,2023-10-21
S_001691,U_001127,Basic,2023-01-04,2024-12-24,canceled,2023-01-04
S_001692,U_001127,Pro,2025-01-05,,active,2025-01-05
S_001693,U_001128,Basic,2023-03-25,2024-12-14,canceled,2023-03-25
S_001694,U_001128,Basic,2025-01-03,,active,2025-01-03
S_001695,U_001129,Pro,2022-04-30,2023-11-21,canceled,2022-04-30
S_001696,U_001129,Pro,2023-12-19,,active,2023-12-19
S_001697,U_001130,Basic,2024-01-03,,active,2024-01-03
S_001698,U_001131,Enterprise,2022-11-23,2023-10-19,canceled,2022-11-23
S_001699,U_001131,Pro,2023-11-14,,active,2023-11-14
S_001700,U_001132,Basic,2023-05-09,2024-08-01,canceled,2023-05-09
S_001701,U_001132,Pro,2024-08-14,,active,2024-08-14
S_001702,U_001133,Pro,2022-04-25,2023-08-18,canceled,2022-04-25
S_001703,U_001133,Basic,2023-09-13,2023-12-12,canceled,2023-09-13
S_001704,U_001134,Basic,2024-03-06,,active,2024-03-06
S_001705,U_001135,Pro,2022-12-27,2024-08-18,canceled,2022-12-27
S_001706,U_001136,Pro,2023-10-14,2024-12-07,canceled,2023-10-14
S_001707,U_001137,Enterprise,2022-02-27,2023-09-20,canceled,2022-02-27
S_001708,U_001138,Basic,2022-10-19,2024-05-11,canceled,2022-10-19
S_001709,U_001139,Pro,2024-10-05,,active,2024-10-05
S_001710,U_001140,Basic,2022-12-26,2024-01-20,canceled,2022-12-26
S_001711,U_001140,Basic,2024-02-06,,active,2024-02-06
S_001712,U_001141,Basic,2022-07-04,2023-09-27,canceled,2022-07-04
S_001713,U_001142,Pro,2023-03-25,2024-07-17,canceled,2023-03-25
S_001714,U_001143,Pro,2024-09-05,,active,2024-09-05
S_001715,U_001144,Basic,2023-02-17,2023-06-17,canceled,2023-02-17
S_001716,U_001145,Pro,2022-12-30,2023-11-25,active,2022-12-30
S_001717,U_001146,Enterprise,2022-02-14,2022-10-12,canceled,2022-02-14
S_001718,U_001147,Basic,2022-10-18,2023-05-16,active,2022-10-18
S_001719,U_001147,Basic,2023-06-11,2024-04-06,canceled,2023-06-11
S_001720,U_001148,Enterprise,2024-01-18,,active,2024-01-18
S_001721,U_001148,Basic,2024-01-18,,active,2024-01-18
S_001722,U_001149,Basic,2024-03-21,,active,2024-03-21
S_001723,U_001149,Basic,2024-03-21,,active,2024-03-21
S_001724,U_001150,Pro,2023-11-21,,active,2023-11-21
S_001725,U_001150,Basic,2023-11-21,,active,2023-11-21
S_001726,U_001151,Basic,2022-10-07,2023-11-01,canceled,2022-10-07
S_001727,U_001152,Pro,2024-09-24,,active,2024-09-24
S_001728,U_001152,Pro,2024-09-24,,active,2024-09-24
S_001729,U_001153,Pro,2024-01-01,,active,2024-01-01
S_001730,U_001153,Pro,2024-01-01,,active,2024-01-01
S_001731,U_001154,Enterprise,2022-12-26,2024-02-19,canceled,2022-12-26
S_001732,U_001154,Pro,2024-03-10,2024-07-08,canceled,2024-03-10
S_001733,U_001155,Basic,2023-08-27,,active,2023-08-27
S_001734,U_001156,Basic,2022-01-04,2022-12-30,canceled,2022-01-04
S_001735,U_001157,Basic,2022-03-08,2023-09-29,canceled,2022-03-08
S_001736,U_001158,Pro,2023-10-14,2024-03-12,canceled,2023-10-14
S_001737,U_001159,Enterprise,2022-08-02,2023-11-25,canceled,2022-08-02
S_001738,U_001160,Basic,2023-11-10,,active,2023-11-10
S_001739,U_001160,Basic,2023-11-10,,active,2023-11-10
S_001740,U_001161,Basic,2023-12-12,2024-05-10,canceled,2023-12-12
S_001741,U_001162,Enterprise,2022-07-01,2023-05-27,active,2022-07-01
S_001742,U_001163,Pro,2022-01-24,2023-04-19,canceled,2022-01-24
S_001743,U_001163,Enterprise,2023-04-28,2023-08-26,canceled,2023-04-28
S_001744,U_001164,Basic,2023-05-27,,active,2023-05-27
S_001745,U_001165,Pro,2023-06-10,2023-09-08,canceled,2023-06-10
S_001746,U_001166,Pro,2022-04-09,2023-11-30,active,2022-04-09
S_001747,U_001166,Pro,2023-12-12,,active,2023-12-12
S_001748,U_001167,Basic,2024-05-09,2024-11-05,canceled,2024-05-09
S_001749,U_001168,Basic,2024-10-06,,active,2024-10-06
S_001750,U_001169,Basic,2024-02-08,,active,2024-02-08
S_001751,U_001169,Pro,2024-02-08,,active,2024-02-08
S_001752,U_001170,Basic,2023-04-07,2023-07-06,canceled,2023-04-07
S_001753,U_001171,Basic,2022-05-31,2022-09-28,canceled,2022-05-31
S_001754,U_001171,Basic,2022-10-24,2023-12-18,canceled,2022-10-24
S_001755,U_001172,Basic,2022-02-11,2022-09-09,canceled,2022-02-11
S_001756,U_001173,Basic,2022-08-03,2024-02-24,canceled,2022-08-03
S_001757,U_001174,Basic,2022-12-15,2024-11-04,canceled,2022-12-15
S_001758,U_001174,Basic,2024-11-22,,active,2024-11-22
S_001759,U_001175,Basic,2022-06-03,2023-04-29,canceled,2022-06-03
S_001760,U_001176,Basic,2023-11-24,2024-02-22,canceled,2023-11-24
S_001761,U_001176,Basic,2024-02-27,,active,2024-02-27
S_001762,U_001177,Basic,2024-09-15,2024-11-14,canceled,2024-09-15
S_001763,U_001177,Basic,2024-12-14,,active,2024-12-14
S_001764,U_001178,Pro,2022-12-04,2023-08-01,canceled,2022-12-04
S_001765,U_001178,Basic,2023-08-21,2024-01-18,canceled,2023-08-21
S_001766,U_001179,Basic,2022-11-18,2023-05-17,active,2022-11-18
S_001767,U_001180,Basic,2023-11-10,2024-03-09,canceled,2023-11-10
S_001768,U_001181,Pro,2024-04-18,,active,2024-04-18
S_001769,U_001181,Enterprise,2024-04-18,,active,2024-04-18
S_001770,U_001182,Basic,2023-06-28,2024-09-20,canceled,2023-06-28
S_001771,U_001182,Pro,2024-10-05,2024-12-04,canceled,2024-10-05
S_001772,U_001183,Basic,2023-05-02,,active,2023-05-02
S_001773,U_001183,Pro,2023-05-02,2024-01-27,canceled,2023-05-02
S_001774,U_001184,Pro,2024-03-15,,active,2024-03-15
S_001775,U_001184,Pro,2024-03-15,,active,2024-03-15
S_001776,U_001185,Basic,2024-10-02,,active,2024-10-02
S_001777,U_001186,Basic,2024-01-09,2024-05-08,canceled,2024-01-09
S_001778,U_001186,Basic,2024-05-13,,active,2024-05-13
S_001779,U_001187,Pro,2022-06-29,2022-12-26,canceled,2022-06-29
S_001780,U_001188,Basic,2024-09-10,,active,2024-09-10
S_001781,U_001188,Basic,2024-09-10,,active,2024-09-10
S_001782,U_001189,Pro,2022-02-22,2023-11-14,canceled,2022-02-22
S_001783,U_001189,Pro,2023-11-28,,active,2023-11-28
S_001784,U_001190,Basic,2023-08-21,,active,2023-08-21
S_001785,U_001190,Basic,2023-08-21,,active,2023-08-21
S_001786,U_001191,Basic,2022-08-25,2022-12-23,canceled,2022-08-25
S_001787,U_001192,Basic,2024-08-22,,active,2024-08-22
S_001788,U_001193,Pro,2022-07-06,2024-03-27,canceled,2022-07-06
S_001789,U_001193,Enterprise,2024-04-11,,active,2024-04-11
S_001790,U_001194,Basic,2023-01-14,2024-02-08,active,2023-01-14
S_001791,U_001195,Basic,2024-01-27,,active,2024-01-27
S_001792,U_001195,Basic,2024-01-27,,active,2024-01-27
S_001793,U_001196,Pro,2022-04-02,2022-11-28,canceled,2022-04-02
S_001794,U_001196,Basic,2022-12-28,2024-12-17,canceled,2022-12-28
S_001795,U_001197,Pro,2024-08-10,,active,2024-08-10
S_001796,U_001197,Basic,2024-08-10,,active,2024-08-10
S_001797,U_001198,Basic,2023-07-05,2024-05-30,canceled,2023-07-05
S_001798,U_001199,Basic,2022-11-06,2024-08-27,active,2022-11-06
S_001799,U_001199,Basic,2024-09-12,,active,2024-09-12
S_001800,U_001200,Enterprise,2023-12-06,,active,2023-12-06
S_001801,U_001200,Basic,2023-12-06,2024-06-03,canceled,2023-12-06
S_001802,U_001201,Basic,2023-04-11,2024-06-04,active,2023-04-11
S_001803,U_001201,Basic,2024-06-21,,active,2024-06-21
S_001804,U_001202,Enterprise,2024-03-03,,active,2024-03-03
S_001805,U_001202,Enterprise,2024-03-03,,active,2024-03-03
S_001806,U_001203,Basic,2025-01-01,,active,2025-01-01
S_001807,U_001203,Basic,2025-01-01,,active,2025-01-01
S_001808,U_001204,Pro,2023-04-28,2024-09-19,canceled,2023-04-28
S_001809,U_001204,Basic,2024-10-09,,active,2024-10-09
S_001810,U_001205,Basic,2022-06-11,2022-11-08,canceled,2022-06-11
S_001811,U_001206,Basic,2024-10-25,,active,2024-10-25
S_001812,U_001207,Basic,2022-10-29,2024-05-21,canceled,2022-10-29
S_001813,U_001207,Basic,2024-06-20,,active,2024-06-20
S_001814,U_001208,Basic,2022-12-21,2024-11-10,canceled,2022-12-21
S_001815,U_001208,Basic,2024-11-15,,active,2024-11-15
S_001816,U_001209,Basic,2023-01-30,2023-10-27,canceled,2023-01-30
S_001817,U_001209,Pro,2023-11-20,2024-09-15,active,2023-11-20
S_001818,U_001210,Basic,2024-05-17,,active,2024-05-17
S_001819,U_001211,Pro,2023-02-18,2023-09-16,active,2023-02-18
S_001820,U_001211,Basic,2023-10-03,,active,2023-10-03
S_001821,U_001212,Enterprise,2023-06-13,2023-10-11,canceled,2023-06-13
S_001822,U_001213,Pro,2022-06-28,2022-11-25,canceled,2022-06-28
S_001823,U_001213,Basic,2022-12-13,2024-04-06,canceled,2022-12-13
S_001824,U_001214,Basic,2024-03-24,2024-05-23,canceled,2024-03-24
S_001825,U_001215,Basic,2023-07-20,,active,2023-07-20
S_001826,U_001215,Pro,2023-07-20,2024-11-11,canceled,2023-07-20
S_001827,U_001216,Basic,2022-01-26,2023-05-21,canceled,2022-01-26
S_001828,U_001217,Pro,2024-12-06,,active,2024-12-06
S_001829,U_001217,Basic,2024-12-06,,active,2024-12-06
S_001830,U_001218,Pro,2024-04-28,,active,2024-04-28
S_001831,U_001219,Pro,2022-07-25,2024-01-16,canceled,2022-07-25
S_001832,U_001219,Basic,2024-01-21,,active,2024-01-21
S_001833,U_001220,Pro,2022-07-26,2024-04-16,canceled,2022-07-26
S_001834,U_001220,Pro,2024-04-25,,active,2024-04-25
S_001835,U_001221,Basic,2023-12-06,,active,2023-12-06
S_001836,U_001221,Basic,2023-12-06,2024-11-30,canceled,2023-12-06
S_001837,U_001222,Pro,2024-02-24,2024-11-20,canceled,2024-02-24
S_001838,U_001223,Pro,2024-08-26,,active,2024-08-26
S_001839,U_001224,Pro,2023-07-19,2023-11-16,canceled,2023-07-19
S_001840,U_001225,Basic,2024-04-02,,active,2024-04-02
S_001841,U_001226,Basic,2023-11-10,,active,2023-11-10
S_001842,U_001226,Basic,2023-11-10,,active,2023-11-10
S_001843,U_001227,Basic,2024-08-31,,active,2024-08-31
S_001844,U_001227,Basic,2024-08-31,,active,2024-08-31
S_001845,U_001228,Enterprise,2022-02-11,2022-12-08,canceled,2022-02-11
S_001846,U_001228,Basic,2022-12-18,2024-08-09,canceled,2022-12-18
S_001847,U_001229,Pro,2023-09-29,2024-11-22,canceled,2023-09-29
S_001848,U_001230,Basic,2022-07-21,2023-02-16,canceled,2022-07-21
S_001849,U_001231,Basic,2023-09-08,,active,2023-09-08
S_001850,U_001232,Basic,2023-07-06,2024-05-31,canceled,2023-07-06
S_001851,U_001232,Basic,2024-06-18,,active,2024-06-18
S_001852,U_001233,Basic,2022-07-02,2023-01-28,canceled,2022-07-02
S_001853,U_001234,Pro,2023-03-09,2024-10-29,canceled,2023-03-09
S_001854,U_001235,Basic,2024-11-23,,active,2024-11-23
S_001855,U_001236,Pro,2024-11-21,,active,2024-11-21
S_001856,U_001236,Basic,2024-11-21,,active,2024-11-21
S_001857,U_001237,Basic,2023-09-30,2024-02-27,canceled,2023-09-30
S_001858,U_001238,Basic,2022-10-05,2024-01-28,canceled,2022-10-05
S_001859,U_001239,Basic,2022-03-01,2022-09-27,canceled,2022-03-01
S_001860,U_001240,Pro,2023-02-16,2023-12-13,canceled,2023-02-16
S_001861,U_001240,Basic,2023-12-18,2024-03-17,canceled,2023-12-18
S_001862,U_001241,Basic,2022-03-09,2022-09-05,canceled,2022-03-09
S_001863,U_001242,Basic,2024-01-09,2024-11-04,canceled,2024-01-09
S_001864,U_001242,Basic,2024-11-23,,active,2024-11-23
S_001865,U_001243,Basic,2024-01-25,,active,2024-01-25
S_001866,U_001244,Basic,2024-03-23,,active,2024-03-23
S_001867,U_001245,Basic,2023-05-11,2024-09-02,canceled,2023-05-11
S_001868,U_001246,Basic,2024-07-02,,active,2024-07-02
S_001869,U_001246,Pro,2024-07-02,,active,2024-07-02
S_001870,U_001247,Pro,2023-12-18,,active,2023-12-18
S_001871,U_001247,Pro,2023-12-18,,active,2023-12-18
S_001872,U_001248,Basic,2023-06-14,2024-09-06,canceled,2023-06-14
S_001873,U_001248,Basic,2024-09-26,2024-12-25,canceled,2024-09-26
S_001874,U_001249,Pro,2022-02-26,2022-07-26,canceled,2022-02-26
S_001875,U_001249,Basic,2022-08-13,2023-07-09,canceled,2022-08-13
S_001876,U_001250,Basic,2022-11-30,2023-01-29,canceled,2022-11-30
S_001877,U_001250,Pro,2023-02-27,2023-08-26,canceled,2023-02-27
S_001878,U_001251,Pro,2023-03-30,2024-02-23,canceled,2023-03-30
S_001879,U_001252,Enterprise,2023-07-06,2024-10-28,canceled,2023-07-06
S_001880,U_001253,Pro,2022-02-11,2023-03-08,active,2022-02-11
S_001881,U_001253,Basic,2023-03-27,2023-06-25,canceled,2023-03-27
S_001882,U_001254,Basic,2022-09-28,2022-12-27,canceled,2022-09-28
S_001883,U_001255,Basic,2022-01-18,2022-12-14,canceled,2022-01-18
S_001884,U_001255,Basic,2023-01-04,2023-04-04,active,2023-01-04
S_001885,U_001256,Basic,2023-09-18,2024-05-15,canceled,2023-09-18
S_001886,U_001257,Basic,2024-02-11,2024-07-10,canceled,2024-02-11
S_001887,U_001258,Basic,2023-06-01,2024-11-22,canceled,2023-06-01
S_001888,U_001258,Basic,2024-12-13,,active,2024-12-13
S_001889,U_001259,Basic,2023-09-11,,active,2023-09-11
S_001890,U_001259,Basic,2023-09-11,,active,2023-09-11
S_001891,U_001260,Basic,2024-03-24,2024-06-22,active,2024-03-24
S_001892,U_001260,Basic,2024-07-15,,active,2024-07-15
S_001893,U_001261,Basic,2022-01-16,2023-07-10,canceled,2022-01-16
S_001894,U_001261,Basic,2023-08-08,,active,2023-08-08
S_001895,U_001262,Enterprise,2023-08-02,2024-01-29,active,2023-08-02
S_001896,U_001263,Pro,2024-09-13,,active,2024-09-13
S_001897,U_001263,Pro,2024-09-13,,active,2024-09-13
S_001898,U_001264,Basic,2023-07-21,2024-03-17,canceled,2023-07-21
S_001899,U_001264,Basic,2024-04-03,2024-12-29,canceled,2024-04-03
S_001900,U_001265,Enterprise,2023-06-19,2024-02-14,canceled,2023-06-19
S_001901,U_001266,Pro,2022-11-04,2023-05-03,canceled,2022-11-04
S_001902,U_001266,Basic,2023-05-26,2024-01-21,canceled,2023-05-26
S_001903,U_001267,Pro,2022-04-27,2023-02-21,canceled,2022-04-27
S_001904,U_001268,Basic,2023-10-17,2024-05-14,active,2023-10-17
S_001905,U_001269,Basic,2024-10-15,,active,2024-10-15
S_001906,U_001270,Pro,2024-05-07,,active,2024-05-07
S_001907,U_001270,Pro,2024-05-07,,active,2024-05-07
S_001908,U_001271,Pro,2022-03-14,2023-03-09,canceled,2022-03-14
S_001909,U_001271,Pro,2023-04-04,,active,2023-04-04
S_001910,U_001272,Pro,2023-01-24,2023-10-21,canceled,2023-01-24
S_001911,U_001272,Basic,2023-10-26,2024-08-21,canceled,2023-10-26
S_001912,U_001273,Basic,2024-12-30,,active,2024-12-30
S_001913,U_001273,Basic,2024-12-30,,active,2024-12-30
S_001914,U_001274,Pro,2024-11-04,,active,2024-11-04
S_001915,U_001274,Basic,2024-11-04,,active,2024-11-04
S_001916,U_001275,Pro,2023-01-06,2023-10-03,active,2023-01-06
S_001917,U_001276,Enterprise,2024-08-22,,active,2024-08-22
S_001918,U_001276,Pro,2024-08-22,,active,2024-08-22
S_001919,U_001277,Basic,2023-01-10,2024-03-05,canceled,2023-01-10
S_001920,U_001277,Basic,2024-03-20,2024-12-15,canceled,2024-03-20
S_001921,U_001278,Pro,2023-04-01,2023-06-30,canceled,2023-04-01
S_001922,U_001279,Basic,2023-09-21,2023-11-20,canceled,2023-09-21
S_001923,U_001280,Basic,2024-02-01,,active,2024-02-01
S_001924,U_001281,Enterprise,2023-08-26,2024-10-19,canceled,2023-08-26
S_001925,U_001281,Basic,2024-11-05,,active,2024-11-05
S_001926,U_001282,Basic,2024-08-21,,active,2024-08-21
S_001927,U_001282,Basic,2024-08-21,,active,2024-08-21
S_001928,U_001283,Basic,2022-05-26,2022-09-23,canceled,2022-05-26
S_001929,U_001283,Pro,2022-09-30,2022-11-29,canceled,2022-09-30
S_001930,U_001284,Pro,2024-10-21,,active,2024-10-21
S_001931,U_001284,Pro,2024-10-21,,active,2024-10-21
S_001932,U_001285,Basic,2024-12-21,,active,2024-12-21
S_001933,U_001286,Basic,2022-04-21,2023-05-16,canceled,2022-04-21
S_001934,U_001287,Pro,2023-02-15,2023-06-15,canceled,2023-02-15
S_001935,U_001287,Basic,2023-06-29,2023-09-27,active,2023-06-29
S_001936,U_001288,Pro,2024-07-26,,active,2024-07-26
S_001937,U_001289,Pro,2023-01-05,2024-05-29,canceled,2023-01-05
S_001938,U_001290,Pro,2023-11-13,,active,2023-11-13
S_001939,U_001290,Basic,2023-11-13,,active,2023-11-13
S_001940,U_001291,Basic,2022-04-29,2023-08-22,canceled,2022-04-29
S_001941,U_001291,Basic,2023-09-04,,active,2023-09-04
S_001942,U_001292,Basic,2023-07-15,2024-04-10,canceled,2023-07-15
S_001943,U_001293,Pro,2022-11-21,2024-10-11,canceled,2022-11-21
S_001944,U_001293,Pro,2024-10-31,,active,2024-10-31
S_001945,U_001294,Basic,2022-09-23,2024-09-12,active,2022-09-23
S_001946,U_001294,Pro,2024-09-30,,active,2024-09-30
S_001947,U_001295,Pro,2024-05-29,,active,2024-05-29
S_001948,U_001295,Basic,2024-05-29,2024-11-25,canceled,2024-05-29
S_001949,U_001296,Basic,2024-09-04,,active,2024-09-04
S_001950,U_001297,Basic,2022-03-19,2023-07-12,canceled,2022-03-19
S_001951,U_001298,Basic,2024-02-04,,active,2024-02-04
S_001952,U_001299,Basic,2024-12-23,,active,2024-12-23
S_001953,U_001299,Basic,2024-12-23,,active,2024-12-23
S_001954,U_001300,Enterprise,2022-01-09,2023-11-30,active,2022-01-09
S_001955,U_001301,Enterprise,2023-12-07,2024-08-03,active,2023-12-07
S_001956,U_001301,Basic,2024-08-28,,active,2024-08-28
S_001957,U_001302,Basic,2022-07-30,2022-11-27,canceled,2022-07-30
S_001958,U_001302,Basic,2022-12-27,2023-07-25,active,2022-12-27
S_001959,U_001303,Pro,2023-09-19,2024-09-13,canceled,2023-09-19
S_001960,U_001303,Pro,2024-09-28,,active,2024-09-28
S_001961,U_001304,Pro,2022-04-04,2023-11-25,active,2022-04-04
S_001962,U_001304,Basic,2023-12-05,2024-07-02,active,2023-12-05
S_001963,U_001305,Basic,2024-07-22,,active,2024-07-22
S_001964,U_001306,Basic,2024-12-09,,active,2024-12-09
S_001965,U_001307,Basic,2022-10-02,2024-02-24,active,2022-10-02
S_001966,U_001308,Basic,2024-01-06,2024-03-06,canceled,2024-01-06
S_001967,U_001309,Pro,2024-04-06,,active,2024-04-06
S_001968,U_001309,Basic,2024-04-06,2024-09-03,canceled,2024-04-06
S_001969,U_001310,Basic,2023-04-05,2024-03-30,canceled,2023-04-05
S_001970,U_001311,Basic,2022-02-14,2023-08-08,active,2022-02-14
S_001971,U_001311,Enterprise,2023-09-01,2024-04-28,canceled,2023-09-01
S_001972,U_001312,Basic,2022-12-13,2024-08-04,canceled,2022-12-13
S_001973,U_001313,Basic,2022-03-18,2023-03-13,canceled,2022-03-18
S_001974,U_001313,Pro,2023-04-05,2023-08-03,canceled,2023-04-05
S_001975,U_001314,Enterprise,2024-12-31,,active,2024-12-31
S_001976,U_001314,Basic,2024-12-31,,active,2024-12-31
S_001977,U_001315,Basic,2022-04-09,2023-03-05,active,2022-04-09
S_001978,U_001316,Pro,2022-04-09,2023-11-30,canceled,2022-04-09
S_001979,U_001317,Basic,2024-06-28,2024-09-26,canceled,2024-06-28
S_001980,U_001318,Basic,2023-06-02,2024-08-25,canceled,2023-06-02
S_001981,U_001319,Basic,2023-02-25,2024-09-17,active,2023-02-25
S_001982,U_001319,Basic,2024-09-22,,active,2024-09-22
S_001983,U_001320,Pro,2024-05-11,,active,2024-05-11
S_001984,U_001320,Basic,2024-05-11,,active,2024-05-11
S_001985,U_001321,Basic,2023-07-07,,active,2023-07-07
S_001986,U_001322,Pro,2022-10-08,2023-07-05,active,2022-10-08
S_001987,U_001322,Basic,2023-07-22,2024-07-16,canceled,2023-07-22
S_001988,U_001323,Basic,2024-11-13,,active,2024-11-13
S_001989,U_001324,Basic,2023-08-02,2024-04-28,active,2023-08-02
S_001990,U_001325,Basic,2024-10-16,,active,2024-10-16
S_001991,U_001326,Pro,2023-02-14,,active,2023-02-14
S_001992,U_001327,Basic,2023-02-18,2024-05-13,canceled,2023-02-18
S_001993,U_001327,Basic,2024-05-23,,active,2024-05-23
S_001994,U_001328,Enterprise,2023-08-28,,active,2023-08-28
S_001995,U_001328,Basic,2023-08-28,2023-12-26,canceled,2023-08-28
S_001996,U_001329,Pro,2024-10-13,2024-12-12,active,2024-10-13
S_001997,U_001330,Enterprise,2023-11-09,2024-04-07,canceled,2023-11-09
S_001998,U_001330,Basic,2024-04-22,,active,2024-04-22
S_001999,U_001331,Basic,2022-01-27,2023-06-21,canceled,2022-01-27
S_002000,U_001331,Pro,2023-07-04,2024-07-28,canceled,2023-07-04
S_002001,U_001332,Basic,2024-10-08,,active,2024-10-08
S_002002,U_001333,Pro,2024-11-13,,active,2024-11-13
S_002003,U_001333,Pro,2024-11-13,,active,2024-11-13
S_002004,U_001334,Basic,2023-06-09,2024-06-03,canceled,2023-06-09
S_002005,U_001335,Basic,2023-08-30,,active,2023-08-30
S_002006,U_001336,Basic,2022-04-13,2023-06-07,canceled,2022-04-13
S_002007,U_001336,Basic,2023-06-25,2024-12-16,canceled,2023-06-25
S_002008,U_001337,Basic,2022-03-22,2023-12-12,canceled,2022-03-22
S_002009,U_001338,Enterprise,2023-10-03,2024-06-29,active,2023-10-03
S_002010,U_001339,Basic,2022-07-14,2023-11-06,canceled,2022-07-14
S_002011,U_001339,Basic,2023-12-01,2024-02-29,canceled,2023-12-01
S_002012,U_001340,Basic,2022-10-11,2022-12-10,active,2022-10-11
S_002013,U_001341,Basic,2024-01-03,2024-03-03,active,2024-01-03
S_002014,U_001341,Basic,2024-03-22,2024-08-19,canceled,2024-03-22
S_002015,U_001342,Basic,2023-07-04,2024-11-25,canceled,2023-07-04
S_002016,U_001343,Basic,2023-12-03,2024-03-02,canceled,2023-12-03
S_002017,U_001343,Basic,2024-03-27,,active,2024-03-27
S_002018,U_001344,Basic,2024-03-31,2024-08-28,canceled,2024-03-31
S_002019,U_001344,Pro,2024-09-11,,active,2024-09-11
S_002020,U_001345,Pro,2023-07-11,2024-01-07,canceled,2023-07-11
S_002021,U_001345,Enterprise,2024-01-25,,active,2024-01-25
S_002022,U_001346,Basic,2024-05-13,,active,2024-05-13
S_002023,U_001346,Pro,2024-05-13,,active,2024-05-13
S_002024,U_001347,Basic,2022-09-29,2023-08-25,canceled,2022-09-29
S_002025,U_001348,Pro,2022-08-01,2024-01-23,canceled,2022-08-01
S_002026,U_001349,Basic,2024-09-15,,active,2024-09-15
S_002027,U_001349,Pro,2024-09-15,,active,2024-09-15
S_002028,U_001350,Basic,2023-01-07,2023-09-04,canceled,2023-01-07
S_002029,U_001351,Basic,2024-01-05,2024-11-30,active,2024-01-05
S_002030,U_001352,Pro,2022-09-25,2024-04-17,active,2022-09-25
S_002031,U_001353,Enterprise,2022-08-20,2024-07-10,canceled,2022-08-20
S_002032,U_001353,Pro,2024-07-27,2024-10-25,canceled,2024-07-27
S_002033,U_001354,Pro,2022-04-05,2023-01-30,canceled,2022-04-05
S_002034,U_001355,Basic,2023-10-06,,active,2023-10-06
S_002035,U_001356,Basic,2023-04-04,2024-08-26,canceled,2023-04-04
S_002036,U_001357,Basic,2024-12-07,,active,2024-12-07
S_002037,U_001357,Basic,2024-12-07,,active,2024-12-07
S_002038,U_001358,Basic,2024-06-05,2025-01-01,canceled,2024-06-05
S_002039,U_001359,Pro,2023-12-10,2024-02-08,canceled,2023-12-10
S_002040,U_001360,Basic,2022-04-22,2024-03-12,canceled,2022-04-22
S_002041,U_001361,Pro,2024-11-01,,active,2024-11-01
S_002042,U_001362,Basic,2022-12-05,2023-09-01,canceled,2022-12-05
S_002043,U_001363,Basic,2023-10-19,,active,2023-10-19
S_002044,U_001363,Basic,2023-10-19,2024-04-16,canceled,2023-10-19
S_002045,U_001364,Enterprise,2023-07-24,2024-06-18,canceled,2023-07-24
S_002046,U_001364,Pro,2024-07-12,2024-12-09,canceled,2024-07-12
S_002047,U_001365,Basic,2023-04-02,2023-08-30,canceled,2023-04-02
S_002048,U_001365,Pro,2023-09-10,,active,2023-09-10
S_002049,U_001366,Basic,2024-04-05,,active,2024-04-05
S_002050,U_001367,Enterprise,2024-07-29,,active,2024-07-29
S_002051,U_001368,Pro,2024-07-06,,active,2024-07-06
S_002052,U_001369,Pro,2024-07-04,2024-11-01,canceled,2024-07-04
S_002053,U_001370,Basic,2024-10-15,,active,2024-10-15
S_002054,U_001371,Pro,2024-04-06,,active,2024-04-06
S_002055,U_001372,Pro,2022-01-01,2022-03-02,canceled,2022-01-01
S_002056,U_001373,Basic,2023-09-16,2024-03-14,canceled,2023-09-16
S_002057,U_001374,Pro,2023-02-28,2024-02-23,active,2023-02-28
S_002058,U_001375,Basic,2024-01-15,2024-09-11,active,2024-01-15
S_002059,U_001375,Basic,2024-09-20,,active,2024-09-20
S_002060,U_001376,Pro,2024-07-19,,active,2024-07-19
S_002061,U_001377,Basic,2024-08-26,,active,2024-08-26
S_002062,U_001378,Basic,2022-08-22,2022-10-21,canceled,2022-08-22
S_002063,U_001378,Basic,2022-10-31,2023-01-29,canceled,2022-10-31
S_002064,U_001379,Basic,2022-01-05,2022-06-04,active,2022-01-05
S_002065,U_001379,Basic,2022-06-13,2023-01-09,canceled,2022-06-13
S_002066,U_001380,Pro,2023-08-21,,active,2023-08-21
S_002067,U_001380,Basic,2023-08-21,2024-12-13,canceled,2023-08-21
S_002068,U_001381,Basic,2024-02-05,,active,2024-02-05
S_002069,U_001382,Pro,2022-12-03,2024-01-27,canceled,2022-12-03
S_002070,U_001382,Basic,2024-02-16,2024-08-14,canceled,2024-02-16
S_002071,U_001383,Basic,2024-04-18,,active,2024-04-18
S_002072,U_001383,Basic,2024-04-18,2024-10-15,canceled,2024-04-18
S_002073,U_001384,Basic,2023-02-06,,active,2023-02-06
S_002074,U_001384,Basic,2023-02-06,2024-12-27,canceled,2023-02-06
S_002075,U_001385,Basic,2024-03-15,,active,2024-03-15
S_002076,U_001385,Enterprise,2024-03-15,2024-08-12,canceled,2024-03-15
S_002077,U_001386,Pro,2023-01-26,2024-12-16,active,2023-01-26
S_002078,U_001386,Basic,2025-01-09,,active,2025-01-09
S_002079,U_001387,Pro,2024-04-28,,active,2024-04-28
S_002080,U_001388,Basic,2022-09-10,2022-11-09,canceled,2022-09-10
S_002081,U_001389,Basic,2024-10-29,2024-12-28,canceled,2024-10-29
S_002082,U_001389,Basic,2025-01-07,,active,2025-01-07
S_002083,U_001390,Basic,2022-01-09,2022-11-05,canceled,2022-01-09
S_002084,U_001390,Basic,2022-11-30,2024-08-21,canceled,2022-11-30
S_002085,U_001391,Basic,2024-06-05,,active,2024-06-05
S_002086,U_001392,Pro,2024-11-07,,active,2024-11-07
S_002087,U_001393,Pro,2022-12-22,2024-01-16,canceled,2022-12-22
S_002088,U_001394,Basic,2024-03-04,,active,2024-03-04
S_002089,U_001394,Enterprise,2024-03-04,2024-05-03,canceled,2024-03-04
S_002090,U_001395,Basic,2023-10-22,2024-01-20,canceled,2023-10-22
S_002091,U_001396,Basic,2024-05-07,,active,2024-05-07
S_002092,U_001397,Pro,2023-07-15,2024-04-10,canceled,2023-07-15
S_002093,U_001397,Basic,2024-04-21,2024-07-20,canceled,2024-04-21
S_002094,U_001398,Basic,2023-08-26,2024-06-21,canceled,2023-08-26
S_002095,U_001398,Pro,2024-07-10,2024-11-07,canceled,2024-07-10
S_002096,U_001399,Basic,2022-10-10,2023-08-06,canceled,2022-10-10
S_002097,U_001400,Basic,2024-11-15,,active,2024-11-15
S_002098,U_001401,Basic,2023-10-05,,active,2023-10-05
S_002099,U_001401,Pro,2023-10-05,2023-12-04,active,2023-10-05
S_002100,U_001402,Pro,2023-02-16,2024-02-11,canceled,2023-02-16
S_002101,U_001403,Enterprise,2023-08-19,2024-06-14,canceled,2023-08-19
S_002102,U_001404,Enterprise,2022-12-31,2024-04-24,canceled,2022-12-31
S_002103,U_001404,Basic,2024-05-04,2024-10-01,active,2024-05-04
S_002104,U_001405,Pro,2023-10-23,2024-06-19,canceled,2023-10-23
S_002105,U_001406,Pro,2024-09-10,,active,2024-09-10
S_002106,U_001407,Pro,2024-05-04,2024-12-30,canceled,2024-05-04
S_002107,U_001408,Pro,2024-05-15,,active,2024-05-15
S_002108,U_001409,Basic,2022-08-07,2023-04-04,canceled,2022-08-07
S_002109,U_001410,Pro,2022-10-25,2024-01-18,canceled,2022-10-25
S_002110,U_001410,Pro,2024-01-25,2024-08-22,canceled,2024-01-25
S_002111,U_001411,Basic,2023-02-14,2024-09-06,canceled,2023-02-14
S_002112,U_001412,Basic,2023-08-10,2024-03-07,canceled,2023-08-10
S_002113,U_001413,Basic,2022-05-08,2023-02-02,canceled,2022-05-08
S_002114,U_001413,Basic,2023-02-12,2024-08-05,canceled,2023-02-12
S_002115,U_001414,Pro,2022-03-08,2022-10-04,active,2022-03-08
S_002116,U_001414,Basic,2022-10-28,2024-06-19,canceled,2022-10-28
S_002117,U_001415,Basic,2022-07-29,2023-11-21,canceled,2022-07-29
S_002118,U_001415,Pro,2023-12-04,2024-02-02,canceled,2023-12-04
S_002119,U_001416,Pro,2023-04-05,2024-07-28,active,2023-04-05
S_002120,U_001416,Basic,2024-08-20,,active,2024-08-20
S_002121,U_001417,Enterprise,2023-05-02,2024-01-27,canceled,2023-05-02
S_002122,U_001418,Basic,2022-04-07,2023-06-01,active,2022-04-07
S_002123,U_001419,Basic,2024-05-03,2024-11-29,canceled,2024-05-03
S_002124,U_001420,Basic,2022-04-21,2022-07-20,canceled,2022-04-21
S_002125,U_001421,Basic,2023-02-20,2024-09-12,canceled,2023-02-20
S_002126,U_001422,Basic,2023-04-07,2024-04-01,canceled,2023-04-07
S_002127,U_001423,Basic,2023-02-07,2023-10-05,canceled,2023-02-07
S_002128,U_001424,Pro,2024-07-08,2024-11-05,canceled,2024-07-08
S_002129,U_001425,Basic,2023-01-18,2024-11-08,canceled,2023-01-18
S_002130,U_001425,Pro,2024-12-06,,active,2024-12-06
S_002131,U_001426,Pro,2022-09-02,2023-08-28,canceled,2022-09-02
S_002132,U_001427,Pro,2024-05-27,,active,2024-05-27
S_002133,U_001428,Pro,2023-06-26,2023-08-25,canceled,2023-06-26
S_002134,U_001429,Basic,2023-06-07,2024-02-02,canceled,2023-06-07
S_002135,U_001430,Basic,2024-08-13,,active,2024-08-13
S_002136,U_001431,Basic,2022-11-11,2024-09-01,canceled,2022-11-11
S_002137,U_001431,Basic,2024-09-25,,active,2024-09-25
S_002138,U_001432,Basic,2022-04-15,2024-03-05,canceled,2022-04-15
S_002139,U_001432,Pro,2024-03-26,,active,2024-03-26
S_002140,U_001433,Basic,2024-10-01,,active,2024-10-01
S_002141,U_001433,Pro,2024-10-01,,active,2024-10-01
S_002142,U_001434,Basic,2024-01-04,,active,2024-01-04
S_002143,U_001434,Enterprise,2024-01-04,2024-05-03,canceled,2024-01-04
S_002144,U_001435,Basic,2024-12-12,,active,2024-12-12
S_002145,U_001435,Basic,2024-12-12,,active,2024-12-12
S_002146,U_001436,Basic,2024-12-02,,active,2024-12-02
S_002147,U_001437,Basic,2022-11-23,2023-02-21,canceled,2022-11-23
S_002148,U_001438,Basic,2024-04-06,,active,2024-04-06
S_002149,U_001439,Basic,2023-03-30,2024-09-20,canceled,2023-03-30
S_002150,U_001439,Basic,2024-09-29,,active,2024-09-29
S_002151,U_001440,Basic,2023-11-10,2024-05-08,canceled,2023-11-10
S_002152,U_001441,Enterprise,2023-03-24,2024-04-17,canceled,2023-03-24
S_002153,U_001442,Pro,2024-08-30,,active,2024-08-30
S_002154,U_001442,Basic,2024-08-30,2024-11-28,canceled,2024-08-30
S_002155,U_001443,Basic,2022-08-23,2023-04-20,canceled,2022-08-23
S_002156,U_001443,Pro,2023-05-14,2024-12-04,canceled,2023-05-14
S_002157,U_001444,Pro,2023-05-08,,active,2023-05-08
S_002158,U_001445,Basic,2023-05-15,2023-08-13,canceled,2023-05-15
S_002159,U_001446,Pro,2024-02-21,2024-12-17,active,2024-02-21
S_002160,U_001447,Basic,2023-06-10,2024-04-05,active,2023-06-10
S_002161,U_001448,Basic,2022-02-20,2023-07-15,canceled,2022-02-20
S_002162,U_001449,Basic,2024-11-19,,active,2024-11-19
S_002163,U_001450,Basic,2024-09-23,,active,2024-09-23
S_002164,U_001451,Pro,2023-01-30,2023-07-29,canceled,2023-01-30
S_002165,U_001452,Pro,2022-06-18,2023-12-10,canceled,2022-06-18
S_002166,U_001452,Pro,2024-01-05,2024-11-30,canceled,2024-01-05
S_002167,U_001453,Basic,2024-12-28,,active,2024-12-28
S_002168,U_001454,Basic,2023-03-08,2024-08-29,canceled,2023-03-08
S_002169,U_001455,Enterprise,2022-08-01,2023-05-28,canceled,2022-08-01
S_002170,U_001455,Pro,2023-06-03,2024-04-28,active,2023-06-03
S_002171,U_001456,Basic,2024-06-10,,active,2024-06-10
S_002172,U_001456,Pro,2024-06-10,2024-09-08,canceled,2024-06-10
S_002173,U_001457,Pro,2022-02-18,2023-03-15,canceled,2022-02-18
S_002174,U_001458,Basic,2022-03-19,2022-05-18,canceled,2022-03-19
S_002175,U_001459,Basic,2022-04-22,2023-02-16,active,2022-04-22
S_002176,U_001459,Basic,2023-03-09,2024-08-30,canceled,2023-03-09
S_002177,U_001460,Pro,2022-05-25,2023-06-19,canceled,2022-05-25
S_002178,U_001461,Pro,2023-06-14,2024-04-09,canceled,2023-06-14
S_002179,U_001462,Pro,2024-07-12,,active,2024-07-12
S_002180,U_001462,Basic,2024-07-12,,active,2024-07-12
S_002181,U_001463,Basic,2023-10-10,,active,2023-10-10
S_002182,U_001463,Pro,2023-10-10,2024-09-04,canceled,2023-10-10
S_002183,U_001464,Enterprise,2022-08-31,2023-09-25,canceled,2022-08-31
S_002184,U_001465,Basic,2022-05-10,2024-04-29,canceled,2022-05-10
S_002185,U_001465,Basic,2024-05-27,2024-11-23,active,2024-05-27
S_002186,U_001466,Pro,2022-05-29,2023-09-21,canceled,2022-05-29
S_002187,U_001467,Basic,2022-08-06,2024-04-27,active,2022-08-06
S_002188,U_001468,Pro,2022-06-27,2023-02-22,canceled,2022-06-27
S_002189,U_001469,Pro,2024-02-21,2024-11-17,canceled,2024-02-21
S_002190,U_001469,Pro,2024-12-05,,active,2024-12-05
S_002191,U_001470,Enterprise,2024-08-28,,active,2024-08-28
S_002192,U_001471,Pro,2023-03-27,2024-03-21,active,2023-03-27
S_002193,U_001471,Basic,2024-03-29,,active,2024-03-29
S_002194,U_001472,Pro,2023-08-28,,active,2023-08-28
S_002195,U_001472,Pro,2023-08-28,2023-10-27,active,2023-08-28
S_002196,U_001473,Enterprise,2024-02-04,2024-04-04,canceled,2024-02-04
S_002197,U_001474,Basic,2022-10-17,2023-04-15,active,2022-10-17
S_002198,U_001474,Enterprise,2023-05-06,2024-01-31,canceled,2023-05-06
S_002199,U_001475,Pro,2022-01-11,2023-06-05,canceled,2022-01-11
S_002200,U_001475,Pro,2023-06-19,,active,2023-06-19
S_002201,U_001476,Enterprise,2024-03-18,,active,2024-03-18
S_002202,U_001477,Pro,2022-06-24,2024-05-14,canceled,2022-06-24
S_002203,U_001478,Basic,2023-12-06,2024-03-05,canceled,2023-12-06
S_002204,U_001478,Basic,2024-03-29,2024-08-26,active,2024-03-29
S_002205,U_001479,Basic,2024-11-15,,active,2024-11-15
S_002206,U_001479,Basic,2024-11-15,,active,2024-11-15
S_002207,U_001480,Basic,2023-01-12,2023-03-13,canceled,2023-01-12
S_002208,U_001480,Enterprise,2023-04-11,2023-12-07,canceled,2023-04-11
S_002209,U_001481,Enterprise,2023-06-02,,active,2023-06-02
S_002210,U_001482,Basic,2023-01-07,2024-05-01,canceled,2023-01-07
S_002211,U_001483,Basic,2024-08-02,,active,2024-08-02
S_002212,U_001483,Enterprise,2024-08-02,,active,2024-08-02
S_002213,U_001484,Basic,2023-08-19,,active,2023-08-19
S_002214,U_001484,Basic,2023-08-19,2023-11-17,active,2023-08-19
S_002215,U_001485,Pro,2022-07-21,2023-07-16,canceled,2022-07-21
S_002216,U_001486,Basic,2024-09-24,2024-12-23,canceled,2024-09-24
S_002217,U_001486,Basic,2024-12-31,,active,2024-12-31
S_002218,U_001487,Pro,2022-09-20,2022-11-19,active,2022-09-20
S_002219,U_001487,Pro,2022-11-30,2023-02-28,canceled,2022-11-30
S_002220,U_001488,Basic,2023-08-07,,active,2023-08-07
S_002221,U_001488,Basic,2023-08-07,2023-10-06,canceled,2023-08-07
S_002222,U_001489,Basic,2023-02-01,2023-09-29,canceled,2023-02-01
S_002223,U_001489,Pro,2023-10-09,2024-08-04,active,2023-10-09
S_002224,U_001490,Pro,2024-07-11,,active,2024-07-11
S_002225,U_001491,Basic,2023-09-19,2024-02-16,canceled,2023-09-19
S_002226,U_001492,Pro,2024-01-17,,active,2024-01-17
S_002227,U_001492,Enterprise,2024-01-17,,active,2024-01-17
S_002228,U_001493,Enterprise,2022-12-12,2023-10-08,canceled,2022-12-12
S_002229,U_001494,Basic,2023-05-20,2024-12-10,canceled,2023-05-20
S_002230,U_001495,Pro,2023-07-21,2024-07-15,canceled,2023-07-21
S_002231,U_001495,Pro,2024-08-04,,active,2024-08-04
S_002232,U_001496,Basic,2023-11-11,2024-07-08,canceled,2023-11-11
S_002233,U_001497,Basic,2024-07-01,,active,2024-07-01
S_002234,U_001498,Basic,2024-09-24,,active,2024-09-24
S_002235,U_001498,Basic,2024-09-24,2024-12-23,canceled,2024-09-24
S_002236,U_001499,Pro,2022-12-26,2023-11-21,canceled,2022-12-26
S_002237,U_001500,Enterprise,2023-07-29,,active,2023-07-29
S_002238,U_001500,Pro,2023-07-29,2024-09-21,canceled,2023-07-29
S_002239,U_001501,Pro,2023-02-07,2024-09-29,active,2023-02-07
S_002240,U_001501,Pro,2024-10-28,,active,2024-10-28
S_002241,U_001502,Basic,2022-06-04,2023-11-26,canceled,2022-06-04
S_002242,U_001502,Pro,2023-12-18,,active,2023-12-18
S_002243,U_001503,Pro,2022-03-05,2023-10-26,canceled,2022-03-05
S_002244,U_001503,Basic,2023-11-10,2024-10-05,canceled,2023-11-10
S_002245,U_001504,Basic,2024-04-09,2024-12-05,active,2024-04-09
S_002246,U_001504,Basic,2024-12-16,,active,2024-12-16
S_002247,U_001505,Pro,2022-03-17,2023-06-10,canceled,2022-03-17
S_002248,U_001505,Enterprise,2023-07-02,2023-09-30,canceled,2023-07-02
S_002249,U_001506,Enterprise,2024-08-24,,active,2024-08-24
S_002250,U_001507,Basic,2024-03-14,2024-08-11,canceled,2024-03-14
S_002251,U_001508,Pro,2023-08-19,2024-03-16,canceled,2023-08-19
S_002252,U_001509,Basic,2024-10-23,,active,2024-10-23
S_002253,U_001510,Pro,2024-03-23,,active,2024-03-23
S_002254,U_001510,Enterprise,2024-03-23,,active,2024-03-23
S_002255,U_001511,Pro,2022-01-22,2023-07-16,canceled,2022-01-22
S_002256,U_001512,Pro,2022-12-06,2023-11-01,active,2022-12-06
S_002257,U_001513,Pro,2024-07-02,2024-11-29,active,2024-07-02
S_002258,U_001513,Basic,2024-12-26,,active,2024-12-26
S_002259,U_001514,Basic,2022-10-27,2023-04-25,canceled,2022-10-27
S_002260,U_001514,Basic,2023-05-24,,active,2023-05-24
S_002261,U_001515,Basic,2022-03-24,2023-01-18,canceled,2022-03-24
S_002262,U_001516,Basic,2023-04-20,2024-05-14,canceled,2023-04-20
S_002263,U_001516,Enterprise,2024-05-21,,active,2024-05-21
S_002264,U_001517,Basic,2024-01-27,,active,2024-01-27
S_002265,U_001518,Pro,2023-02-28,,active,2023-02-28
S_002266,U_001519,Pro,2024-03-05,,active,2024-03-05
S_002267,U_001520,Basic,2022-04-06,2022-09-03,canceled,2022-04-06
S_002268,U_001520,Pro,2022-09-14,2023-11-08,canceled,2022-09-14
S_002269,U_001521,Pro,2022-07-31,2023-05-27,canceled,2022-07-31
S_002270,U_001521,Pro,2023-06-02,2023-12-29,canceled,2023-06-02
S_002271,U_001522,Basic,2023-06-24,2024-12-15,canceled,2023-06-24
S_002272,U_001523,Basic,2022-12-23,2023-03-23,canceled,2022-12-23
S_002273,U_001523,Basic,2023-04-21,2023-12-17,canceled,2023-04-21
S_002274,U_001524,Pro,2024-01-19,,active,2024-01-19
S_002275,U_001525,Basic,2024-11-24,,active,2024-11-24
S_002276,U_001526,Basic,2023-04-02,2024-12-22,canceled,2023-04-02
S_002277,U_001526,Basic,2024-12-29,,active,2024-12-29
S_002278,U_001527,Pro,2023-12-24,2024-12-18,canceled,2023-12-24
S_002279,U_001528,Pro,2024-09-14,,active,2024-09-14
S_002280,U_001529,Pro,2024-10-24,,active,2024-10-24
S_002281,U_001530,Pro,2022-12-06,2023-03-06,canceled,2022-12-06
S_002282,U_001530,Pro,2023-03-18,2024-01-12,canceled,2023-03-18
S_002283,U_001531,Basic,2024-11-19,,active,2024-11-19
S_002284,U_001531,Basic,2024-11-19,,active,2024-11-19
S_002285,U_001532,Pro,2022-11-04,2023-12-29,canceled,2022-11-04
S_002286,U_001532,Pro,2024-01-16,,active,2024-01-16
S_002287,U_001533,Basic,2024-01-12,,active,2024-01-12
S_002288,U_001534,Pro,2023-04-17,2024-09-08,canceled,2023-04-17
S_002289,U_001535,Enterprise,2022-08-21,2023-03-19,canceled,2022-08-21
S_002290,U_001535,Basic,2023-04-12,2024-02-06,canceled,2023-04-12
S_002291,U_001536,Basic,2024-09-08,,active,2024-09-08
S_002292,U_001536,Basic,2024-09-08,,active,2024-09-08
S_002293,U_001537,Basic,2022-11-27,2023-05-26,active,2022-11-27
S_002294,U_001538,Pro,2023-05-15,2023-12-11,canceled,2023-05-15
S_002295,U_001538,Basic,2023-12-28,,active,2023-12-28
S_002296,U_001539,Basic,2022-11-26,2023-07-24,active,2022-11-26
S_002297,U_001540,Basic,2022-03-22,2022-10-18,canceled,2022-03-22
S_002298,U_001541,Pro,2022-04-25,2023-01-20,active,2022-04-25
S_002299,U_001542,Basic,2023-01-04,2024-05-28,canceled,2023-01-04
S_002300,U_001542,Basic,2024-06-13,,active,2024-06-13
S_002301,U_001543,Basic,2022-02-08,2023-12-30,canceled,2022-02-08
S_002302,U_001544,Basic,2023-03-20,2023-10-16,active,2023-03-20
S_002303,U_001544,Basic,2023-10-31,2024-12-24,canceled,2023-10-31
S_002304,U_001545,Basic,2024-08-23,,active,2024-08-23
S_002305,U_001546,Basic,2023-03-26,2023-11-21,canceled,2023-03-26
S_002306,U_001547,Basic,2022-10-20,2023-03-19,active,2022-10-20
S_002307,U_001547,Pro,2023-04-07,2024-08-29,canceled,2023-04-07
S_002308,U_001548,Basic,2024-11-12,,active,2024-11-12
S_002309,U_001549,Pro,2023-12-03,,active,2023-12-03
S_002310,U_001550,Basic,2022-05-21,2023-01-16,canceled,2022-05-21
S_002311,U_001551,Basic,2024-02-29,,active,2024-02-29
S_002312,U_001552,Pro,2022-02-03,2023-12-25,canceled,2022-02-03
S_002313,U_001552,Pro,2024-01-06,2024-10-02,active,2024-01-06
S_002314,U_001553,Pro,2024-10-29,,active,2024-10-29
S_002315,U_001554,Basic,2022-07-17,2023-07-12,canceled,2022-07-17
S_002316,U_001555,Basic,2022-03-21,2023-07-14,active,2022-03-21
S_002317,U_001556,Pro,2022-08-29,2024-04-20,canceled,2022-08-29
S_002318,U_001556,Basic,2024-05-15,,active,2024-05-15
S_002319,U_001557,Basic,2022-09-24,2024-09-13,canceled,2022-09-24
S_002320,U_001558,Enterprise,2022-01-03,2023-06-27,canceled,2022-01-03
S_002321,U_001559,Basic,2024-05-11,2024-07-10,canceled,2024-05-11
S_002322,U_001560,Pro,2024-12-21,,active,2024-12-21
S_002323,U_001561,Basic,2024-09-14,,active,2024-09-14
S_002324,U_001562,Pro,2022-07-20,2022-11-17,active,2022-07-20
S_002325,U_001562,Pro,2022-12-13,2024-01-07,canceled,2022-12-13
S_002326,U_001563,Enterprise,2023-06-06,,active,2023-06-06
S_002327,U_001563,Basic,2023-06-06,,active,2023-06-06
S_002328,U_001564,Pro,2022-06-21,2023-12-13,canceled,2022-06-21
S_002329,U_001565,Enterprise,2024-04-16,2024-10-13,canceled,2024-04-16
S_002330,U_001566,Pro,2022-01-12,2022-04-12,canceled,2022-01-12
S_002331,U_001566,Pro,2022-05-04,2023-02-28,canceled,2022-05-04
S_002332,U_001567,Pro,2024-12-06,,active,2024-12-06
S_002333,U_001567,Enterprise,2024-12-06,,active,2024-12-06
S_002334,U_001568,Pro,2022-01-15,2022-04-15,active,2022-01-15
S_002335,U_001569,Pro,2023-10-09,,active,2023-10-09
S_002336,U_001570,Enterprise,2022-08-07,2024-04-28,canceled,2022-08-07
S_002337,U_001570,Basic,2024-05-11,,active,2024-05-11
S_002338,U_001571,Basic,2023-06-04,,active,2023-06-04
S_002339,U_001572,Pro,2024-05-17,,active,2024-05-17
S_002340,U_001572,Basic,2024-05-17,,active,2024-05-17
S_002341,U_001573,Pro,2023-07-19,2024-06-13,canceled,2023-07-19
S_002342,U_001574,Enterprise,2024-04-26,2024-07-25,canceled,2024-04-26
S_002343,U_001574,Basic,2024-08-13,,active,2024-08-13
S_002344,U_001575,Pro,2024-09-15,,active,2024-09-15
S_002345,U_001576,Basic,2024-09-17,,active,2024-09-17
S_002346,U_001576,Basic,2024-09-17,,active,2024-09-17
S_002347,U_001577,Basic,2023-12-07,,active,2023-12-07
S_002348,U_001578,Basic,2022-09-01,2022-12-30,active,2022-09-01
S_002349,U_001578,Pro,2023-01-06,2024-11-26,active,2023-01-06
S_002350,U_001579,Basic,2022-11-28,2023-05-27,active,2022-11-28
S_002351,U_001579,Enterprise,2023-06-19,2024-12-10,canceled,2023-06-19
S_002352,U_001580,Basic,2024-11-07,,active,2024-11-07
S_002353,U_001581,Basic,2022-04-17,2022-07-16,canceled,2022-04-17
S_002354,U_001582,Pro,2022-01-11,2022-03-12,canceled,2022-01-11
S_002355,U_001582,Pro,2022-03-22,2022-12-17,canceled,2022-03-22
S_002356,U_001583,Pro,2024-08-23,,active,2024-08-23
S_002357,U_001583,Pro,2024-08-23,,active,2024-08-23
S_002358,U_001584,Basic,2022-06-30,2024-03-21,canceled,2022-06-30
S_002359,U_001584,Basic,2024-04-09,2024-06-08,canceled,2024-04-09
S_002360,U_001585,Pro,2023-03-31,2023-10-27,canceled,2023-03-31
S_002361,U_001585,Pro,2023-11-11,2024-09-06,canceled,2023-11-11
S_002362,U_001586,Basic,2022-03-19,2023-05-13,canceled,2022-03-19
S_002363,U_001586,Pro,2023-05-29,,active,2023-05-29
S_002364,U_001587,Basic,2024-12-03,,active,2024-12-03
S_002365,U_001587,Pro,2024-12-03,,active,2024-12-03
S_002366,U_001588,Pro,2022-04-28,2023-01-23,active,2022-04-28
S_002367,U_001588,Basic,2023-02-03,2024-09-25,active,2023-02-03
S_002368,U_001589,Basic,2024-06-18,2024-10-16,canceled,2024-06-18
S_002369,U_001589,Basic,2024-10-31,,active,2024-10-31
S_002370,U_001590,Basic,2024-11-27,,active,2024-11-27
S_002371,U_001590,Basic,2024-11-27,,active,2024-11-27
S_002372,U_001591,Basic,2022-03-10,2023-10-31,canceled,2022-03-10
S_002373,U_001592,Basic,2024-11-22,,active,2024-11-22
S_002374,U_001593,Basic,2022-12-14,2024-06-06,canceled,2022-12-14
S_002375,U_001593,Basic,2024-07-03,,active,2024-07-03
S_002376,U_001594,Enterprise,2023-05-05,2024-09-26,canceled,2023-05-05
S_002377,U_001595,Basic,2022-06-27,2023-06-22,canceled,2022-06-27
S_002378,U_001595,Pro,2023-07-21,2024-05-16,canceled,2023-07-21
S_002379,U_001596,Pro,2023-12-25,2024-05-23,active,2023-12-25
S_002380,U_001596,Pro,2024-06-13,2024-10-11,active,2024-06-13
S_002381,U_001597,Basic,2023-02-15,2023-09-13,canceled,2023-02-15
S_002382,U_001597,Pro,2023-10-04,2024-09-28,canceled,2023-10-04
S_002383,U_001598,Basic,2022-05-21,2023-06-15,canceled,2022-05-21
S_002384,U_001599,Basic,2023-08-06,2024-11-28,canceled,2023-08-06
S_002385,U_001600,Basic,2023-12-14,2024-07-11,canceled,2023-12-14
S_002386,U_001601,Basic,2023-04-09,2024-09-30,canceled,2023-04-09
S_002387,U_001601,Basic,2024-10-30,,active,2024-10-30
S_002388,U_001602,Basic,2024-07-20,,active,2024-07-20
S_002389,U_001603,Enterprise,2022-01-10,2022-07-09,canceled,2022-01-10
S_002390,U_001603,Pro,2022-08-03,2023-06-29,active,2022-08-03
S_002391,U_001604,Basic,2024-04-13,,active,2024-04-13
S_002392,U_001605,Basic,2022-05-29,2024-02-18,canceled,2022-05-29
S_002393,U_001606,Basic,2023-11-28,,active,2023-11-28
S_002394,U_001606,Pro,2023-11-28,2024-05-26,canceled,2023-11-28
S_002395,U_001607,Basic,2023-06-12,2024-03-08,active,2023-06-12
S_002396,U_001607,Basic,2024-03-29,,active,2024-03-29
S_002397,U_001608,Basic,2023-05-28,2023-11-24,active,2023-05-28
S_002398,U_001608,Pro,2023-12-16,,active,2023-12-16
S_002399,U_001609,Basic,2024-09-17,,active,2024-09-17
S_002400,U_001609,Pro,2024-09-17,,active,2024-09-17
S_002401,U_001610,Pro,2024-07-28,,active,2024-07-28
S_002402,U_001610,Basic,2024-07-28,,active,2024-07-28
S_002403,U_001611,Pro,2022-02-26,2022-08-25,canceled,2022-02-26
S_002404,U_001611,Basic,2022-09-09,2024-07-30,canceled,2022-09-09
S_002405,U_001612,Pro,2023-06-13,2024-09-05,active,2023-06-13
S_002406,U_001612,Pro,2024-10-05,,active,2024-10-05
S_002407,U_001613,Basic,2023-03-28,2023-09-24,canceled,2023-03-28
S_002408,U_001613,Enterprise,2023-10-18,2024-02-15,active,2023-10-18
S_002409,U_001614,Basic,2024-04-24,2024-06-23,active,2024-04-24
S_002410,U_001614,Basic,2024-06-29,,active,2024-06-29
S_002411,U_001615,Pro,2022-01-20,2023-09-12,canceled,2022-01-20
S_002412,U_001615,Basic,2023-09-24,2024-06-20,canceled,2023-09-24
S_002413,U_001616,Pro,2023-08-12,2023-12-10,canceled,2023-08-12
S_002414,U_001616,Basic,2023-12-25,2024-03-24,canceled,2023-12-25
S_002415,U_001617,Basic,2023-12-02,2024-06-29,canceled,2023-12-02
S_002416,U_001617,Basic,2024-07-13,,active,2024-07-13
S_002417,U_001618,Basic,2023-01-01,2024-09-22,active,2023-01-01
S_002418,U_001618,Basic,2024-10-12,,active,2024-10-12
S_002419,U_001619,Basic,2023-12-26,,active,2023-12-26
S_002420,U_001620,Pro,2023-07-06,2024-05-31,canceled,2023-07-06
S_002421,U_001620,Pro,2024-06-09,2024-12-06,canceled,2024-06-09
S_002422,U_001621,Enterprise,2024-10-18,,active,2024-10-18
S_002423,U_001622,Enterprise,2023-05-11,2023-09-08,canceled,2023-05-11
S_002424,U_001623,Pro,2023-04-15,2023-09-12,canceled,2023-04-15
S_002425,U_001624,Basic,2023-12-31,,active,2023-12-31
S_002426,U_001625,Pro,2022-09-03,2024-06-24,canceled,2022-09-03
S_002427,U_001626,Basic,2022-01-14,2022-03-15,active,2022-01-14
S_002428,U_001627,Basic,2024-09-14,,active,2024-09-14
S_002429,U_001628,Basic,2023-10-08,,active,2023-10-08
S_002430,U_001629,Basic,2023-07-17,,active,2023-07-17
S_002431,U_001629,Basic,2023-07-17,2024-12-08,canceled,2023-07-17
S_002432,U_001630,Pro,2024-11-12,,active,2024-11-12
S_002433,U_001631,Pro,2023-03-31,2024-08-22,canceled,2023-03-31
S_002434,U_001632,Basic,2022-04-21,2023-02-15,canceled,2022-04-21
S_002435,U_001632,Basic,2023-03-04,2024-10-24,active,2023-03-04
S_002436,U_001633,Pro,2024-09-06,,active,2024-09-06
S_002437,U_001634,Basic,2024-10-26,,active,2024-10-26
S_002438,U_001634,Basic,2024-10-26,,active,2024-10-26
S_002439,U_001635,Basic,2022-12-24,2023-07-22,canceled,2022-12-24
S_002440,U_001635,Pro,2023-07-30,2024-02-25,canceled,2023-07-30
S_002441,U_001636,Basic,2024-11-27,,active,2024-11-27
S_002442,U_001637,Enterprise,2022-01-18,2023-11-09,canceled,2022-01-18
S_002443,U_001638,Basic,2024-02-17,2024-09-14,canceled,2024-02-17
S_002444,U_001639,Pro,2023-10-29,2024-05-26,active,2023-10-29
S_002445,U_001640,Pro,2023-06-16,,active,2023-06-16
S_002446,U_001640,Pro,2023-06-16,2023-10-14,canceled,2023-06-16
S_002447,U_001641,Basic,2023-06-23,2024-01-19,canceled,2023-06-23
S_002448,U_001642,Pro,2024-08-23,,active,2024-08-23
S_002449,U_001643,Basic,2024-01-20,2024-12-15,canceled,2024-01-20
S_002450,U_001644,Pro,2024-05-18,,active,2024-05-18
S_002451,U_001644,Pro,2024-05-18,,active,2024-05-18
S_002452,U_001645,Basic,2024-02-02,,active,2024-02-02
S_002453,U_001646,Basic,2023-07-27,2023-09-25,canceled,2023-07-27
S_002454,U_001646,Pro,2023-10-08,,active,2023-10-08
S_002455,U_001647,Pro,2022-09-26,2023-02-23,canceled,2022-09-26
S_002456,U_001647,Pro,2023-03-14,2024-11-03,canceled,2023-03-14
S_002457,U_001648,Basic,2022-07-24,2023-02-19,canceled,2022-07-24
S_002458,U_001649,Pro,2024-06-04,,active,2024-06-04
S_002459,U_001649,Pro,2024-06-04,,active,2024-06-04
S_002460,U_001650,Pro,2022-10-26,2023-10-21,canceled,2022-10-26
S_002461,U_001650,Enterprise,2023-11-12,,active,2023-11-12
S_002462,U_001651,Basic,2022-01-20,2022-03-21,active,2022-01-20
S_002463,U_001652,Basic,2024-10-20,,active,2024-10-20
S_002464,U_001653,Pro,2024-12-29,,active,2024-12-29
S_002465,U_001653,Basic,2024-12-29,,active,2024-12-29
S_002466,U_001654,Pro,2023-09-07,2024-07-03,canceled,2023-09-07
S_002467,U_001655,Basic,2022-04-08,2023-09-30,active,2022-04-08
S_002468,U_001655,Basic,2023-10-19,2024-06-15,canceled,2023-10-19
S_002469,U_001656,Pro,2022-12-01,2023-12-26,canceled,2022-12-01
S_002470,U_001656,Basic,2024-01-20,2024-04-19,canceled,2024-01-20
S_002471,U_001657,Basic,2023-06-05,2024-03-31,active,2023-06-05
S_002472,U_001658,Pro,2024-07-10,,active,2024-07-10
S_002473,U_001658,Pro,2024-07-10,,active,2024-07-10
S_002474,U_001659,Basic,2024-01-10,2024-05-09,canceled,2024-01-10
S_002475,U_001659,Enterprise,2024-05-19,,active,2024-05-19
S_002476,U_001660,Basic,2023-06-12,2023-12-09,canceled,2023-06-12
S_002477,U_001661,Pro,2024-04-23,2024-08-21,canceled,2024-04-23
S_002478,U_001661,Basic,2024-09-10,,active,2024-09-10
S_002479,U_001662,Basic,2023-02-12,2023-10-10,active,2023-02-12
S_002480,U_001663,Enterprise,2022-12-24,2023-04-23,canceled,2022-12-24
S_002481,U_001663,Basic,2023-05-16,,active,2023-05-16
S_002482,U_001664,Basic,2023-10-28,2024-01-26,canceled,2023-10-28
S_002483,U_001665,Basic,2024-07-04,,active,2024-07-04
S_002484,U_001666,Pro,2023-08-10,,active,2023-08-10
S_002485,U_001667,Basic,2022-12-10,2024-10-30,canceled,2022-12-10
S_002486,U_001667,Pro,2024-11-07,,active,2024-11-07
S_002487,U_001668,Basic,2024-04-08,,active,2024-04-08
S_002488,U_001669,Basic,2022-11-28,2023-06-26,canceled,2022-11-28
S_002489,U_001669,Pro,2023-07-20,2024-11-11,canceled,2023-07-20
S_002490,U_001670,Enterprise,2023-10-05,2024-06-01,active,2023-10-05
S_002491,U_001670,Pro,2024-06-29,2024-09-27,canceled,2024-06-29
S_002492,U_001671,Basic,2023-07-02,2024-02-27,canceled,2023-07-02
S_002493,U_001671,Basic,2024-03-24,,active,2024-03-24
S_002494,U_001672,Pro,2023-07-10,2023-12-07,canceled,2023-07-10
S_002495,U_001672,Basic,2024-01-06,2024-06-04,canceled,2024-01-06
S_002496,U_001673,Pro,2024-12-02,,active,2024-12-02
S_002497,U_001673,Enterprise,2024-12-02,,active,2024-12-02
S_002498,U_001674,Enterprise,2022-12-09,2023-06-07,canceled,2022-12-09
S_002499,U_001674,Basic,2023-06-24,,active,2023-06-24
S_002500,U_001675,Pro,2022-09-14,2023-10-09,active,2022-09-14
S_002501,U_001676,Pro,2022-06-13,2022-10-11,active,2022-06-13
S_002502,U_001676,Pro,2022-11-08,2023-07-06,canceled,2022-11-08
S_002503,U_001677,Basic,2024-03-24,,active,2024-03-24
S_002504,U_001677,Basic,2024-03-24,2024-05-23,canceled,2024-03-24
S_002505,U_001678,Basic,2022-05-11,2023-03-07,canceled,2022-05-11
S_002506,U_001678,Basic,2023-03-23,2024-10-13,canceled,2023-03-23
S_002507,U_001679,Basic,2022-04-21,2022-06-20,canceled,2022-04-21
S_002508,U_001680,Basic,2024-12-09,,active,2024-12-09
S_002509,U_001681,Basic,2023-06-22,2024-07-16,canceled,2023-06-22
S_002510,U_001682,Basic,2022-06-22,2023-04-18,canceled,2022-06-22
S_002511,U_001683,Basic,2023-04-15,2023-08-13,canceled,2023-04-15
S_002512,U_001684,Basic,2024-06-26,2024-12-23,canceled,2024-06-26
S_002513,U_001685,Basic,2024-12-14,,active,2024-12-14
S_002514,U_001686,Pro,2022-03-13,2024-02-01,canceled,2022-03-13
S_002515,U_001687,Pro,2024-09-02,,active,2024-09-02
S_002516,U_001688,Basic,2023-07-12,2023-12-09,canceled,2023-07-12
S_002517,U_001689,Enterprise,2022-10-04,2024-05-26,active,2022-10-04
S_002518,U_001689,Basic,2024-06-20,,active,2024-06-20
S_002519,U_001690,Pro,2024-07-24,,active,2024-07-24
S_002520,U_001690,Basic,2024-07-24,,active,2024-07-24
S_002521,U_001691,Basic,2024-12-08,,active,2024-12-08
S_002522,U_001691,Pro,2024-12-08,,active,2024-12-08
S_002523,U_001692,Basic,2023-12-13,2024-05-11,canceled,2023-12-13
S_002524,U_001692,Basic,2024-06-10,,active,2024-06-10
S_002525,U_001693,Basic,2023-04-11,2024-11-01,canceled,2023-04-11
S_002526,U_001694,Basic,2023-09-23,2023-11-22,active,2023-09-23
S_002527,U_001695,Basic,2023-06-17,2023-11-14,canceled,2023-06-17
S_002528,U_001695,Pro,2023-11-27,2024-03-26,canceled,2023-11-27
S_002529,U_001696,Basic,2022-01-22,2023-07-16,canceled,2022-01-22
S_002530,U_001697,Basic,2022-10-07,2023-04-05,canceled,2022-10-07
S_002531,U_001697,Basic,2023-05-03,2024-04-27,canceled,2023-05-03
S_002532,U_001698,Basic,2024-08-18,2024-11-16,canceled,2024-08-18
S_002533,U_001699,Basic,2024-10-04,,active,2024-10-04
S_002534,U_001700,Basic,2022-01-19,2022-04-19,active,2022-01-19
S_002535,U_001701,Enterprise,2023-04-19,2024-02-13,canceled,2023-04-19
S_002536,U_001701,Pro,2024-02-24,2024-09-21,canceled,2024-02-24
S_002537,U_001702,Basic,2024-02-05,,active,2024-02-05
S_002538,U_001703,Basic,2024-06-14,,active,2024-06-14
S_002539,U_001704,Basic,2022-12-01,2024-11-20,canceled,2022-12-01
S_002540,U_001704,Basic,2024-12-03,,active,2024-12-03
S_002541,U_001705,Basic,2023-03-28,2024-03-22,canceled,2023-03-28
S_002542,U_001706,Pro,2024-05-14,2024-12-10,active,2024-05-14
S_002543,U_001707,Pro,2023-07-11,2024-09-03,canceled,2023-07-11
S_002544,U_001707,Basic,2024-09-12,,active,2024-09-12
S_002545,U_001708,Basic,2023-07-05,2024-01-01,canceled,2023-07-05
S_002546,U_001709,Basic,2022-05-21,2023-03-17,canceled,2022-05-21
S_002547,U_001710,Basic,2023-08-17,2024-08-11,canceled,2023-08-17
S_002548,U_001711,Pro,2024-07-16,2024-10-14,canceled,2024-07-16
S_002549,U_001712,Basic,2024-10-04,,active,2024-10-04
S_002550,U_001712,Basic,2024-10-04,,active,2024-10-04
S_002551,U_001713,Basic,2022-02-09,2023-09-02,canceled,2022-02-09
S_002552,U_001713,Basic,2023-09-24,,active,2023-09-24
S_002553,U_001714,Basic,2024-12-31,,active,2024-12-31
S_002554,U_001714,Basic,2024-12-31,,active,2024-12-31
S_002555,U_001715,Basic,2022-07-29,2023-02-24,canceled,2022-07-29
S_002556,U_001716,Pro,2022-09-14,2023-08-10,canceled,2022-09-14
S_002557,U_001717,Enterprise,2023-04-22,2024-06-15,canceled,2023-04-22
S_002558,U_001717,Enterprise,2024-07-06,,active,2024-07-06
S_002559,U_001718,Pro,2022-01-31,2022-09-28,canceled,2022-01-31
S_002560,U_001719,Pro,2023-12-02,,active,2023-12-02
S_002561,U_001720,Basic,2024-10-17,,active,2024-10-17
S_002562,U_001720,Enterprise,2024-10-17,,active,2024-10-17
S_002563,U_001721,Basic,2022-03-06,2022-06-04,canceled,2022-03-06
S_002564,U_001722,Basic,2022-10-27,2023-05-25,canceled,2022-10-27
S_002565,U_001722,Basic,2023-06-12,,active,2023-06-12
S_002566,U_001723,Basic,2024-03-14,2024-08-11,active,2024-03-14
S_002567,U_001723,Pro,2024-08-30,2024-12-28,canceled,2024-08-30
S_002568,U_001724,Pro,2024-08-20,,active,2024-08-20
S_002569,U_001725,Basic,2023-05-28,2024-09-19,canceled,2023-05-28
S_002570,U_001726,Basic,2022-09-07,2023-12-01,canceled,2022-09-07
S_002571,U_001727,Pro,2024-06-26,,active,2024-06-26
S_002572,U_001728,Basic,2023-02-12,2024-09-04,active,2023-02-12
S_002573,U_001728,Basic,2024-10-04,,active,2024-10-04
S_002574,U_001729,Enterprise,2024-12-03,,active,2024-12-03
S_002575,U_001729,Basic,2024-12-03,,active,2024-12-03
S_002576,U_001730,Pro,2024-03-07,,active,2024-03-07
S_002577,U_001731,Enterprise,2022-11-21,2024-05-14,canceled,2022-11-21
S_002578,U_001731,Enterprise,2024-05-21,,active,2024-05-21
S_002579,U_001732,Basic,2024-12-02,,active,2024-12-02
S_002580,U_001732,Basic,2024-12-02,,active,2024-12-02
S_002581,U_001733,Enterprise,2024-09-12,,active,2024-09-12
S_002582,U_001733,Basic,2024-09-12,,active,2024-09-12
S_002583,U_001734,Enterprise,2024-01-09,,active,2024-01-09
S_002584,U_001734,Basic,2024-01-09,2024-03-09,canceled,2024-01-09
S_002585,U_001735,Basic,2022-08-20,2022-11-18,canceled,2022-08-20
S_002586,U_001736,Pro,2023-10-27,2024-05-24,active,2023-10-27
S_002587,U_001736,Basic,2024-06-10,,active,2024-06-10
S_002588,U_001737,Basic,2023-07-20,,active,2023-07-20
S_002589,U_001737,Pro,2023-07-20,2024-02-15,canceled,2023-07-20
S_002590,U_001738,Pro,2024-03-21,,active,2024-03-21
S_002591,U_001738,Pro,2024-03-21,,active,2024-03-21
S_002592,U_001739,Basic,2022-03-28,2023-05-22,canceled,2022-03-28
S_002593,U_001740,Pro,2022-11-14,2023-02-12,canceled,2022-11-14
S_002594,U_001740,Basic,2023-03-07,,active,2023-03-07
S_002595,U_001741,Basic,2023-05-25,2023-09-22,canceled,2023-05-25
S_002596,U_001742,Basic,2022-07-07,2022-10-05,canceled,2022-07-07
S_002597,U_001743,Basic,2022-05-03,2023-03-29,canceled,2022-05-03
S_002598,U_001744,Basic,2022-11-12,2024-01-06,canceled,2022-11-12
S_002599,U_001745,Basic,2022-09-15,2024-08-05,canceled,2022-09-15
S_002600,U_001745,Basic,2024-08-22,,active,2024-08-22
S_002601,U_001746,Pro,2023-10-11,,active,2023-10-11
S_002602,U_001747,Pro,2024-06-17,,active,2024-06-17
S_002603,U_001747,Basic,2024-06-17,,active,2024-06-17
S_002604,U_001748,Enterprise,2024-02-13,,active,2024-02-13
S_002605,U_001748,Basic,2024-02-13,,active,2024-02-13
S_002606,U_001749,Basic,2023-05-29,2024-09-20,canceled,2023-05-29
S_002607,U_001749,Basic,2024-10-12,,active,2024-10-12
S_002608,U_001750,Basic,2024-06-15,,active,2024-06-15
S_002609,U_001751,Pro,2024-09-30,,active,2024-09-30
S_002610,U_001752,Basic,2023-01-18,2023-07-17,canceled,2023-01-18
S_002611,U_001752,Enterprise,2023-08-09,2024-05-05,canceled,2023-08-09
S_002612,U_001753,Pro,2023-10-25,,active,2023-10-25
S_002613,U_001754,Enterprise,2022-11-25,2024-01-19,canceled,2022-11-25
S_002614,U_001755,Pro,2022-11-14,2023-03-14,canceled,2022-11-14
S_002615,U_001755,Pro,2023-04-07,2023-08-05,canceled,2023-04-07
S_002616,U_001756,Basic,2023-06-24,2024-03-20,canceled,2023-06-24
S_002617,U_001757,Enterprise,2024-07-18,,active,2024-07-18
S_002618,U_001758,Basic,2024-02-16,2024-10-13,canceled,2024-02-16
S_002619,U_001758,Pro,2024-10-31,,active,2024-10-31
S_002620,U_001759,Enterprise,2024-01-16,2024-04-15,active,2024-01-16
S_002621,U_001760,Basic,2023-10-19,,active,2023-10-19
S_002622,U_001761,Enterprise,2024-03-04,,active,2024-03-04
S_002623,U_001762,Pro,2024-10-15,,active,2024-10-15
S_002624,U_001762,Basic,2024-10-15,,active,2024-10-15
S_002625,U_001763,Basic,2023-08-03,,active,2023-08-03
S_002626,U_001764,Pro,2023-10-22,,active,2023-10-22
S_002627,U_001765,Basic,2024-12-07,,active,2024-12-07
S_002628,U_001765,Basic,2024-12-07,,active,2024-12-07
S_002629,U_001766,Pro,2022-09-23,2024-02-15,active,2022-09-23
S_002630,U_001766,Basic,2024-03-14,,active,2024-03-14
S_002631,U_001767,Pro,2023-02-18,2024-11-09,canceled,2023-02-18
S_002632,U_001768,Basic,2023-01-28,2023-03-29,active,2023-01-28
S_002633,U_001769,Basic,2024-03-06,2024-07-04,canceled,2024-03-06
S_002634,U_001770,Pro,2023-06-09,2024-06-03,canceled,2023-06-09
S_002635,U_001771,Enterprise,2023-03-29,2024-10-19,canceled,2023-03-29
S_002636,U_001771,Basic,2024-11-14,,active,2024-11-14
S_002637,U_001772,Pro,2022-01-27,2023-08-20,canceled,2022-01-27
S_002638,U_001772,Basic,2023-09-10,2024-08-05,canceled,2023-09-10
S_002639,U_001773,Basic,2022-06-13,2023-04-09,active,2022-06-13
S_002640,U_001773,Pro,2023-05-09,2023-10-06,canceled,2023-05-09
S_002641,U_001774,Basic,2024-01-10,,active,2024-01-10
S_002642,U_001775,Enterprise,2024-01-26,2024-10-22,canceled,2024-01-26
S_002643,U_001775,Pro,2024-11-08,,active,2024-11-08
S_002644,U_001776,Basic,2023-06-29,2024-11-20,canceled,2023-06-29
S_002645,U_001776,Pro,2024-12-16,,active,2024-12-16
S_002646,U_001777,Basic,2022-05-25,2023-05-20,canceled,2022-05-25
S_002647,U_001777,Pro,2023-06-16,2023-11-13,canceled,2023-06-16
S_002648,U_001778,Basic,2023-03-19,2023-06-17,canceled,2023-03-19
S_002649,U_001778,Basic,2023-06-22,,active,2023-06-22
S_002650,U_001779,Pro,2022-07-27,2023-06-22,canceled,2022-07-27
S_002651,U_001779,Basic,2023-07-15,2023-10-13,canceled,2023-07-15
S_002652,U_001780,Pro,2024-02-29,2024-12-25,canceled,2024-02-29
S_002653,U_001780,Pro,2025-01-22,,active,2025-01-22
S_002654,U_001781,Basic,2024-12-13,,active,2024-12-13
S_002655,U_001781,Basic,2024-12-13,,active,2024-12-13
S_002656,U_001782,Basic,2023-01-02,2023-11-28,canceled,2023-01-02
S_002657,U_001782,Basic,2023-12-14,,active,2023-12-14
S_002658,U_001783,Basic,2024-04-30,2024-06-29,canceled,2024-04-30
S_002659,U_001783,Enterprise,2024-07-29,,active,2024-07-29
S_002660,U_001784,Basic,2024-01-04,,active,2024-01-04
S_002661,U_001785,Basic,2022-08-02,2023-04-29,active,2022-08-02
S_002662,U_001786,Pro,2024-04-02,,active,2024-04-02
S_002663,U_001786,Pro,2024-04-02,,active,2024-04-02
S_002664,U_001787,Pro,2022-11-20,2023-11-15,canceled,2022-11-20
S_002665,U_001788,Basic,2024-06-26,,active,2024-06-26
S_002666,U_001789,Basic,2023-10-27,2024-01-25,canceled,2023-10-27
S_002667,U_001789,Basic,2024-02-20,2024-09-17,canceled,2024-02-20
S_002668,U_001790,Basic,2024-05-31,,active,2024-05-31
S_002669,U_001790,Basic,2024-05-31,,active,2024-05-31
S_002670,U_001791,Basic,2023-05-08,2023-11-04,canceled,2023-05-08
S_002671,U_001791,Basic,2023-11-28,2024-01-27,canceled,2023-11-28
S_002672,U_001792,Pro,2023-03-15,2023-08-12,canceled,2023-03-15
S_002673,U_001792,Pro,2023-09-02,2024-06-28,canceled,2023-09-02
S_002674,U_001793,Enterprise,2023-06-05,2023-08-04,canceled,2023-06-05
S_002675,U_001793,Basic,2023-08-26,,active,2023-08-26
S_002676,U_001794,Basic,2024-07-05,,active,2024-07-05
S_002677,U_001794,Enterprise,2024-07-05,2025-01-01,canceled,2024-07-05
S_002678,U_001795,Basic,2022-03-12,2023-04-06,canceled,2022-03-12
S_002679,U_001796,Enterprise,2022-02-03,2022-11-30,canceled,2022-02-03
S_002680,U_001797,Pro,2023-09-11,2024-04-08,canceled,2023-09-11
S_002681,U_001797,Basic,2024-04-26,2024-09-23,active,2024-04-26
S_002682,U_001798,Basic,2023-03-31,2023-12-26,canceled,2023-03-31
S_002683,U_001799,Basic,2022-02-14,2023-03-11,canceled,2022-02-14
S_002684,U_001799,Basic,2023-04-08,2024-10-29,canceled,2023-04-08
S_002685,U_001800,Enterprise,2024-11-13,,active,2024-11-13
S_002686,U_001800,Basic,2024-11-13,,active,2024-11-13
S_002687,U_001801,Basic,2022-11-13,2023-04-12,canceled,2022-11-13
S_002688,U_001802,Basic,2024-07-31,,active,2024-07-31
S_002689,U_001803,Pro,2022-10-11,2023-08-07,canceled,2022-10-11
S_002690,U_001803,Enterprise,2023-09-02,2024-06-28,canceled,2023-09-02
S_002691,U_001804,Pro,2023-05-27,2024-05-21,canceled,2023-05-27
S_002692,U_001804,Pro,2024-06-01,2024-09-29,canceled,2024-06-01
S_002693,U_001805,Enterprise,2023-09-08,2024-12-31,canceled,2023-09-08
S_002694,U_001806,Pro,2024-03-29,,active,2024-03-29
S_002695,U_001806,Pro,2024-03-29,2024-07-27,canceled,2024-03-29
S_002696,U_001807,Pro,2022-06-08,2023-03-05,canceled,2022-06-08
S_002697,U_001807,Pro,2023-03-30,2023-10-26,canceled,2023-03-30
S_002698,U_001808,Pro,2022-12-21,2024-07-13,canceled,2022-12-21
S_002699,U_001809,Pro,2022-07-15,2023-12-07,canceled,2022-07-15
S_002700,U_001810,Pro,2022-03-18,2022-07-16,canceled,2022-03-18
S_002701,U_001811,Pro,2022-06-10,2023-04-06,canceled,2022-06-10
S_002702,U_001812,Basic,2023-12-14,,active,2023-12-14
S_002703,U_001813,Basic,2022-09-04,2024-03-27,canceled,2022-09-04
S_002704,U_001814,Pro,2022-01-24,2022-10-21,canceled,2022-01-24
S_002705,U_001814,Pro,2022-11-02,2023-01-01,canceled,2022-11-02
S_002706,U_001815,Basic,2023-09-17,,active,2023-09-17
S_002707,U_001816,Basic,2023-10-16,,active,2023-10-16
S_002708,U_001816,Basic,2023-10-16,2024-02-13,active,2023-10-16
S_002709,U_001817,Basic,2022-11-03,2023-08-30,active,2022-11-03
S_002710,U_001818,Basic,2023-03-29,2023-06-27,active,2023-03-29
S_002711,U_001818,Pro,2023-07-08,2024-08-01,canceled,2023-07-08
S_002712,U_001819,Basic,2024-03-15,,active,2024-03-15
S_002713,U_001820,Basic,2024-10-30,,active,2024-10-30
S_002714,U_001821,Basic,2024-06-03,,active,2024-06-03
S_002715,U_001821,Basic,2024-06-03,,active,2024-06-03
S_002716,U_001822,Enterprise,2022-10-31,2024-04-23,canceled,2022-10-31
S_002717,U_001822,Pro,2024-05-15,,active,2024-05-15
S_002718,U_001823,Enterprise,2022-06-19,2023-12-11,canceled,2022-06-19
S_002719,U_001823,Pro,2023-12-20,,active,2023-12-20
S_002720,U_001824,Basic,2022-04-11,2023-04-06,canceled,2022-04-11
S_002721,U_001825,Pro,2023-06-22,2023-11-19,canceled,2023-06-22
S_002722,U_001826,Basic,2024-10-24,,active,2024-10-24
S_002723,U_001827,Pro,2022-10-04,2024-06-25,canceled,2022-10-04
S_002724,U_001828,Basic,2023-02-10,2023-08-09,active,2023-02-10
S_002725,U_001828,Pro,2023-08-31,,active,2023-08-31
S_002726,U_001829,Basic,2023-02-06,2023-11-03,canceled,2023-02-06
S_002727,U_001829,Basic,2023-12-03,2024-05-01,active,2023-12-03
S_002728,U_001830,Basic,2024-12-09,,active,2024-12-09
S_002729,U_001830,Enterprise,2024-12-09,,active,2024-12-09
S_002730,U_001831,Enterprise,2022-05-27,2023-11-18,active,2022-05-27
S_002731,U_001832,Basic,2023-10-25,2024-03-23,canceled,2023-10-25
S_002732,U_001833,Basic,2022-08-19,2023-03-17,active,2022-08-19
S_002733,U_001834,Pro,2024-01-19,,active,2024-01-19
S_002734,U_001835,Basic,2023-10-19,2024-03-17,canceled,2023-10-19
S_002735,U_001835,Basic,2024-03-22,,active,2024-03-22
S_002736,U_001836,Pro,2022-02-19,2022-07-19,canceled,2022-02-19
S_002737,U_001836,Pro,2022-07-26,2023-03-23,canceled,2022-07-26
S_002738,U_001837,Basic,2023-12-18,2024-09-13,active,2023-12-18
S_002739,U_001838,Pro,2022-10-26,2024-08-16,active,2022-10-26
S_002740,U_001838,Basic,2024-09-08,2024-12-07,canceled,2024-09-08
S_002741,U_001839,Pro,2023-04-24,2024-11-14,canceled,2023-04-24
S_002742,U_001839,Basic,2024-11-25,,active,2024-11-25
S_002743,U_001840,Pro,2022-11-16,2023-04-15,canceled,2022-11-16
S_002744,U_001840,Pro,2023-04-26,2023-06-25,canceled,2023-04-26
S_002745,U_001841,Enterprise,2022-04-22,2022-06-21,canceled,2022-04-22
S_002746,U_001841,Enterprise,2022-07-04,2024-02-24,canceled,2022-07-04
S_002747,U_001842,Basic,2022-10-30,2024-10-19,canceled,2022-10-30
S_002748,U_001842,Enterprise,2024-11-06,,active,2024-11-06
S_002749,U_001843,Basic,2023-12-05,2024-04-03,canceled,2023-12-05
S_002750,U_001843,Basic,2024-04-28,,active,2024-04-28
S_002751,U_001844,Pro,2024-07-10,,active,2024-07-10
S_002752,U_001844,Basic,2024-07-10,,active,2024-07-10
S_002753,U_001845,Basic,2023-11-11,,active,2023-11-11
S_002754,U_001845,Basic,2023-11-11,2024-04-09,canceled,2023-11-11
S_002755,U_001846,Pro,2023-03-10,2024-08-01,canceled,2023-03-10
S_002756,U_001846,Basic,2024-08-25,,active,2024-08-25
S_002757,U_001847,Basic,2024-12-07,,active,2024-12-07
S_002758,U_001848,Basic,2024-09-16,,active,2024-09-16
S_002759,U_001849,Basic,2022-02-07,2023-09-30,canceled,2022-02-07
S_002760,U_001849,Basic,2023-10-17,,active,2023-10-17
S_002761,U_001850,Pro,2024-12-14,,active,2024-12-14
S_002762,U_001850,Basic,2024-12-14,,active,2024-12-14
S_002763,U_001851,Basic,2022-12-15,2024-11-04,canceled,2022-12-15
S_002764,U_001852,Basic,2023-02-16,2024-03-12,active,2023-02-16
S_002765,U_001853,Basic,2022-04-19,2022-08-17,canceled,2022-04-19
S_002766,U_001854,Pro,2022-05-17,2023-02-11,canceled,2022-05-17
S_002767,U_001855,Basic,2024-01-08,,active,2024-01-08
S_002768,U_001856,Basic,2023-08-23,,active,2023-08-23
S_002769,U_001856,Basic,2023-08-23,,active,2023-08-23
S_002770,U_001857,Basic,2024-02-19,,active,2024-02-19
S_002771,U_001858,Basic,2023-10-09,2023-12-08,canceled,2023-10-09
S_002772,U_001859,Enterprise,2024-12-24,,active,2024-12-24
S_002773,U_001859,Pro,2024-12-24,,active,2024-12-24
S_002774,U_001860,Basic,2023-02-12,2023-07-12,canceled,2023-02-12
S_002775,U_001860,Basic,2023-07-31,2023-11-28,canceled,2023-07-31
S_002776,U_001861,Basic,2022-02-14,2023-11-06,canceled,2022-02-14
S_002777,U_001861,Basic,2023-11-13,,active,2023-11-13
S_002778,U_001862,Basic,2024-12-20,,active,2024-12-20
S_002779,U_001863,Enterprise,2024-09-30,,active,2024-09-30
S_002780,U_001863,Basic,2024-09-30,,active,2024-09-30
S_002781,U_001864,Pro,2022-02-07,2023-07-02,canceled,2022-02-07
S_002782,U_001865,Basic,2023-12-29,,active,2023-12-29
S_002783,U_001866,Pro,2024-10-23,,active,2024-10-23
S_002784,U_001866,Basic,2024-10-23,,active,2024-10-23
S_002785,U_001867,Pro,2023-06-12,2024-07-06,canceled,2023-06-12
S_002786,U_001868,Pro,2023-07-28,2023-10-26,canceled,2023-07-28
S_002787,U_001868,Basic,2023-11-24,2024-01-23,active,2023-11-24
S_002788,U_001869,Pro,2023-12-01,2024-12-25,canceled,2023-12-01
S_002789,U_001870,Enterprise,2022-06-29,2022-09-27,canceled,2022-06-29
S_002790,U_001871,Enterprise,2023-04-11,2024-04-05,canceled,2023-04-11
S_002791,U_001872,Basic,2022-11-09,2023-05-08,canceled,2022-11-09
S_002792,U_001872,Enterprise,2023-05-28,2024-11-18,canceled,2023-05-28
S_002793,U_001873,Pro,2023-11-06,2024-09-01,canceled,2023-11-06
S_002794,U_001873,Basic,2024-09-08,,active,2024-09-08
S_002795,U_001874,Basic,2022-09-27,2023-07-24,canceled,2022-09-27
S_002796,U_001875,Basic,2023-02-19,2024-05-14,canceled,2023-02-19
S_002797,U_001876,Basic,2024-12-08,,active,2024-12-08
S_002798,U_001876,Basic,2024-12-08,,active,2024-12-08
S_002799,U_001877,Basic,2022-10-25,2024-06-16,canceled,2022-10-25
S_002800,U_001878,Pro,2023-10-13,2024-03-11,active,2023-10-13
S_002801,U_001879,Basic,2024-12-27,,active,2024-12-27
S_002802,U_001880,Pro,2023-10-13,2024-01-11,canceled,2023-10-13
S_002803,U_001881,Basic,2023-10-15,,active,2023-10-15
S_002804,U_001881,Basic,2023-10-15,2024-01-13,canceled,2023-10-15
S_002805,U_001882,Basic,2023-09-14,,active,2023-09-14
S_002806,U_001882,Basic,2023-09-14,,active,2023-09-14
S_002807,U_001883,Enterprise,2022-11-08,2024-08-29,canceled,2022-11-08
S_002808,U_001883,Basic,2024-09-19,,active,2024-09-19
S_002809,U_001884,Pro,2022-09-27,2023-06-24,active,2022-09-27
S_002810,U_001884,Pro,2023-07-03,2024-12-24,canceled,2023-07-03
S_002811,U_001885,Pro,2023-07-01,2024-09-23,canceled,2023-07-01
S_002812,U_001886,Basic,2023-04-18,2024-09-09,canceled,2023-04-18
S_002813,U_001886,Pro,2024-09-27,,active,2024-09-27
S_002814,U_001887,Enterprise,2023-04-18,2023-12-14,active,2023-04-18
S_002815,U_001888,Basic,2022-06-12,2022-10-10,canceled,2022-06-12
S_002816,U_001889,Basic,2024-10-25,,active,2024-10-25
S_002817,U_001890,Basic,2024-02-05,2024-09-02,canceled,2024-02-05
S_002818,U_001890,Basic,2024-09-16,,active,2024-09-16
S_002819,U_001891,Basic,2024-10-03,,active,2024-10-03
S_002820,U_001891,Basic,2024-10-03,,active,2024-10-03
S_002821,U_001892,Basic,2022-12-02,2024-01-26,active,2022-12-02
S_002822,U_001892,Basic,2024-02-17,,active,2024-02-17
S_002823,U_001893,Basic,2022-03-08,2023-09-29,canceled,2022-03-08
S_002824,U_001893,Enterprise,2023-10-26,2024-09-20,active,2023-10-26
S_002825,U_001894,Basic,2023-07-07,2024-02-02,canceled,2023-07-07
S_002826,U_001895,Enterprise,2023-02-20,2024-12-11,active,2023-02-20
S_002827,U_001895,Basic,2024-12-25,,active,2024-12-25
S_002828,U_001896,Basic,2022-12-29,2023-03-29,canceled,2022-12-29
S_002829,U_001897,Pro,2024-09-30,,active,2024-09-30
S_002830,U_001897,Basic,2024-09-30,,active,2024-09-30
S_002831,U_001898,Basic,2023-05-21,2024-06-14,active,2023-05-21
S_002832,U_001898,Basic,2024-06-24,,active,2024-06-24
S_002833,U_001899,Basic,2022-03-27,2023-10-18,active,2022-03-27
S_002834,U_001900,Basic,2023-10-03,,active,2023-10-03
S_002835,U_001900,Pro,2023-10-03,2024-08-28,canceled,2023-10-03
S_002836,U_001901,Pro,2024-12-11,,active,2024-12-11
S_002837,U_001902,Enterprise,2022-08-12,2023-12-05,canceled,2022-08-12
S_002838,U_001903,Pro,2022-03-28,2024-02-16,canceled,2022-03-28
S_002839,U_001904,Pro,2024-03-21,,active,2024-03-21
S_002840,U_001904,Pro,2024-03-21,2024-06-19,canceled,2024-03-21
S_002841,U_001905,Pro,2024-03-04,,active,2024-03-04
S_002842,U_001906,Enterprise,2023-01-24,2024-01-19,active,2023-01-24
S_002843,U_001906,Pro,2024-02-01,2024-05-31,canceled,2024-02-01
S_002844,U_001907,Pro,2024-03-26,2024-10-22,canceled,2024-03-26
S_002845,U_001908,Pro,2024-08-02,2024-10-31,canceled,2024-08-02
S_002846,U_001908,Pro,2024-11-18,,active,2024-11-18
S_002847,U_001909,Basic,2023-08-26,2024-01-23,canceled,2023-08-26
S_002848,U_001910,Enterprise,2024-11-24,,active,2024-11-24
S_002849,U_001911,Basic,2024-07-14,,active,2024-07-14
S_002850,U_001911,Basic,2024-07-14,,active,2024-07-14
S_002851,U_001912,Basic,2022-08-20,2024-01-12,canceled,2022-08-20
S_002852,U_001912,Pro,2024-01-31,2024-07-29,canceled,2024-01-31
S_002853,U_001913,Enterprise,2022-10-05,2024-09-24,canceled,2022-10-05
S_002854,U_001914,Pro,2023-10-25,2024-07-21,canceled,2023-10-25
S_002855,U_001914,Basic,2024-07-28,,active,2024-07-28
S_002856,U_001915,Enterprise,2023-01-02,2024-09-23,canceled,2023-01-02
S_002857,U_001915,Pro,2024-10-07,2024-12-06,canceled,2024-10-07
S_002858,U_001916,Basic,2023-02-18,2024-03-14,canceled,2023-02-18
S_002859,U_001917,Basic,2023-05-28,2024-11-18,canceled,2023-05-28
S_002860,U_001918,Basic,2022-09-11,2024-04-03,canceled,2022-09-11
S_002861,U_001918,Enterprise,2024-04-27,,active,2024-04-27
S_002862,U_001919,Pro,2024-07-09,,active,2024-07-09
S_002863,U_001919,Pro,2024-07-09,,active,2024-07-09
S_002864,U_001920,Basic,2024-12-08,,active,2024-12-08
S_002865,U_001920,Enterprise,2024-12-08,,active,2024-12-08
S_002866,U_001921,Basic,2022-11-24,2023-12-19,canceled,2022-11-24
S_002867,U_001921,Basic,2023-12-25,,active,2023-12-25
S_002868,U_001922,Pro,2024-02-19,,active,2024-02-19
S_002869,U_001923,Enterprise,2023-11-18,,active,2023-11-18
S_002870,U_001923,Basic,2023-11-18,,active,2023-11-18
S_002871,U_001924,Pro,2022-11-29,2024-04-22,canceled,2022-11-29
S_002872,U_001924,Pro,2024-05-21,,active,2024-05-21
S_002873,U_001925,Basic,2022-04-16,2024-04-05,canceled,2022-04-16
S_002874,U_001925,Pro,2024-05-02,2024-12-28,canceled,2024-05-02
S_002875,U_001926,Basic,2023-09-26,,active,2023-09-26
S_002876,U_001926,Enterprise,2023-09-26,2024-10-20,active,2023-09-26
S_002877,U_001927,Basic,2023-01-06,2024-04-30,canceled,2023-01-06
S_002878,U_001928,Basic,2023-02-20,2023-10-18,canceled,2023-02-20
S_002879,U_001928,Pro,2023-11-03,2024-03-02,canceled,2023-11-03
S_002880,U_001929,Basic,2023-06-03,2024-07-27,canceled,2023-06-03
S_002881,U_001929,Basic,2024-08-04,,active,2024-08-04
S_002882,U_001930,Basic,2024-10-16,,active,2024-10-16
S_002883,U_001931,Pro,2022-01-12,2023-09-04,canceled,2022-01-12
S_002884,U_001932,Pro,2023-05-03,2024-03-28,canceled,2023-05-03
S_002885,U_001933,Basic,2024-09-01,2024-11-30,canceled,2024-09-01
S_002886,U_001934,Pro,2024-06-23,2024-09-21,canceled,2024-06-23
S_002887,U_001934,Pro,2024-09-26,,active,2024-09-26
S_002888,U_001935,Basic,2022-01-14,2022-10-11,canceled,2022-01-14
S_002889,U_001935,Basic,2022-10-19,2023-12-13,canceled,2022-10-19
S_002890,U_001936,Pro,2023-07-24,2023-09-22,canceled,2023-07-24
S_002891,U_001937,Enterprise,2023-03-02,2024-06-24,canceled,2023-03-02
S_002892,U_001937,Basic,2024-07-17,,active,2024-07-17
S_002893,U_001938,Basic,2022-10-31,2024-06-22,active,2022-10-31
S_002894,U_001938,Basic,2024-06-29,,active,2024-06-29
S_002895,U_001939,Basic,2022-03-17,2023-05-11,canceled,2022-03-17
S_002896,U_001939,Basic,2023-05-23,2023-12-19,canceled,2023-05-23
S_002897,U_001940,Basic,2023-09-04,2024-09-28,canceled,2023-09-04
S_002898,U_001941,Basic,2022-04-11,2023-08-04,active,2022-04-11
S_002899,U_001941,Basic,2023-08-31,2023-10-30,active,2023-08-31
S_002900,U_001942,Pro,2023-01-01,2023-07-30,canceled,2023-01-01
S_002901,U_001943,Basic,2022-12-30,2024-03-24,canceled,2022-12-30
S_002902,U_001944,Pro,2024-01-08,,active,2024-01-08
S_002903,U_001945,Basic,2023-09-05,,active,2023-09-05
S_002904,U_001946,Basic,2024-02-16,,active,2024-02-16
S_002905,U_001947,Pro,2022-05-13,2024-01-03,canceled,2022-05-13
S_002906,U_001948,Basic,2022-10-03,2023-05-31,canceled,2022-10-03
S_002907,U_001949,Pro,2023-11-06,2024-10-31,canceled,2023-11-06
S_002908,U_001950,Basic,2024-12-10,,active,2024-12-10
S_002909,U_001950,Basic,2024-12-10,,active,2024-12-10
S_002910,U_001951,Pro,2022-04-30,2023-04-25,active,2022-04-30
S_002911,U_001952,Basic,2024-12-19,,active,2024-12-19
S_002912,U_001953,Basic,2023-08-12,,active,2023-08-12
S_002913,U_001954,Pro,2023-10-11,,active,2023-10-11
S_002914,U_001954,Basic,2023-10-11,2024-09-05,active,2023-10-11
S_002915,U_001955,Enterprise,2023-12-26,2024-06-23,canceled,2023-12-26
S_002916,U_001956,Basic,2024-10-13,,active,2024-10-13
S_002917,U_001956,Basic,2024-10-13,,active,2024-10-13
S_002918,U_001957,Basic,2024-10-05,,active,2024-10-05
S_002919,U_001957,Enterprise,2024-10-05,,active,2024-10-05
S_002920,U_001958,Pro,2023-04-22,2023-10-19,canceled,2023-04-22
S_002921,U_001959,Basic,2022-01-04,2022-10-31,canceled,2022-01-04
S_002922,U_001959,Basic,2022-11-28,2024-05-21,canceled,2022-11-28
S_002923,U_001960,Enterprise,2024-08-10,,active,2024-08-10
S_002924,U_001960,Basic,2024-08-10,,active,2024-08-10
S_002925,U_001961,Pro,2024-04-29,,active,2024-04-29
S_002926,U_001962,Pro,2023-11-15,2024-01-14,canceled,2023-11-15
S_002927,U_001963,Enterprise,2023-03-11,2024-01-05,active,2023-03-11
S_002928,U_001964,Basic,2023-07-31,2024-01-27,canceled,2023-07-31
S_002929,U_001965,Basic,2023-09-23,2024-03-21,canceled,2023-09-23
S_002930,U_001965,Basic,2024-03-29,,active,2024-03-29
S_002931,U_001966,Basic,2023-10-26,2024-04-23,canceled,2023-10-26
S_002932,U_001967,Pro,2023-11-14,,active,2023-11-14
S_002933,U_001967,Basic,2023-11-14,2024-07-11,canceled,2023-11-14
S_002934,U_001968,Pro,2022-03-01,2023-11-21,canceled,2022-03-01
S_002935,U_001968,Basic,2023-12-10,,active,2023-12-10
S_002936,U_001969,Enterprise,2023-11-08,2024-04-06,canceled,2023-11-08
S_002937,U_001969,Basic,2024-04-18,2024-08-16,canceled,2024-04-18
S_002938,U_001970,Enterprise,2024-08-29,2024-12-27,canceled,2024-08-29
S_002939,U_001971,Basic,2024-09-13,,active,2024-09-13
S_002940,U_001972,Pro,2023-11-18,2024-06-15,canceled,2023-11-18
S_002941,U_001973,Basic,2022-04-25,2022-06-24,canceled,2022-04-25
S_002942,U_001974,Basic,2023-10-09,2024-12-02,canceled,2023-10-09
S_002943,U_001974,Basic,2024-12-11,,active,2024-12-11
S_002944,U_001975,Basic,2022-02-08,2022-04-09,canceled,2022-02-08
S_002945,U_001976,Basic,2023-11-11,2024-12-05,active,2023-11-11
S_002946,U_001976,Pro,2024-12-23,,active,2024-12-23
S_002947,U_001977,Enterprise,2022-11-02,2023-01-31,canceled,2022-11-02
S_002948,U_001977,Basic,2023-02-27,2023-08-26,canceled,2023-02-27
S_002949,U_001978,Basic,2023-11-26,2024-02-24,canceled,2023-11-26
S_002950,U_001978,Pro,2024-03-09,,active,2024-03-09
S_002951,U_001979,Pro,2022-12-06,2024-03-30,active,2022-12-06
S_002952,U_001979,Enterprise,2024-04-16,,active,2024-04-16
S_002953,U_001980,Pro,2024-03-08,2024-11-03,canceled,2024-03-08
S_002954,U_001980,Basic,2024-11-26,,active,2024-11-26
S_002955,U_001981,Pro,2022-08-28,2023-10-22,canceled,2022-08-28
S_002956,U_001981,Basic,2023-11-02,2024-05-30,canceled,2023-11-02
S_002957,U_001982,Basic,2022-03-06,2022-09-02,canceled,2022-03-06
S_002958,U_001983,Pro,2022-06-27,2023-06-22,active,2022-06-27
S_002959,U_001983,Pro,2023-07-14,2024-05-09,canceled,2023-07-14
S_002960,U_001984,Basic,2024-02-01,,active,2024-02-01
S_002961,U_001985,Pro,2023-03-19,2024-06-11,canceled,2023-03-19
S_002962,U_001986,Enterprise,2022-12-25,2024-12-14,canceled,2022-12-25
S_002963,U_001986,Basic,2025-01-07,,active,2025-01-07
S_002964,U_001987,Basic,2022-03-18,2023-10-09,canceled,2022-03-18
S_002965,U_001987,Pro,2023-10-21,2024-09-15,active,2023-10-21
S_002966,U_001988,Pro,2024-06-27,,active,2024-06-27
S_002967,U_001988,Basic,2024-06-27,,active,2024-06-27
S_002968,U_001989,Basic,2024-09-15,,active,2024-09-15
S_002969,U_001990,Pro,2023-01-25,2023-10-22,canceled,2023-01-25
S_002970,U_001991,Pro,2024-12-08,,active,2024-12-08
S_002971,U_001991,Basic,2024-12-08,,active,2024-12-08
S_002972,U_001992,Enterprise,2022-10-21,2023-08-17,canceled,2022-10-21
S_002973,U_001992,Pro,2023-09-05,2024-10-29,active,2023-09-05
S_002974,U_001993,Basic,2022-09-29,2024-01-22,canceled,2022-09-29
S_002975,U_001993,Pro,2024-02-18,2024-12-14,canceled,2024-02-18
S_002976,U_001994,Enterprise,2024-07-29,,active,2024-07-29
S_002977,U_001994,Enterprise,2024-07-29,,active,2024-07-29
S_002978,U_001995,Basic,2022-08-26,2023-06-22,canceled,2022-08-26
S_002979,U_001995,Basic,2023-07-20,,active,2023-07-20
S_002980,U_001996,Enterprise,2022-04-01,2022-07-30,canceled,2022-04-01
S_002981,U_001996,Basic,2022-08-12,2023-03-10,canceled,2022-08-12
S_002982,U_001997,Basic,2023-11-14,2024-01-13,canceled,2023-11-14
S_002983,U_001998,Basic,2022-07-31,2023-07-26,canceled,2022-07-31
S_002984,U_001998,Basic,2023-08-12,2024-08-06,canceled,2023-08-12
S_002985,U_001999,Basic,2022-02-16,2023-06-11,canceled,2022-02-16
S_002986,U_001999,Basic,2023-06-23,2024-04-18,canceled,2023-06-23
S_002987,U_002000,Basic,2023-03-06,2024-04-29,canceled,2023-03-06
S_002988,U_002001,Enterprise,2023-01-30,2023-11-26,canceled,2023-01-30
S_002989,U_002002,Basic,2024-12-26,,active,2024-12-26
S_002990,U_002003,Pro,2022-08-29,2023-07-25,canceled,2022-08-29
S_002991,U_002003,Basic,2023-08-08,2023-11-06,canceled,2023-08-08
S_002992,U_002004,Pro,2022-11-19,2024-03-13,canceled,2022-11-19
S_002993,U_002005,Basic,2022-02-01,2023-11-23,canceled,2022-02-01
S_002994,U_002006,Enterprise,2024-11-18,,active,2024-11-18
S_002995,U_002006,Enterprise,2024-11-18,,active,2024-11-18
S_002996,U_002007,Basic,2023-12-19,,active,2023-12-19
S_002997,U_002008,Basic,2023-07-10,,active,2023-07-10
S_002998,U_002008,Basic,2023-07-10,2024-02-05,canceled,2023-07-10
S_002999,U_002009,Pro,2023-05-17,2023-12-13,canceled,2023-05-17
S_003000,U_002009,Pro,2024-01-03,2024-10-29,canceled,2024-01-03
S_003001,U_002010,Basic,2023-09-30,,active,2023-09-30
S_003002,U_002010,Basic,2023-09-30,2024-04-27,active,2023-09-30
S_003003,U_002011,Pro,2024-06-27,,active,2024-06-27
S_003004,U_002012,Pro,2022-03-01,2022-08-28,canceled,2022-03-01
S_003005,U_002012,Basic,2022-09-16,2023-03-15,canceled,2022-09-16
S_003006,U_002013,Basic,2022-08-05,2023-04-02,canceled,2022-08-05
S_003007,U_002013,Basic,2023-04-10,2023-07-09,canceled,2023-04-10
S_003008,U_002014,Pro,2022-06-26,2023-10-19,active,2022-06-26
S_003009,U_002014,Basic,2023-10-26,2024-11-19,canceled,2023-10-26
S_003010,U_002015,Basic,2023-01-02,2023-07-01,canceled,2023-01-02
S_003011,U_002016,Pro,2024-07-02,2024-10-30,canceled,2024-07-02
S_003012,U_002017,Pro,2023-10-02,2024-05-29,canceled,2023-10-02
S_003013,U_002017,Pro,2024-06-03,,active,2024-06-03
S_003014,U_002018,Pro,2024-12-28,,active,2024-12-28
S_003015,U_002019,Basic,2022-09-27,2024-07-18,canceled,2022-09-27
S_003016,U_002019,Enterprise,2024-08-07,2024-11-05,canceled,2024-08-07
S_003017,U_002020,Pro,2022-07-19,2023-08-13,canceled,2022-07-19
S_003018,U_002020,Pro,2023-09-03,2024-03-31,active,2023-09-03
S_003019,U_002021,Basic,2024-08-11,,active,2024-08-11
S_003020,U_002022,Pro,2023-04-04,2024-04-28,canceled,2023-04-04
S_003021,U_002022,Enterprise,2024-05-14,,active,2024-05-14
S_003022,U_002023,Enterprise,2023-06-13,2023-12-10,canceled,2023-06-13
S_003023,U_002024,Basic,2023-01-11,2024-10-02,canceled,2023-01-11
S_003024,U_002024,Pro,2024-10-23,,active,2024-10-23
S_003025,U_002025,Basic,2024-07-17,,active,2024-07-17
S_003026,U_002026,Pro,2022-05-14,2023-02-08,canceled,2022-05-14
S_003027,U_002027,Basic,2023-12-21,,active,2023-12-21
S_003028,U_002027,Enterprise,2023-12-21,,active,2023-12-21
S_003029,U_002028,Basic,2022-12-16,2023-03-16,canceled,2022-12-16
S_003030,U_002028,Basic,2023-04-04,2023-10-31,canceled,2023-04-04
S_003031,U_002029,Pro,2022-09-18,2023-04-16,active,2022-09-18
S_003032,U_002030,Basic,2024-04-10,2024-06-09,canceled,2024-04-10
S_003033,U_002030,Basic,2024-06-18,,active,2024-06-18
S_003034,U_002031,Pro,2022-05-26,2023-12-17,canceled,2022-05-26
S_003035,U_002032,Pro,2024-08-02,,active,2024-08-02
S_003036,U_002033,Enterprise,2024-04-26,,active,2024-04-26
S_003037,U_002033,Basic,2024-04-26,,active,2024-04-26
S_003038,U_002034,Basic,2023-05-15,2024-05-09,canceled,2023-05-15
S_003039,U_002034,Basic,2024-05-22,,active,2024-05-22
S_003040,U_002035,Enterprise,2024-09-14,,active,2024-09-14
S_003041,U_002036,Enterprise,2023-11-29,,active,2023-11-29
S_003042,U_002037,Pro,2024-06-01,,active,2024-06-01
S_003043,U_002038,Basic,2023-12-02,2024-05-30,canceled,2023-12-02
S_003044,U_002038,Pro,2024-06-25,,active,2024-06-25
S_003045,U_002039,Pro,2022-12-21,2024-11-10,active,2022-12-21
S_003046,U_002040,Basic,2024-09-23,,active,2024-09-23
S_003047,U_002041,Basic,2024-08-06,,active,2024-08-06
S_003048,U_002041,Pro,2024-08-06,,active,2024-08-06
S_003049,U_002042,Basic,2022-07-19,2024-05-09,canceled,2022-07-19
S_003050,U_002042,Basic,2024-05-26,,active,2024-05-26
S_003051,U_002043,Pro,2023-09-23,2024-06-19,canceled,2023-09-23
S_003052,U_002043,Basic,2024-07-14,2024-10-12,canceled,2024-07-14
S_003053,U_002044,Basic,2022-08-11,2023-05-08,canceled,2022-08-11
S_003054,U_002044,Basic,2023-06-03,2024-12-24,active,2023-06-03
S_003055,U_002045,Pro,2023-11-02,2024-10-27,canceled,2023-11-02
S_003056,U_002046,Basic,2022-07-05,2023-08-29,canceled,2022-07-05
S_003057,U_002047,Basic,2022-01-01,2022-11-27,canceled,2022-01-01
S_003058,U_002048,Pro,2024-07-16,,active,2024-07-16
S_003059,U_002048,Basic,2024-07-16,,active,2024-07-16
S_003060,U_002049,Basic,2024-03-09,,active,2024-03-09
S_003061,U_002049,Basic,2024-03-09,2024-07-07,canceled,2024-03-09
S_003062,U_002050,Basic,2024-07-04,,active,2024-07-04
S_003063,U_002051,Basic,2023-10-11,,active,2023-10-11
S_003064,U_002051,Pro,2023-10-11,,active,2023-10-11
S_003065,U_002052,Basic,2023-09-16,2024-07-12,canceled,2023-09-16
S_003066,U_002052,Basic,2024-08-07,,active,2024-08-07
S_003067,U_002053,Basic,2022-07-02,2023-10-25,canceled,2022-07-02
S_003068,U_002054,Basic,2024-11-11,,active,2024-11-11
S_003069,U_002055,Basic,2023-08-26,2024-03-23,canceled,2023-08-26
S_003070,U_002056,Basic,2022-04-19,2024-02-08,canceled,2022-04-19
S_003071,U_002057,Basic,2024-01-06,2024-05-05,active,2024-01-06
S_003072,U_002058,Pro,2022-03-05,2023-05-29,active,2022-03-05
S_003073,U_002059,Basic,2024-03-18,,active,2024-03-18
S_003074,U_002059,Pro,2024-03-18,,active,2024-03-18
S_003075,U_002060,Basic,2024-04-11,,active,2024-04-11
S_003076,U_002061,Basic,2023-03-09,2023-10-05,canceled,2023-03-09
S_003077,U_002061,Basic,2023-10-25,,active,2023-10-25
S_003078,U_002062,Basic,2022-10-12,2024-08-02,canceled,2022-10-12
S_003079,U_002063,Basic,2024-02-27,,active,2024-02-27
S_003080,U_002064,Pro,2022-11-12,2024-02-05,canceled,2022-11-12
S_003081,U_002064,Enterprise,2024-03-01,,active,2024-03-01
S_003082,U_002065,Basic,2022-10-03,2024-06-24,canceled,2022-10-03
S_003083,U_002065,Basic,2024-07-23,,active,2024-07-23
S_003084,U_002066,Basic,2022-02-02,2023-07-27,canceled,2022-02-02
S_003085,U_002067,Basic,2024-06-13,2024-11-10,canceled,2024-06-13
S_003086,U_002067,Basic,2024-11-20,,active,2024-11-20
S_003087,U_002068,Pro,2022-10-09,2023-11-03,canceled,2022-10-09
S_003088,U_002068,Basic,2023-11-20,2024-10-15,canceled,2023-11-20
S_003089,U_002069,Basic,2024-05-21,,active,2024-05-21
S_003090,U_002069,Basic,2024-05-21,2024-11-17,canceled,2024-05-21
S_003091,U_002070,Basic,2024-07-19,,active,2024-07-19
S_003092,U_002070,Basic,2024-07-19,,active,2024-07-19
S_003093,U_002071,Basic,2024-07-10,,active,2024-07-10
S_003094,U_002071,Basic,2024-07-10,,active,2024-07-10
S_003095,U_002072,Pro,2023-04-08,2023-08-06,canceled,2023-04-08
S_003096,U_002072,Basic,2023-08-17,2024-09-10,canceled,2023-08-17
S_003097,U_002073,Pro,2022-01-16,2022-04-16,canceled,2022-01-16
S_003098,U_002073,Basic,2022-04-28,2024-04-17,canceled,2022-04-28
S_003099,U_002074,Basic,2023-04-30,2024-06-23,active,2023-04-30
S_003100,U_002075,Pro,2024-04-21,,active,2024-04-21
S_003101,U_002075,Basic,2024-04-21,2024-09-18,active,2024-04-21
S_003102,U_002076,Basic,2024-01-22,,active,2024-01-22
S_003103,U_002076,Basic,2024-01-22,,active,2024-01-22
S_003104,U_002077,Basic,2024-09-16,,active,2024-09-16
S_003105,U_002078,Pro,2024-09-13,,active,2024-09-13
S_003106,U_002078,Basic,2024-09-13,,active,2024-09-13
S_003107,U_002079,Basic,2024-12-14,,active,2024-12-14
S_003108,U_002080,Pro,2024-11-24,,active,2024-11-24
S_003109,U_002080,Basic,2024-11-24,,active,2024-11-24
S_003110,U_002081,Pro,2022-07-01,2023-12-23,canceled,2022-07-01
S_003111,U_002081,Pro,2024-01-14,,active,2024-01-14
S_003112,U_002082,Basic,2022-06-09,2023-05-05,canceled,2022-06-09
S_003113,U_002082,Basic,2023-05-23,2024-05-17,canceled,2023-05-23
S_003114,U_002083,Basic,2023-10-02,2024-07-28,canceled,2023-10-02
S_003115,U_002084,Pro,2023-12-05,,active,2023-12-05
S_003116,U_002084,Basic,2023-12-05,,active,2023-12-05
S_003117,U_002085,Pro,2024-08-18,,active,2024-08-18
S_003118,U_002086,Basic,2024-08-18,,active,2024-08-18
S_003119,U_002086,Basic,2024-08-18,,active,2024-08-18
S_003120,U_002087,Pro,2024-05-12,,active,2024-05-12
S_003121,U_002087,Basic,2024-05-12,,active,2024-05-12
S_003122,U_002088,Basic,2023-08-16,2023-11-14,canceled,2023-08-16
S_003123,U_002089,Basic,2023-09-15,,active,2023-09-15
S_003124,U_002089,Pro,2023-09-15,2024-05-12,active,2023-09-15
S_003125,U_002090,Basic,2022-05-06,2022-12-02,canceled,2022-05-06
S_003126,U_002090,Enterprise,2022-12-07,2024-07-29,canceled,2022-12-07
S_003127,U_002091,Basic,2022-12-13,2024-05-06,canceled,2022-12-13
S_003128,U_002092,Basic,2023-08-21,,active,2023-08-21
S_003129,U_002092,Basic,2023-08-21,2024-07-16,canceled,2023-08-21
S_003130,U_002093,Basic,2023-08-11,,active,2023-08-11
S_003131,U_002093,Pro,2023-08-11,2024-02-07,active,2023-08-11
S_003132,U_002094,Basic,2022-09-17,2022-12-16,canceled,2022-09-17
S_003133,U_002095,Pro,2023-07-24,2024-09-16,active,2023-07-24
S_003134,U_002095,Pro,2024-09-25,,active,2024-09-25
S_003135,U_002096,Pro,2023-07-30,2024-01-26,active,2023-07-30
S_003136,U_002097,Basic,2022-01-30,2022-06-29,canceled,2022-01-30
S_003137,U_002098,Pro,2022-12-24,2024-01-18,canceled,2022-12-24
S_003138,U_002098,Basic,2024-02-11,,active,2024-02-11
S_003139,U_002099,Pro,2024-07-03,,active,2024-07-03
S_003140,U_002099,Enterprise,2024-07-03,,active,2024-07-03
S_003141,U_002100,Enterprise,2023-06-20,2023-10-18,active,2023-06-20
S_003142,U_002100,Basic,2023-11-11,2024-03-10,canceled,2023-11-11
S_003143,U_002101,Basic,2023-01-06,2024-12-26,canceled,2023-01-06
S_003144,U_002101,Basic,2025-01-12,,active,2025-01-12
S_003145,U_002102,Enterprise,2023-12-04,,active,2023-12-04
S_003146,U_002103,Basic,2022-11-12,2023-07-10,canceled,2022-11-12
S_003147,U_002103,Basic,2023-07-20,2024-10-12,canceled,2023-07-20
S_003148,U_002104,Basic,2024-02-24,2024-11-20,canceled,2024-02-24
S_003149,U_002105,Basic,2022-12-09,2024-03-03,canceled,2022-12-09
S_003150,U_002105,Basic,2024-03-11,2024-12-06,canceled,2024-03-11
S_003151,U_002106,Basic,2023-12-08,,active,2023-12-08
S_003152,U_002106,Pro,2023-12-08,,active,2023-12-08
S_003153,U_002107,Pro,2022-08-26,2024-03-18,active,2022-08-26
S_003154,U_002107,Basic,2024-03-24,,active,2024-03-24
S_003155,U_002108,Pro,2024-08-08,,active,2024-08-08
S_003156,U_002108,Basic,2024-08-08,,active,2024-08-08
S_003157,U_002109,Pro,2023-09-10,2023-12-09,canceled,2023-09-10
S_003158,U_002109,Pro,2024-01-08,,active,2024-01-08
S_003159,U_002110,Basic,2023-04-24,2024-03-19,canceled,2023-04-24
S_003160,U_002110,Basic,2024-04-01,2024-06-30,canceled,2024-04-01
S_003161,U_002111,Basic,2024-08-29,,active,2024-08-29
S_003162,U_002112,Enterprise,2024-12-22,,active,2024-12-22
S_003163,U_002112,Basic,2024-12-22,,active,2024-12-22
S_003164,U_002113,Basic,2023-08-15,2024-08-09,canceled,2023-08-15
S_003165,U_002113,Basic,2024-09-07,,active,2024-09-07
S_003166,U_002114,Basic,2023-10-09,,active,2023-10-09
S_003167,U_002115,Pro,2022-07-19,2023-04-15,canceled,2022-07-19
S_003168,U_002116,Basic,2024-06-03,,active,2024-06-03
S_003169,U_002117,Basic,2023-11-18,2024-01-17,canceled,2023-11-18
S_003170,U_002118,Basic,2022-07-21,2023-11-13,canceled,2022-07-21
S_003171,U_002119,Pro,2024-03-12,,active,2024-03-12
S_003172,U_002120,Basic,2023-02-04,2023-04-05,canceled,2023-02-04
S_003173,U_002120,Basic,2023-04-23,2024-09-14,canceled,2023-04-23
S_003174,U_002121,Basic,2023-01-04,2023-04-04,canceled,2023-01-04
S_003175,U_002121,Basic,2023-04-29,2023-07-28,canceled,2023-04-29
S_003176,U_002122,Pro,2022-01-22,2023-08-15,canceled,2022-01-22
S_003177,U_002123,Basic,2022-01-25,2022-09-22,canceled,2022-01-25
S_003178,U_002124,Basic,2024-12-11,,active,2024-12-11
S_003179,U_002125,Basic,2023-12-21,,active,2023-12-21
S_003180,U_002125,Pro,2023-12-21,2024-02-19,canceled,2023-12-21
S_003181,U_002126,Enterprise,2023-05-31,,active,2023-05-31
S_003182,U_002127,Basic,2022-02-18,2023-03-15,canceled,2022-02-18
S_003183,U_002128,Enterprise,2022-04-27,2023-02-21,canceled,2022-04-27
S_003184,U_002128,Basic,2023-03-15,2023-08-12,active,2023-03-15
S_003185,U_002129,Basic,2022-09-07,2023-07-04,canceled,2022-09-07
S_003186,U_002129,Pro,2023-07-28,,active,2023-07-28
S_003187,U_002130,Enterprise,2022-09-24,2022-12-23,canceled,2022-09-24
S_003188,U_002131,Basic,2023-01-14,2024-05-08,canceled,2023-01-14
S_003189,U_002132,Pro,2023-06-03,2024-05-28,canceled,2023-06-03
S_003190,U_002132,Basic,2024-06-04,,active,2024-06-04
S_003191,U_002133,Pro,2022-06-05,2024-01-26,canceled,2022-06-05
S_003192,U_002134,Basic,2024-05-24,,active,2024-05-24
S_003193,U_002134,Basic,2024-05-24,,active,2024-05-24
S_003194,U_002135,Enterprise,2022-11-28,2024-04-21,canceled,2022-11-28
S_003195,U_002136,Basic,2022-05-08,2022-09-05,canceled,2022-05-08
S_003196,U_002136,Basic,2022-09-13,2023-01-11,active,2022-09-13
S_003197,U_002137,Enterprise,2023-11-13,2024-02-11,canceled,2023-11-13
S_003198,U_002137,Enterprise,2024-02-27,,active,2024-02-27
S_003199,U_002138,Pro,2023-06-27,,active,2023-06-27
S_003200,U_002138,Basic,2023-06-27,2023-10-25,canceled,2023-06-27
S_003201,U_002139,Basic,2022-05-23,2022-08-21,canceled,2022-05-23
S_003202,U_002139,Basic,2022-09-02,2023-09-27,canceled,2022-09-02
S_003203,U_002140,Pro,2024-03-15,2024-10-11,canceled,2024-03-15
S_003204,U_002140,Pro,2024-11-08,,active,2024-11-08
S_003205,U_002141,Basic,2022-08-11,2023-03-09,canceled,2022-08-11
S_003206,U_002141,Enterprise,2023-03-29,2024-01-23,canceled,2023-03-29
S_003207,U_002142,Basic,2024-06-02,2024-08-01,canceled,2024-06-02
S_003208,U_002142,Basic,2024-08-15,,active,2024-08-15
S_003209,U_002143,Basic,2022-08-06,2024-06-26,canceled,2022-08-06
S_003210,U_002143,Basic,2024-07-26,,active,2024-07-26
S_003211,U_002144,Pro,2022-07-31,2023-03-28,active,2022-07-31
S_003212,U_002144,Pro,2023-04-25,,active,2023-04-25
S_003213,U_002145,Basic,2022-05-25,2023-04-20,canceled,2022-05-25
S_003214,U_002146,Basic,2024-07-02,,active,2024-07-02
S_003215,U_002147,Basic,2022-11-01,2024-06-23,active,2022-11-01
S_003216,U_002147,Basic,2024-06-28,2024-08-27,active,2024-06-28
S_003217,U_002148,Pro,2024-03-10,,active,2024-03-10
S_003218,U_002148,Pro,2024-03-10,,active,2024-03-10
S_003219,U_002149,Basic,2023-11-07,2024-11-01,canceled,2023-11-07
S_003220,U_002149,Basic,2024-11-27,,active,2024-11-27
S_003221,U_002150,Basic,2022-01-08,2023-10-30,canceled,2022-01-08
S_003222,U_002151,Basic,2024-09-06,,active,2024-09-06
S_003223,U_002151,Basic,2024-09-06,,active,2024-09-06
S_003224,U_002152,Basic,2022-05-24,2022-12-20,canceled,2022-05-24
S_003225,U_002152,Basic,2023-01-05,2023-03-06,canceled,2023-01-05
S_003226,U_002153,Basic,2022-01-07,2022-07-06,active,2022-01-07
S_003227,U_002153,Basic,2022-07-15,2023-08-09,canceled,2022-07-15
S_003228,U_002154,Basic,2022-09-06,2023-02-03,canceled,2022-09-06
S_003229,U_002155,Basic,2024-01-06,2024-07-04,canceled,2024-01-06
S_003230,U_002155,Pro,2024-07-19,,active,2024-07-19
S_003231,U_002156,Basic,2024-03-31,2024-12-26,canceled,2024-03-31
S_003232,U_002156,Pro,2025-01-23,,active,2025-01-23
S_003233,U_002157,Basic,2024-01-19,,active,2024-01-19
S_003234,U_002157,Pro,2024-01-19,,active,2024-01-19
S_003235,U_002158,Basic,2022-06-14,2023-08-08,canceled,2022-06-14
S_003236,U_002159,Pro,2023-02-20,2023-04-21,canceled,2023-02-20
S_003237,U_002159,Basic,2023-05-13,2024-01-08,canceled,2023-05-13
S_003238,U_002160,Pro,2022-03-22,2022-06-20,canceled,2022-03-22
S_003239,U_002161,Pro,2023-09-05,2024-04-02,canceled,2023-09-05
S_003240,U_002162,Basic,2024-01-06,2024-07-04,canceled,2024-01-06
S_003241,U_002163,Basic,2024-06-15,,active,2024-06-15
S_003242,U_002164,Pro,2022-03-15,2023-10-06,canceled,2022-03-15
S_003243,U_002165,Basic,2023-05-04,2024-06-27,canceled,2023-05-04
S_003244,U_002165,Basic,2024-07-02,,active,2024-07-02
S_003245,U_002166,Basic,2022-05-10,2023-03-06,canceled,2022-05-10
S_003246,U_002167,Basic,2024-10-20,,active,2024-10-20
S_003247,U_002167,Pro,2024-10-20,,active,2024-10-20
S_003248,U_002168,Basic,2022-02-03,2023-03-30,canceled,2022-02-03
S_003249,U_002169,Basic,2022-04-25,2023-10-17,canceled,2022-04-25
S_003250,U_002169,Basic,2023-11-01,2024-12-25,canceled,2023-11-01
S_003251,U_002170,Pro,2024-04-10,2024-09-07,canceled,2024-04-10
S_003252,U_002170,Basic,2024-10-05,,active,2024-10-05
S_003253,U_002171,Basic,2024-12-07,,active,2024-12-07
S_003254,U_002172,Pro,2022-11-02,2023-05-31,canceled,2022-11-02
S_003255,U_002172,Basic,2023-06-10,,active,2023-06-10
S_003256,U_002173,Basic,2022-05-28,2022-12-24,canceled,2022-05-28
S_003257,U_002174,Pro,2024-09-28,,active,2024-09-28
S_003258,U_002175,Pro,2022-04-04,2023-09-26,active,2022-04-04
S_003259,U_002175,Pro,2023-10-19,,active,2023-10-19
S_003260,U_002176,Basic,2022-01-30,2023-10-22,canceled,2022-01-30
S_003261,U_002177,Basic,2023-09-22,,active,2023-09-22
S_003262,U_002177,Enterprise,2023-09-22,2024-07-18,canceled,2023-09-22
S_003263,U_002178,Pro,2022-12-16,2024-06-08,canceled,2022-12-16
S_003264,U_002179,Basic,2022-08-06,2023-10-30,canceled,2022-08-06
S_003265,U_002180,Pro,2023-03-28,2023-06-26,canceled,2023-03-28
S_003266,U_002181,Basic,2024-05-22,,active,2024-05-22
S_003267,U_002182,Basic,2023-10-27,2024-03-25,canceled,2023-10-27
S_003268,U_002182,Basic,2024-04-19,2024-11-15,canceled,2024-04-19
S_003269,U_002183,Basic,2022-10-09,2022-12-08,active,2022-10-09
S_003270,U_002184,Enterprise,2022-04-04,2023-12-25,canceled,2022-04-04
S_003271,U_002185,Basic,2023-11-19,,active,2023-11-19
S_003272,U_002186,Basic,2023-07-15,2024-11-06,canceled,2023-07-15
S_003273,U_002186,Pro,2024-11-18,,active,2024-11-18
S_003274,U_002187,Pro,2022-12-11,2024-06-03,canceled,2022-12-11
S_003275,U_002188,Basic,2022-12-04,2024-04-27,canceled,2022-12-04
S_003276,U_002189,Basic,2022-03-25,2024-01-14,canceled,2022-03-25
S_003277,U_002190,Basic,2024-02-10,,active,2024-02-10
S_003278,U_002190,Basic,2024-02-10,,active,2024-02-10
S_003279,U_002191,Enterprise,2024-09-24,,active,2024-09-24
S_003280,U_002191,Basic,2024-09-24,,active,2024-09-24
S_003281,U_002192,Basic,2022-01-15,2023-07-09,canceled,2022-01-15
S_003282,U_002193,Pro,2023-08-05,2024-02-01,canceled,2023-08-05
S_003283,U_002194,Basic,2022-09-17,2023-04-15,canceled,2022-09-17
S_003284,U_002195,Basic,2023-07-09,2024-07-03,canceled,2023-07-09
S_003285,U_002196,Basic,2024-04-23,,active,2024-04-23
S_003286,U_002197,Basic,2022-03-19,2024-01-08,canceled,2022-03-19
S_003287,U_002197,Pro,2024-02-06,,active,2024-02-06
S_003288,U_002198,Basic,2024-10-20,,active,2024-10-20
S_003289,U_002199,Pro,2023-09-09,2024-07-05,canceled,2023-09-09
S_003290,U_002200,Basic,2022-01-10,2023-05-05,active,2022-01-10
S_003291,U_002201,Enterprise,2023-01-29,,active,2023-01-29
S_003292,U_002201,Basic,2023-01-29,2024-09-20,canceled,2023-01-29
S_003293,U_002202,Basic,2022-07-15,2023-06-10,canceled,2022-07-15
S_003294,U_002203,Pro,2024-11-05,,active,2024-11-05
S_003295,U_002204,Pro,2023-03-03,2024-04-26,canceled,2023-03-03
S_003296,U_002205,Pro,2023-02-01,2024-10-23,active,2023-02-01
S_003297,U_002205,Pro,2024-11-15,,active,2024-11-15
S_003298,U_002206,Basic,2024-08-29,,active,2024-08-29
S_003299,U_002206,Pro,2024-08-29,,active,2024-08-29
S_003300,U_002207,Basic,2022-11-24,2023-08-21,canceled,2022-11-24
S_003301,U_002208,Pro,2024-01-16,2024-03-16,canceled,2024-01-16
S_003302,U_002208,Basic,2024-04-13,2024-10-10,canceled,2024-04-13
S_003303,U_002209,Basic,2024-06-09,,active,2024-06-09
S_003304,U_002210,Basic,2024-07-17,,active,2024-07-17
S_003305,U_002210,Basic,2024-07-17,,active,2024-07-17
S_003306,U_002211,Basic,2022-04-18,2023-08-11,canceled,2022-04-18
S_003307,U_002211,Basic,2023-08-28,,active,2023-08-28
S_003308,U_002212,Basic,2022-11-20,2024-08-11,canceled,2022-11-20
S_003309,U_002213,Basic,2024-11-20,,active,2024-11-20
S_003310,U_002213,Pro,2024-11-20,,active,2024-11-20
S_003311,U_002214,Basic,2023-04-27,2023-08-25,active,2023-04-27
S_003312,U_002214,Pro,2023-09-05,,active,2023-09-05
S_003313,U_002215,Basic,2023-10-30,,active,2023-10-30
S_003314,U_002215,Basic,2023-10-30,,active,2023-10-30
S_003315,U_002216,Basic,2023-10-30,,active,2023-10-30
S_003316,U_002216,Basic,2023-10-30,,active,2023-10-30
S_003317,U_002217,Enterprise,2023-10-30,2024-09-24,canceled,2023-10-30
S_003318,U_002218,Basic,2023-05-01,2024-04-25,canceled,2023-05-01
S_003319,U_002219,Pro,2024-02-09,,active,2024-02-09
S_003320,U_002220,Pro,2024-08-22,,active,2024-08-22
S_003321,U_002220,Enterprise,2024-08-22,,active,2024-08-22
S_003322,U_002221,Basic,2022-04-22,2022-10-19,active,2022-04-22
S_003323,U_002222,Basic,2023-03-19,2024-10-09,canceled,2023-03-19
S_003324,U_002222,Basic,2024-10-15,,active,2024-10-15
S_003325,U_002223,Basic,2022-12-31,2023-10-27,canceled,2022-12-31
S_003326,U_002224,Basic,2022-10-07,2024-04-29,canceled,2022-10-07
S_003327,U_002225,Basic,2024-01-05,2024-11-30,canceled,2024-01-05
S_003328,U_002226,Pro,2023-11-19,,active,2023-11-19
S_003329,U_002227,Pro,2022-05-03,2022-09-30,canceled,2022-05-03
S_003330,U_002227,Enterprise,2022-10-18,2023-07-15,canceled,2022-10-18
S_003331,U_002228,Enterprise,2022-08-16,2022-11-14,canceled,2022-08-16
S_003332,U_002228,Pro,2022-11-20,2024-01-14,canceled,2022-11-20
S_003333,U_002229,Basic,2024-05-06,,active,2024-05-06
S_003334,U_002230,Pro,2023-03-27,2023-05-26,active,2023-03-27
S_003335,U_002230,Basic,2023-06-11,2023-11-08,canceled,2023-06-11
S_003336,U_002231,Pro,2022-11-18,2024-06-10,canceled,2022-11-18
S_003337,U_002232,Basic,2023-04-16,2023-07-15,canceled,2023-04-16
S_003338,U_002232,Enterprise,2023-08-04,2023-10-03,canceled,2023-08-04
S_003339,U_002233,Basic,2024-12-04,,active,2024-12-04
S_003340,U_002233,Pro,2024-12-04,,active,2024-12-04
S_003341,U_002234,Pro,2024-08-27,,active,2024-08-27
S_003342,U_002235,Basic,2022-01-30,2024-01-20,canceled,2022-01-30
S_003343,U_002235,Basic,2024-02-01,2024-12-27,canceled,2024-02-01
S_003344,U_002236,Pro,2023-05-23,2023-08-21,canceled,2023-05-23
S_003345,U_002237,Enterprise,2023-04-01,2024-10-22,active,2023-04-01
S_003346,U_002237,Pro,2024-11-08,,active,2024-11-08
S_003347,U_002238,Basic,2022-01-11,2022-04-11,canceled,2022-01-11
S_003348,U_002239,Basic,2022-03-24,2023-04-18,canceled,2022-03-24
S_003349,U_002240,Basic,2022-03-10,2023-06-03,canceled,2022-03-10
S_003350,U_002240,Enterprise,2023-06-13,2024-01-09,canceled,2023-06-13
S_003351,U_002241,Basic,2024-03-18,,active,2024-03-18
S_003352,U_002241,Pro,2024-03-18,,active,2024-03-18
S_003353,U_002242,Pro,2024-07-15,,active,2024-07-15
S_003354,U_002242,Basic,2024-07-15,,active,2024-07-15
S_003355,U_002243,Basic,2022-06-20,2023-05-16,canceled,2022-06-20
S_003356,U_002243,Basic,2023-05-31,2024-02-25,canceled,2023-05-31
S_003357,U_002244,Basic,2024-04-12,,active,2024-04-12
S_003358,U_002245,Basic,2024-01-05,,active,2024-01-05
S_003359,U_002246,Enterprise,2022-07-05,2023-05-31,canceled,2022-07-05
S_003360,U_002247,Basic,2023-09-17,,active,2023-09-17
S_003361,U_002248,Basic,2022-02-19,2022-11-16,canceled,2022-02-19
S_003362,U_002249,Enterprise,2022-10-11,2023-02-08,active,2022-10-11
S_003363,U_002250,Basic,2024-01-29,,active,2024-01-29
S_003364,U_002250,Basic,2024-01-29,,active,2024-01-29
S_003365,U_002251,Basic,2022-05-25,2023-03-21,canceled,2022-05-25
S_003366,U_002251,Pro,2023-04-12,2025-01-01,canceled,2023-04-12
S_003367,U_002252,Basic,2024-12-23,,active,2024-12-23
S_003368,U_002252,Basic,2024-12-23,,active,2024-12-23
S_003369,U_002253,Basic,2024-05-22,,active,2024-05-22
S_003370,U_002253,Basic,2024-05-22,,active,2024-05-22
S_003371,U_002254,Basic,2023-03-01,2024-08-22,canceled,2023-03-01
S_003372,U_002255,Basic,2023-11-19,2024-02-17,canceled,2023-11-19
S_003373,U_002256,Basic,2024-01-16,,active,2024-01-16
S_003374,U_002257,Basic,2024-02-24,,active,2024-02-24
S_003375,U_002258,Basic,2022-03-25,2022-12-20,canceled,2022-03-25
S_003376,U_002258,Basic,2023-01-14,2023-07-13,canceled,2023-01-14
S_003377,U_002259,Basic,2022-12-25,2024-04-18,canceled,2022-12-25
S_003378,U_002259,Basic,2024-05-11,,active,2024-05-11
S_003379,U_002260,Basic,2023-02-24,2024-01-20,active,2023-02-24
S_003380,U_002260,Basic,2024-02-13,,active,2024-02-13
S_003381,U_002261,Basic,2023-05-04,2024-11-24,canceled,2023-05-04
S_003382,U_002262,Basic,2024-09-06,,active,2024-09-06
S_003383,U_002263,Pro,2023-04-07,2023-08-05,canceled,2023-04-07
S_003384,U_002264,Basic,2023-07-02,2023-09-30,canceled,2023-07-02
S_003385,U_002265,Pro,2023-07-22,,active,2023-07-22
S_003386,U_002266,Basic,2024-02-03,2024-08-31,canceled,2024-02-03
S_003387,U_002267,Basic,2024-09-22,,active,2024-09-22
S_003388,U_002268,Basic,2022-09-09,2024-07-30,canceled,2022-09-09
S_003389,U_002268,Basic,2024-08-09,,active,2024-08-09
S_003390,U_002269,Basic,2024-12-27,,active,2024-12-27
S_003391,U_002269,Basic,2024-12-27,,active,2024-12-27
S_003392,U_002270,Basic,2024-01-24,,active,2024-01-24
S_003393,U_002271,Basic,2024-07-26,,active,2024-07-26
S_003394,U_002272,Basic,2024-03-11,,active,2024-03-11
S_003395,U_002273,Basic,2022-06-07,2023-04-03,active,2022-06-07
S_003396,U_002273,Basic,2023-04-23,2024-09-14,canceled,2023-04-23
S_003397,U_002274,Basic,2023-07-20,2024-09-12,canceled,2023-07-20
S_003398,U_002275,Basic,2024-10-13,,active,2024-10-13
S_003399,U_002275,Basic,2024-10-13,,active,2024-10-13
S_003400,U_002276,Pro,2024-12-02,,active,2024-12-02
S_003401,U_002276,Pro,2024-12-02,,active,2024-12-02
S_003402,U_002277,Basic,2024-05-03,,active,2024-05-03
S_003403,U_002277,Basic,2024-05-03,2024-07-02,canceled,2024-05-03
S_003404,U_002278,Basic,2024-08-28,,active,2024-08-28
S_003405,U_002279,Basic,2024-06-28,,active,2024-06-28
S_003406,U_002279,Basic,2024-06-28,,active,2024-06-28
S_003407,U_002280,Basic,2023-01-23,,active,2023-01-23
S_003408,U_002280,Basic,2023-01-23,2024-10-14,canceled,2023-01-23
S_003409,U_002281,Enterprise,2023-04-21,2023-11-17,canceled,2023-04-21
S_003410,U_002281,Basic,2023-12-04,,active,2023-12-04
S_003411,U_002282,Pro,2024-04-23,,active,2024-04-23
S_003412,U_002282,Pro,2024-04-23,,active,2024-04-23
S_003413,U_002283,Basic,2023-10-31,,active,2023-10-31
S_003414,U_002283,Enterprise,2023-10-31,2024-11-24,active,2023-10-31
S_003415,U_002284,Pro,2024-12-21,,active,2024-12-21
S_003416,U_002284,Basic,2024-12-21,,active,2024-12-21
S_003417,U_002285,Enterprise,2024-07-26,2024-12-23,active,2024-07-26
S_003418,U_002286,Basic,2022-09-28,2024-01-21,canceled,2022-09-28
S_003419,U_002287,Pro,2023-06-17,2024-05-12,canceled,2023-06-17
S_003420,U_002288,Pro,2024-02-01,,active,2024-02-01
S_003421,U_002288,Basic,2024-02-01,,active,2024-02-01
S_003422,U_002289,Enterprise,2022-10-31,2023-08-27,active,2022-10-31
S_003423,U_002289,Basic,2023-09-26,2024-07-22,canceled,2023-09-26
S_003424,U_002290,Basic,2024-07-22,,active,2024-07-22
S_003425,U_002290,Basic,2024-07-22,,active,2024-07-22
S_003426,U_002291,Basic,2022-11-26,2023-07-24,canceled,2022-11-26
S_003427,U_002292,Pro,2023-01-09,2024-08-01,canceled,2023-01-09
S_003428,U_002292,Basic,2024-08-08,,active,2024-08-08
S_003429,U_002293,Pro,2022-11-27,2023-03-27,canceled,2022-11-27
S_003430,U_002293,Basic,2023-04-11,2023-06-10,canceled,2023-04-11
S_003431,U_002294,Pro,2022-03-26,2023-07-19,canceled,2022-03-26
S_003432,U_002295,Basic,2022-09-17,2024-04-09,active,2022-09-17
S_003433,U_002295,Basic,2024-04-27,,active,2024-04-27
S_003434,U_002296,Basic,2024-01-28,,active,2024-01-28
S_003435,U_002296,Basic,2024-01-28,,active,2024-01-28
S_003436,U_002297,Pro,2022-03-13,2023-07-06,active,2022-03-13
S_003437,U_002298,Basic,2022-10-30,2024-09-19,canceled,2022-10-30
S_003438,U_002298,Pro,2024-10-17,,active,2024-10-17
S_003439,U_002299,Pro,2022-11-29,2023-03-29,canceled,2022-11-29
S_003440,U_002300,Pro,2022-09-06,2024-01-29,canceled,2022-09-06
S_003441,U_002301,Basic,2024-10-19,,active,2024-10-19
S_003442,U_002301,Pro,2024-10-19,,active,2024-10-19
S_003443,U_002302,Pro,2023-10-18,2024-10-12,active,2023-10-18
S_003444,U_002303,Pro,2024-11-05,,active,2024-11-05
S_003445,U_002304,Basic,2024-08-28,,active,2024-08-28
S_003446,U_002305,Pro,2022-10-29,2023-09-24,canceled,2022-10-29
S_003447,U_002306,Basic,2023-11-25,2024-11-19,active,2023-11-25
S_003448,U_002307,Basic,2022-03-24,2023-05-18,canceled,2022-03-24
S_003449,U_002307,Basic,2023-06-06,,active,2023-06-06
S_003450,U_002308,Basic,2022-08-28,2024-05-19,canceled,2022-08-28
S_003451,U_002308,Basic,2024-05-31,,active,2024-05-31
S_003452,U_002309,Pro,2024-04-02,,active,2024-04-02
S_003453,U_002310,Basic,2024-07-02,,active,2024-07-02
S_003454,U_002310,Basic,2024-07-02,,active,2024-07-02
S_003455,U_002311,Basic,2023-10-31,2024-07-27,canceled,2023-10-31
S_003456,U_002311,Pro,2024-08-11,,active,2024-08-11
S_003457,U_002312,Basic,2023-02-04,2024-09-26,canceled,2023-02-04
S_003458,U_002313,Basic,2023-03-31,2024-02-24,canceled,2023-03-31
S_003459,U_002314,Pro,2022-02-16,2023-08-10,active,2022-02-16
S_003460,U_002315,Basic,2024-07-01,2024-08-30,active,2024-07-01
S_003461,U_002315,Basic,2024-09-21,,active,2024-09-21
S_003462,U_002316,Basic,2024-03-18,,active,2024-03-18
S_003463,U_002316,Enterprise,2024-03-18,,active,2024-03-18
S_003464,U_002317,Basic,2023-10-13,2024-12-06,active,2023-10-13
S_003465,U_002318,Pro,2024-11-13,,active,2024-11-13
S_003466,U_002319,Basic,2024-03-25,2024-08-22,canceled,2024-03-25
S_003467,U_002319,Basic,2024-09-18,,active,2024-09-18
S_003468,U_002320,Basic,2024-01-28,,active,2024-01-28
S_003469,U_002321,Basic,2022-01-25,2022-11-21,canceled,2022-01-25
S_003470,U_002321,Enterprise,2022-12-07,2023-03-07,canceled,2022-12-07
S_003471,U_002322,Basic,2023-12-21,2024-08-17,canceled,2023-12-21
S_003472,U_002323,Basic,2022-06-29,2023-09-22,canceled,2022-06-29
S_003473,U_002323,Pro,2023-10-13,2024-08-08,canceled,2023-10-13
S_003474,U_002324,Basic,2024-05-01,,active,2024-05-01
S_003475,U_002324,Pro,2024-05-01,,active,2024-05-01
S_003476,U_002325,Pro,2022-12-02,2023-01-31,canceled,2022-12-02
S_003477,U_002325,Pro,2023-02-23,2024-05-18,canceled,2023-02-23
S_003478,U_002326,Basic,2022-10-13,2023-05-11,canceled,2022-10-13
S_003479,U_002327,Enterprise,2022-06-26,2023-12-18,canceled,2022-06-26
S_003480,U_002327,Pro,2023-12-31,,active,2023-12-31
S_003481,U_002328,Pro,2023-09-14,2024-06-10,active,2023-09-14
S_003482,U_002329,Basic,2023-11-18,,active,2023-11-18
S_003483,U_002329,Basic,2023-11-18,,active,2023-11-18
S_003484,U_002330,Basic,2024-02-09,2024-10-06,canceled,2024-02-09
S_003485,U_002331,Pro,2024-04-18,,active,2024-04-18
S_003486,U_002332,Pro,2022-12-25,2023-03-25,canceled,2022-12-25
S_003487,U_002332,Basic,2023-04-05,2024-09-26,active,2023-04-05
S_003488,U_002333,Basic,2022-10-08,2024-03-01,canceled,2022-10-08
S_003489,U_002333,Basic,2024-03-29,,active,2024-03-29
S_003490,U_002334,Pro,2024-02-21,2024-10-18,canceled,2024-02-21
S_003491,U_002335,Basic,2024-10-01,,active,2024-10-01
S_003492,U_002335,Basic,2024-10-01,,active,2024-10-01
S_003493,U_002336,Pro,2023-09-15,,active,2023-09-15
S_003494,U_002337,Enterprise,2024-08-07,,active,2024-08-07
S_003495,U_002338,Basic,2022-01-06,2023-10-28,active,2022-01-06
S_003496,U_002339,Basic,2023-09-07,2024-10-31,canceled,2023-09-07
S_003497,U_002340,Enterprise,2023-08-13,2024-06-08,canceled,2023-08-13
S_003498,U_002341,Pro,2024-10-04,,active,2024-10-04
S_003499,U_002342,Pro,2022-09-02,2023-09-27,canceled,2022-09-02
S_003500,U_002343,Basic,2022-05-17,2023-03-13,canceled,2022-05-17
S_003501,U_002344,Pro,2024-09-11,,active,2024-09-11
S_003502,U_002344,Basic,2024-09-11,,active,2024-09-11
S_003503,U_002345,Basic,2023-06-13,2024-07-07,active,2023-06-13
S_003504,U_002346,Basic,2024-02-04,,active,2024-02-04
S_003505,U_002347,Basic,2022-02-05,2023-11-27,active,2022-02-05
S_003506,U_002347,Pro,2023-12-06,,active,2023-12-06
S_003507,U_002348,Basic,2022-04-30,2023-11-21,canceled,2022-04-30
S_003508,U_002348,Basic,2023-12-19,2024-10-14,active,2023-12-19
S_003509,U_002349,Basic,2024-08-02,,active,2024-08-02
S_003510,U_002349,Basic,2024-08-02,,active,2024-08-02
S_003511,U_002350,Pro,2022-12-01,2023-06-29,canceled,2022-12-01
S_003512,U_002350,Pro,2023-07-12,,active,2023-07-12
S_003513,U_002351,Basic,2024-01-10,2024-06-08,canceled,2024-01-10
S_003514,U_002352,Basic,2022-04-10,2023-03-06,canceled,2022-04-10
S_003515,U_002353,Pro,2024-12-20,,active,2024-12-20
S_003516,U_002354,Basic,2023-02-01,2023-07-31,canceled,2023-02-01
S_003517,U_002355,Basic,2022-12-09,2023-06-07,canceled,2022-12-09
S_003518,U_002356,Pro,2023-10-10,2024-07-06,canceled,2023-10-10
S_003519,U_002356,Basic,2024-08-05,,active,2024-08-05
S_003520,U_002357,Basic,2024-01-13,2024-09-09,canceled,2024-01-13
S_003521,U_002358,Basic,2023-12-22,,active,2023-12-22
S_003522,U_002359,Pro,2022-10-08,2022-12-07,canceled,2022-10-08
S_003523,U_002359,Basic,2022-12-27,2023-12-22,active,2022-12-27
S_003524,U_002360,Basic,2024-02-03,,active,2024-02-03
S_003525,U_002361,Pro,2023-11-28,2024-03-27,canceled,2023-11-28
S_003526,U_002362,Pro,2023-03-23,2023-10-19,canceled,2023-03-23
S_003527,U_002363,Basic,2023-03-29,2024-05-22,canceled,2023-03-29
S_003528,U_002364,Pro,2024-12-12,,active,2024-12-12
S_003529,U_002364,Basic,2024-12-12,,active,2024-12-12
S_003530,U_002365,Basic,2022-08-22,2023-06-18,canceled,2022-08-22
S_003531,U_002366,Pro,2022-06-06,2022-11-03,active,2022-06-06
S_003532,U_002366,Basic,2022-11-11,2024-06-03,active,2022-11-11
S_003533,U_002367,Pro,2022-02-05,2023-05-31,canceled,2022-02-05
S_003534,U_002367,Basic,2023-06-12,2023-12-09,active,2023-06-12
S_003535,U_002368,Basic,2023-10-01,2024-03-29,canceled,2023-10-01
S_003536,U_002368,Basic,2024-04-07,,active,2024-04-07
S_003537,U_002369,Basic,2024-06-24,,active,2024-06-24
S_003538,U_002370,Enterprise,2023-12-02,2024-09-27,canceled,2023-12-02
S_003539,U_002371,Basic,2022-02-28,2023-01-24,canceled,2022-02-28
S_003540,U_002372,Pro,2022-09-21,2023-11-15,canceled,2022-09-21
S_003541,U_002372,Pro,2023-11-26,,active,2023-11-26
S_003542,U_002373,Basic,2023-09-22,2024-06-18,active,2023-09-22
S_003543,U_002373,Basic,2024-07-08,,active,2024-07-08
S_003544,U_002374,Pro,2022-09-24,2023-08-20,canceled,2022-09-24
S_003545,U_002374,Enterprise,2023-08-25,,active,2023-08-25
S_003546,U_002375,Basic,2022-08-17,2023-09-11,active,2022-08-17
S_003547,U_002376,Basic,2024-09-18,2024-12-17,canceled,2024-09-18
S_003548,U_002376,Basic,2024-12-25,,active,2024-12-25
S_003549,U_002377,Enterprise,2023-02-07,2024-08-30,canceled,2023-02-07
S_003550,U_002377,Basic,2024-09-06,,active,2024-09-06
S_003551,U_002378,Enterprise,2024-11-17,,active,2024-11-17
S_003552,U_002378,Basic,2024-11-17,,active,2024-11-17
S_003553,U_002379,Basic,2024-08-18,,active,2024-08-18
S_003554,U_002379,Basic,2024-08-18,,active,2024-08-18
S_003555,U_002380,Basic,2022-03-30,2023-07-23,canceled,2022-03-30
S_003556,U_002380,Enterprise,2023-07-29,,active,2023-07-29
S_003557,U_002381,Basic,2022-01-22,2022-11-18,canceled,2022-01-22
S_003558,U_002381,Basic,2022-12-16,2024-11-05,canceled,2022-12-16
S_003559,U_002382,Basic,2023-02-25,2024-07-19,canceled,2023-02-25
S_003560,U_002383,Basic,2023-01-14,2023-12-10,canceled,2023-01-14
S_003561,U_002384,Basic,2022-07-05,2024-04-25,canceled,2022-07-05
S_003562,U_002385,Enterprise,2023-12-14,2024-10-09,canceled,2023-12-14
S_003563,U_002385,Basic,2024-10-30,,active,2024-10-30
S_003564,U_002386,Basic,2024-10-22,,active,2024-10-22
S_003565,U_002387,Basic,2024-10-31,,active,2024-10-31
S_003566,U_002388,Basic,2022-07-22,2023-10-15,canceled,2022-07-22
S_003567,U_002388,Pro,2023-11-11,2024-06-08,canceled,2023-11-11
S_003568,U_002389,Pro,2024-12-19,,active,2024-12-19
S_003569,U_002390,Pro,2023-08-01,2024-08-25,active,2023-08-01
S_003570,U_002391,Pro,2022-01-09,2022-03-10,canceled,2022-01-09
S_003571,U_002392,Basic,2024-10-29,,active,2024-10-29
S_003572,U_002392,Pro,2024-10-29,,active,2024-10-29
S_003573,U_002393,Basic,2023-01-15,2023-06-14,canceled,2023-01-15
S_003574,U_002393,Basic,2023-06-19,,active,2023-06-19
S_003575,U_002394,Basic,2023-01-06,2023-06-05,canceled,2023-01-06
S_003576,U_002395,Basic,2024-05-18,2024-09-15,canceled,2024-05-18
S_003577,U_002396,Pro,2023-04-12,2023-10-09,canceled,2023-04-12
S_003578,U_002397,Pro,2023-10-06,,active,2023-10-06
S_003579,U_002397,Pro,2023-10-06,,active,2023-10-06
S_003580,U_002398,Pro,2022-08-14,2024-05-05,canceled,2022-08-14
S_003581,U_002398,Basic,2024-05-10,,active,2024-05-10
S_003582,U_002399,Basic,2024-10-12,,active,2024-10-12
S_003583,U_002399,Enterprise,2024-10-12,,active,2024-10-12
S_003584,U_002400,Basic,2022-03-25,2023-01-19,canceled,2022-03-25
S_003585,U_002400,Basic,2023-01-25,2024-10-16,active,2023-01-25
S_003586,U_002401,Pro,2024-10-08,,active,2024-10-08
S_003587,U_002401,Basic,2024-10-08,,active,2024-10-08
S_003588,U_002402,Enterprise,2023-08-04,2023-12-02,active,2023-08-04
S_003589,U_002403,Basic,2023-10-01,,active,2023-10-01
S_003590,U_002404,Pro,2024-04-14,,active,2024-04-14
S_003591,U_002404,Basic,2024-04-14,,active,2024-04-14
S_003592,U_002405,Basic,2023-01-22,2023-03-23,canceled,2023-01-22
S_003593,U_002405,Pro,2023-04-05,,active,2023-04-05
S_003594,U_002406,Basic,2024-01-23,2024-09-19,canceled,2024-01-23
S_003595,U_002407,Basic,2024-10-03,2024-12-02,canceled,2024-10-03
S_003596,U_002407,Enterprise,2024-12-19,,active,2024-12-19
S_003597,U_002408,Basic,2024-06-16,,active,2024-06-16
S_003598,U_002408,Basic,2024-06-16,,active,2024-06-16
S_003599,U_002409,Basic,2022-09-02,2024-08-22,canceled,2022-09-02
S_003600,U_002409,Basic,2024-08-28,,active,2024-08-28
S_003601,U_002410,Pro,2024-03-31,,active,2024-03-31
S_003602,U_002411,Pro,2022-12-12,2023-06-10,active,2022-12-12
S_003603,U_002412,Basic,2023-02-12,2024-11-03,active,2023-02-12
S_003604,U_002413,Basic,2024-04-07,,active,2024-04-07
S_003605,U_002414,Basic,2024-05-19,,active,2024-05-19
S_003606,U_002415,Basic,2023-07-14,,active,2023-07-14
S_003607,U_002416,Enterprise,2024-09-01,,active,2024-09-01
S_003608,U_002416,Basic,2024-09-01,,active,2024-09-01
S_003609,U_002417,Basic,2024-09-19,,active,2024-09-19
S_003610,U_002418,Basic,2022-10-29,2024-02-21,canceled,2022-10-29
S_003611,U_002419,Basic,2022-09-08,2023-02-05,active,2022-09-08
S_003612,U_002420,Basic,2024-10-15,,active,2024-10-15
S_003613,U_002421,Basic,2022-03-02,2024-01-21,canceled,2022-03-02
S_003614,U_002422,Pro,2022-05-20,2023-05-15,canceled,2022-05-20
S_003615,U_002423,Pro,2023-01-02,2024-02-26,canceled,2023-01-02
S_003616,U_002423,Basic,2024-03-03,,active,2024-03-03
S_003617,U_002424,Basic,2023-11-01,2024-08-27,canceled,2023-11-01
S_003618,U_002425,Basic,2022-07-17,2024-02-07,canceled,2022-07-17
S_003619,U_002426,Basic,2024-10-05,,active,2024-10-05
S_003620,U_002426,Pro,2024-10-05,,active,2024-10-05
S_003621,U_002427,Enterprise,2023-08-25,2024-02-21,canceled,2023-08-25
S_003622,U_002428,Basic,2024-10-30,,active,2024-10-30
S_003623,U_002428,Basic,2024-10-30,,active,2024-10-30
S_003624,U_002429,Enterprise,2023-12-05,,active,2023-12-05
S_003625,U_002429,Basic,2023-12-05,,active,2023-12-05
S_003626,U_002430,Basic,2022-02-06,2023-02-01,canceled,2022-02-06
S_003627,U_002430,Pro,2023-03-02,2023-12-27,canceled,2023-03-02
S_003628,U_002431,Enterprise,2022-09-01,2023-07-28,canceled,2022-09-01
S_003629,U_002432,Basic,2023-10-07,2024-07-03,active,2023-10-07
S_003630,U_002432,Basic,2024-07-17,2024-09-15,canceled,2024-07-17
S_003631,U_002433,Basic,2024-07-30,,active,2024-07-30
S_003632,U_002433,Basic,2024-07-30,,active,2024-07-30
S_003633,U_002434,Enterprise,2022-12-29,2023-11-24,canceled,2022-12-29
S_003634,U_002435,Basic,2022-12-03,2024-06-25,active,2022-12-03
S_003635,U_002435,Basic,2024-07-02,,active,2024-07-02
S_003636,U_002436,Basic,2022-10-03,2023-09-28,canceled,2022-10-03
S_003637,U_002437,Pro,2024-09-25,,active,2024-09-25
S_003638,U_002438,Basic,2024-10-01,2024-11-30,canceled,2024-10-01
S_003639,U_002439,Enterprise,2024-08-20,,active,2024-08-20
S_003640,U_002439,Pro,2024-08-20,,active,2024-08-20
S_003641,U_002440,Basic,2022-11-17,2023-03-17,active,2022-11-17
S_003642,U_002441,Pro,2024-03-12,,active,2024-03-12
S_003643,U_002441,Pro,2024-03-12,,active,2024-03-12
S_003644,U_002442,Pro,2024-02-13,,active,2024-02-13
S_003645,U_002442,Basic,2024-02-13,2024-06-12,canceled,2024-02-13
S_003646,U_002443,Pro,2023-08-06,2024-08-30,canceled,2023-08-06
S_003647,U_002444,Pro,2022-02-27,2023-01-23,canceled,2022-02-27
S_003648,U_002445,Enterprise,2022-09-20,2023-03-19,canceled,2022-09-20
S_003649,U_002445,Pro,2023-04-01,2024-02-25,canceled,2023-04-01
S_003650,U_002446,Pro,2022-02-25,2023-04-21,canceled,2022-02-25
S_003651,U_002446,Basic,2023-04-29,2024-04-23,canceled,2023-04-29
S_003652,U_002447,Pro,2022-07-19,2023-08-13,canceled,2022-07-19
S_003653,U_002447,Basic,2023-08-26,2024-03-23,canceled,2023-08-26
S_003654,U_002448,Pro,2024-01-02,,active,2024-01-02
S_003655,U_002448,Pro,2024-01-02,2024-05-31,canceled,2024-01-02
S_003656,U_002449,Pro,2022-04-26,2023-11-17,canceled,2022-04-26
S_003657,U_002449,Basic,2023-12-08,2024-09-03,canceled,2023-12-08
S_003658,U_002450,Basic,2023-04-26,2024-01-21,canceled,2023-04-26
S_003659,U_002450,Pro,2024-02-13,,active,2024-02-13
S_003660,U_002451,Pro,2022-06-23,2023-12-15,canceled,2022-06-23
S_003661,U_002452,Basic,2022-08-23,2023-10-17,canceled,2022-08-23
S_003662,U_002452,Basic,2023-11-15,2024-04-13,active,2023-11-15
S_003663,U_002453,Basic,2022-02-10,2023-03-07,canceled,2022-02-10
S_003664,U_002454,Basic,2022-03-18,2022-10-14,canceled,2022-03-18
S_003665,U_002454,Basic,2022-10-19,2023-12-13,canceled,2022-10-19
S_003666,U_002455,Basic,2024-11-20,,active,2024-11-20
S_003667,U_002455,Basic,2024-11-20,,active,2024-11-20
S_003668,U_002456,Basic,2022-02-11,2022-05-12,canceled,2022-02-11
S_003669,U_002456,Enterprise,2022-05-18,2023-01-13,canceled,2022-05-18
S_003670,U_002457,Basic,2022-02-15,2022-12-12,canceled,2022-02-15
S_003671,U_002458,Basic,2024-03-10,,active,2024-03-10
S_003672,U_002459,Basic,2022-07-20,2024-07-09,canceled,2022-07-20
S_003673,U_002460,Pro,2023-02-26,2024-09-18,canceled,2023-02-26
S_003674,U_002460,Pro,2024-10-17,,active,2024-10-17
S_003675,U_002461,Pro,2024-10-26,,active,2024-10-26
S_003676,U_002461,Pro,2024-10-26,,active,2024-10-26
S_003677,U_002462,Pro,2023-09-06,2024-07-02,canceled,2023-09-06
S_003678,U_002463,Pro,2023-02-18,2024-12-09,canceled,2023-02-18
S_003679,U_002463,Basic,2024-12-30,,active,2024-12-30
S_003680,U_002464,Pro,2023-03-15,2023-07-13,canceled,2023-03-15
S_003681,U_002465,Basic,2022-04-08,2023-09-30,canceled,2022-04-08
S_003682,U_002465,Basic,2023-10-08,2024-05-05,canceled,2023-10-08
S_003683,U_002466,Basic,2024-04-03,2024-06-02,canceled,2024-04-03
S_003684,U_002466,Basic,2024-07-01,2024-09-29,canceled,2024-07-01
S_003685,U_002467,Enterprise,2022-07-08,2022-12-05,canceled,2022-07-08
S_003686,U_002468,Pro,2023-11-21,,active,2023-11-21
S_003687,U_002469,Basic,2024-12-23,,active,2024-12-23
S_003688,U_002470,Basic,2023-03-06,2024-07-28,canceled,2023-03-06
S_003689,U_002470,Basic,2024-08-19,,active,2024-08-19
S_003690,U_002471,Basic,2023-09-11,2024-12-04,canceled,2023-09-11
S_003691,U_002472,Basic,2024-06-05,,active,2024-06-05
S_003692,U_002473,Pro,2023-02-14,,active,2023-02-14
S_003693,U_002474,Pro,2023-05-30,2024-09-21,active,2023-05-30
S_003694,U_002474,Basic,2024-10-12,,active,2024-10-12
S_003695,U_002475,Pro,2024-07-17,,active,2024-07-17
S_003696,U_002475,Basic,2024-07-17,,active,2024-07-17
S_003697,U_002476,Pro,2022-02-08,2022-09-06,canceled,2022-02-08
S_003698,U_002477,Basic,2024-10-19,,active,2024-10-19
S_003699,U_002477,Pro,2024-10-19,,active,2024-10-19
S_003700,U_002478,Pro,2023-07-03,2024-04-28,canceled,2023-07-03
S_003701,U_002478,Basic,2024-05-18,,active,2024-05-18
S_003702,U_002479,Basic,2024-06-07,,active,2024-06-07
S_003703,U_002479,Pro,2024-06-07,,active,2024-06-07
S_003704,U_002480,Pro,2024-12-05,,active,2024-12-05
S_003705,U_002480,Basic,2024-12-05,,active,2024-12-05
S_003706,U_002481,Pro,2024-08-05,,active,2024-08-05
S_003707,U_002482,Basic,2022-11-05,2023-01-04,canceled,2022-11-05
S_003708,U_002483,Basic,2024-04-20,2024-07-19,active,2024-04-20
S_003709,U_002484,Pro,2023-02-21,2023-09-19,canceled,2023-02-21
S_003710,U_002484,Pro,2023-09-30,,active,2023-09-30
S_003711,U_002485,Pro,2023-08-11,2024-05-07,canceled,2023-08-11
S_003712,U_002486,Basic,2023-04-29,2024-01-24,canceled,2023-04-29
S_003713,U_002486,Enterprise,2024-02-07,,active,2024-02-07
S_003714,U_002487,Pro,2022-08-21,2023-08-16,active,2022-08-21
S_003715,U_002488,Basic,2022-02-26,2022-06-26,canceled,2022-02-26
S_003716,U_002489,Pro,2024-08-08,,active,2024-08-08
S_003717,U_002489,Basic,2024-08-08,,active,2024-08-08
S_003718,U_002490,Basic,2024-06-12,,active,2024-06-12
S_003719,U_002490,Basic,2024-06-12,,active,2024-06-12
S_003720,U_002491,Basic,2023-02-18,2024-09-10,canceled,2023-02-18
S_003721,U_002491,Basic,2024-09-15,,active,2024-09-15
S_003722,U_002492,Enterprise,2022-10-07,2023-12-31,canceled,2022-10-07
S_003723,U_002492,Basic,2024-01-09,,active,2024-01-09
S_003724,U_002493,Pro,2023-07-23,2023-12-20,canceled,2023-07-23
S_003725,U_002493,Basic,2024-01-01,2024-12-26,canceled,2024-01-01
S_003726,U_002494,Basic,2022-03-28,2022-07-26,active,2022-03-28
S_003727,U_002495,Pro,2022-04-24,2022-10-21,canceled,2022-04-24
S_003728,U_002495,Pro,2022-11-06,2024-03-30,canceled,2022-11-06
S_003729,U_002496,Basic,2023-09-03,2024-10-27,active,2023-09-03
S_003730,U_002496,Basic,2024-11-21,,active,2024-11-21
S_003731,U_002497,Basic,2024-01-15,,active,2024-01-15
S_003732,U_002497,Basic,2024-01-15,2024-12-10,canceled,2024-01-15
S_003733,U_002498,Pro,2022-10-15,2024-01-08,canceled,2022-10-15
S_003734,U_002498,Basic,2024-01-27,,active,2024-01-27
S_003735,U_002499,Basic,2024-10-21,2024-12-20,canceled,2024-10-21
S_003736,U_002500,Basic,2024-12-11,,active,2024-12-11
S_003737,U_002500,Pro,2024-12-11,,active,2024-12-11
S_003738,U_002501,Basic,2022-07-04,2024-04-24,canceled,2022-07-04
S_003739,U_002501,Pro,2024-05-14,2024-08-12,canceled,2024-05-14
S_003740,U_002502,Basic,2022-09-08,2023-06-05,canceled,2022-09-08
S_003741,U_002502,Basic,2023-07-04,2024-10-26,canceled,2023-07-04
S_003742,U_002503,Basic,2024-03-09,,active,2024-03-09
S_003743,U_002503,Pro,2024-03-09,,active,2024-03-09
S_003744,U_002504,Basic,2023-03-23,2023-10-19,canceled,2023-03-23
S_003745,U_002505,Pro,2022-12-25,2024-02-18,canceled,2022-12-25
S_003746,U_002505,Enterprise,2024-03-06,,active,2024-03-06
S_003747,U_002506,Basic,2024-06-19,,active,2024-06-19
S_003748,U_002507,Basic,2022-04-25,2023-07-19,canceled,2022-04-25
S_003749,U_002508,Pro,2024-02-07,,active,2024-02-07
S_003750,U_002508,Pro,2024-02-07,2024-08-05,canceled,2024-02-07
S_003751,U_002509,Enterprise,2024-05-17,,active,2024-05-17
S_003752,U_002510,Basic,2023-07-23,,active,2023-07-23
S_003753,U_002510,Basic,2023-07-23,,active,2023-07-23
S_003754,U_002511,Basic,2024-08-31,,active,2024-08-31
S_003755,U_002512,Pro,2022-02-13,2023-07-08,canceled,2022-02-13
S_003756,U_002512,Pro,2023-07-26,,active,2023-07-26
S_003757,U_002513,Pro,2022-04-22,2023-10-14,active,2022-04-22
S_003758,U_002514,Basic,2024-02-27,2024-11-23,canceled,2024-02-27
S_003759,U_002514,Basic,2024-12-20,,active,2024-12-20
S_003760,U_002515,Basic,2022-09-07,2023-10-02,canceled,2022-09-07
S_003761,U_002516,Basic,2024-06-25,,active,2024-06-25
S_003762,U_002517,Pro,2024-03-15,,active,2024-03-15
S_003763,U_002517,Basic,2024-03-15,,active,2024-03-15
S_003764,U_002518,Enterprise,2022-07-04,2022-09-02,canceled,2022-07-04
S_003765,U_002518,Pro,2022-09-28,2023-09-23,canceled,2022-09-28
S_003766,U_002519,Basic,2023-03-07,2024-06-29,canceled,2023-03-07
S_003767,U_002519,Basic,2024-07-14,,active,2024-07-14
S_003768,U_002520,Pro,2023-10-12,,active,2023-10-12
S_003769,U_002520,Pro,2023-10-12,2023-12-11,canceled,2023-10-12
S_003770,U_002521,Basic,2023-07-16,2024-02-11,canceled,2023-07-16
S_003771,U_002521,Pro,2024-02-28,2024-08-26,canceled,2024-02-28
S_003772,U_002522,Basic,2024-08-22,,active,2024-08-22
S_003773,U_002523,Enterprise,2024-05-15,2024-11-11,canceled,2024-05-15
S_003774,U_002524,Pro,2023-06-19,2024-07-13,canceled,2023-06-19
S_003775,U_002525,Pro,2023-12-22,,active,2023-12-22
S_003776,U_002525,Basic,2023-12-22,2024-07-19,canceled,2023-12-22
S_003777,U_002526,Pro,2023-11-01,,active,2023-11-01
S_003778,U_002527,Basic,2022-04-17,2023-02-11,active,2022-04-17
S_003779,U_002527,Basic,2023-02-28,2023-11-25,canceled,2023-02-28
S_003780,U_002528,Pro,2022-10-06,2024-05-28,canceled,2022-10-06
S_003781,U_002529,Basic,2023-02-14,2023-09-12,canceled,2023-02-14
S_003782,U_002530,Basic,2022-06-18,2023-04-14,canceled,2022-06-18
S_003783,U_002531,Basic,2023-05-27,2023-09-24,canceled,2023-05-27
S_003784,U_002531,Basic,2023-10-16,2024-02-13,canceled,2023-10-16
S_003785,U_002532,Enterprise,2024-04-20,2024-08-18,canceled,2024-04-20
S_003786,U_002533,Pro,2024-09-06,2024-12-05,active,2024-09-06
S_003787,U_002533,Basic,2024-12-31,,active,2024-12-31
S_003788,U_002534,Basic,2022-12-22,2023-08-19,canceled,2022-12-22
S_003789,U_002534,Basic,2023-09-07,2024-07-03,canceled,2023-09-07
S_003790,U_002535,Pro,2023-08-01,2024-11-23,canceled,2023-08-01
S_003791,U_002536,Basic,2024-04-28,,active,2024-04-28
S_003792,U_002536,Enterprise,2024-04-28,2024-06-27,canceled,2024-04-28
S_003793,U_002537,Pro,2024-03-16,,active,2024-03-16
S_003794,U_002538,Basic,2023-04-05,2024-04-29,canceled,2023-04-05
S_003795,U_002538,Pro,2024-05-23,,active,2024-05-23
S_003796,U_002539,Basic,2023-04-14,,active,2023-04-14
S_003797,U_002539,Basic,2023-04-14,,active,2023-04-14
S_003798,U_002540,Basic,2023-02-11,,active,2023-02-11
S_003799,U_002541,Enterprise,2022-04-12,2023-09-04,canceled,2022-04-12
S_003800,U_002542,Pro,2024-05-28,2024-10-25,active,2024-05-28
S_003801,U_002543,Pro,2022-11-02,2023-09-28,active,2022-11-02
S_003802,U_002543,Pro,2023-10-21,2024-01-19,canceled,2023-10-21
S_003803,U_002544,Basic,2022-12-15,2024-10-05,canceled,2022-12-15
S_003804,U_002544,Basic,2024-10-15,,active,2024-10-15
S_003805,U_002545,Basic,2022-01-29,2022-09-26,canceled,2022-01-29
S_003806,U_002545,Pro,2022-10-09,2024-07-30,canceled,2022-10-09
S_003807,U_002546,Pro,2024-07-18,,active,2024-07-18
S_003808,U_002546,Pro,2024-07-18,,active,2024-07-18
S_003809,U_002547,Pro,2023-04-05,2024-06-28,canceled,2023-04-05
S_003810,U_002547,Pro,2024-07-14,2024-09-12,canceled,2024-07-14
S_003811,U_002548,Pro,2023-06-30,2023-11-27,canceled,2023-06-30
S_003812,U_002549,Basic,2024-02-22,2024-06-21,active,2024-02-22
S_003813,U_002550,Pro,2023-02-28,2023-11-25,canceled,2023-02-28
S_003814,U_002550,Basic,2023-12-08,,active,2023-12-08
S_003815,U_002551,Basic,2023-08-03,2024-02-29,active,2023-08-03
S_003816,U_002552,Basic,2023-01-05,2023-08-03,canceled,2023-01-05
S_003817,U_002553,Basic,2022-02-28,2022-05-29,canceled,2022-02-28
S_003818,U_002554,Basic,2023-04-28,2023-07-27,canceled,2023-04-28
S_003819,U_002554,Basic,2023-08-24,2024-08-18,canceled,2023-08-24
S_003820,U_002555,Basic,2023-05-24,2024-07-17,canceled,2023-05-24
S_003821,U_002556,Pro,2024-07-27,,active,2024-07-27
S_003822,U_002556,Pro,2024-07-27,,active,2024-07-27
S_003823,U_002557,Pro,2024-08-18,,active,2024-08-18
S_003824,U_002558,Basic,2024-03-25,2024-10-21,canceled,2024-03-25
S_003825,U_002559,Pro,2024-05-16,2024-07-15,canceled,2024-05-16
S_003826,U_002560,Basic,2022-05-30,2023-03-26,canceled,2022-05-30
S_003827,U_002561,Pro,2022-05-01,2022-07-30,canceled,2022-05-01
S_003828,U_002562,Basic,2023-04-26,,active,2023-04-26
S_003829,U_002562,Pro,2023-04-26,2023-10-23,active,2023-04-26
S_003830,U_002563,Basic,2022-04-04,2023-08-27,canceled,2022-04-04
S_003831,U_002564,Basic,2024-10-30,,active,2024-10-30
S_003832,U_002564,Basic,2024-10-30,,active,2024-10-30
S_003833,U_002565,Enterprise,2023-09-12,2024-11-05,canceled,2023-09-12
S_003834,U_002566,Pro,2022-09-28,2024-05-20,canceled,2022-09-28
S_003835,U_002566,Basic,2024-06-08,2024-11-05,canceled,2024-06-08
S_003836,U_002567,Basic,2023-01-03,2024-12-23,canceled,2023-01-03
S_003837,U_002567,Basic,2025-01-12,,active,2025-01-12
S_003838,U_002568,Enterprise,2024-10-28,,active,2024-10-28
S_003839,U_002569,Basic,2024-08-16,,active,2024-08-16
S_003840,U_002569,Pro,2024-08-16,,active,2024-08-16
S_003841,U_002570,Basic,2023-10-12,2024-03-10,active,2023-10-12
S_003842,U_002570,Pro,2024-03-19,,active,2024-03-19
S_003843,U_002571,Basic,2022-10-18,2023-07-15,canceled,2022-10-18
S_003844,U_002571,Basic,2023-08-07,,active,2023-08-07
S_003845,U_002572,Basic,2023-10-04,2024-04-01,canceled,2023-10-04
S_003846,U_002572,Basic,2024-04-12,2024-09-09,canceled,2024-04-12
S_003847,U_002573,Pro,2024-10-19,,active,2024-10-19
S_003848,U_002574,Basic,2024-05-30,,active,2024-05-30
S_003849,U_002575,Pro,2023-06-25,2023-12-22,canceled,2023-06-25
S_003850,U_002576,Basic,2024-06-11,,active,2024-06-11
S_003851,U_002577,Basic,2024-10-03,,active,2024-10-03
S_003852,U_002578,Enterprise,2024-06-20,,active,2024-06-20
S_003853,U_002578,Pro,2024-06-20,,active,2024-06-20
S_003854,U_002579,Pro,2022-11-01,2023-04-30,canceled,2022-11-01
S_003855,U_002579,Basic,2023-05-28,2023-11-24,canceled,2023-05-28
S_003856,U_002580,Pro,2023-01-11,2023-11-07,canceled,2023-01-11
S_003857,U_002581,Pro,2023-06-17,,active,2023-06-17
S_003858,U_002581,Pro,2023-06-17,,active,2023-06-17
S_003859,U_002582,Pro,2024-06-12,2024-08-11,canceled,2024-06-12
S_003860,U_002583,Basic,2022-03-25,2023-06-18,canceled,2022-03-25
S_003861,U_002583,Pro,2023-07-05,2024-03-01,active,2023-07-05
S_003862,U_002584,Basic,2024-09-20,,active,2024-09-20
S_003863,U_002585,Basic,2022-08-19,2023-09-13,active,2022-08-19
S_003864,U_002585,Basic,2023-09-19,,active,2023-09-19
S_003865,U_002586,Enterprise,2023-12-17,2024-10-12,canceled,2023-12-17
S_003866,U_002586,Basic,2024-11-02,,active,2024-11-02
S_003867,U_002587,Pro,2023-08-05,,active,2023-08-05
S_003868,U_002587,Basic,2023-08-05,,active,2023-08-05
S_003869,U_002588,Enterprise,2024-11-07,,active,2024-11-07
S_003870,U_002589,Pro,2023-03-11,2024-08-02,canceled,2023-03-11
S_003871,U_002589,Basic,2024-09-01,,active,2024-09-01
S_003872,U_002590,Basic,2024-12-13,,active,2024-12-13
S_003873,U_002590,Pro,2024-12-13,,active,2024-12-13
S_003874,U_002591,Basic,2024-05-02,2024-12-28,active,2024-05-02
S_003875,U_002591,Pro,2025-01-22,,active,2025-01-22
S_003876,U_002592,Pro,2024-10-17,,active,2024-10-17
S_003877,U_002593,Basic,2022-02-23,2022-09-21,canceled,2022-02-23
S_003878,U_002594,Pro,2024-03-18,,active,2024-03-18
S_003879,U_002595,Basic,2022-08-06,2024-06-26,active,2022-08-06
S_003880,U_002596,Pro,2022-03-01,2023-01-25,canceled,2022-03-01
S_003881,U_002597,Basic,2024-09-09,,active,2024-09-09
S_003882,U_002597,Pro,2024-09-09,,active,2024-09-09
S_003883,U_002598,Basic,2022-01-12,2022-08-10,canceled,2022-01-12
S_003884,U_002599,Basic,2024-07-16,,active,2024-07-16
S_003885,U_002599,Basic,2024-07-16,,active,2024-07-16
S_003886,U_002600,Pro,2022-09-22,2024-06-13,canceled,2022-09-22
S_003887,U_002601,Basic,2023-08-03,,active,2023-08-03
S_003888,U_002601,Basic,2023-08-03,2024-01-30,canceled,2023-08-03
S_003889,U_002602,Enterprise,2022-05-25,2023-05-20,active,2022-05-25
S_003890,U_002602,Enterprise,2023-05-26,2024-06-19,canceled,2023-05-26
S_003891,U_002603,Basic,2024-02-21,,active,2024-02-21
S_003892,U_002604,Basic,2023-06-07,2024-03-03,canceled,2023-06-07
S_003893,U_002605,Basic,2024-03-27,2024-12-22,canceled,2024-03-27
S_003894,U_002606,Basic,2023-03-03,2024-01-27,active,2023-03-03
S_003895,U_002607,Enterprise,2024-04-04,2024-12-30,canceled,2024-04-04
S_003896,U_002608,Basic,2022-09-04,2022-11-03,active,2022-09-04
S_003897,U_002609,Basic,2024-06-04,2024-09-02,canceled,2024-06-04
S_003898,U_002609,Basic,2024-09-15,,active,2024-09-15
S_003899,U_002610,Pro,2022-09-26,2022-12-25,canceled,2022-09-26
S_003900,U_002610,Pro,2023-01-12,2024-03-07,canceled,2023-01-12
S_003901,U_002611,Basic,2024-01-23,,active,2024-01-23
S_003902,U_002611,Basic,2024-01-23,,active,2024-01-23
S_003903,U_002612,Basic,2024-09-29,,active,2024-09-29
S_003904,U_002613,Basic,2024-09-02,,active,2024-09-02
S_003905,U_002614,Pro,2024-05-16,,active,2024-05-16
S_003906,U_002615,Basic,2024-01-25,2024-09-21,canceled,2024-01-25
S_003907,U_002616,Pro,2024-06-08,,active,2024-06-08
S_003908,U_002617,Basic,2022-03-24,2022-07-22,active,2022-03-24
S_003909,U_002617,Basic,2022-08-05,2023-04-02,canceled,2022-08-05
S_003910,U_002618,Basic,2024-08-07,,active,2024-08-07
S_003911,U_002618,Basic,2024-08-07,,active,2024-08-07
S_003912,U_002619,Basic,2024-10-11,,active,2024-10-11
S_003913,U_002619,Pro,2024-10-11,,active,2024-10-11
S_003914,U_002620,Basic,2022-06-21,2023-09-14,active,2022-06-21
S_003915,U_002620,Basic,2023-10-13,,active,2023-10-13
S_003916,U_002621,Pro,2024-06-14,,active,2024-06-14
S_003917,U_002622,Basic,2023-09-08,2023-12-07,active,2023-09-08
S_003918,U_002622,Pro,2023-12-25,,active,2023-12-25
S_003919,U_002623,Pro,2023-09-08,2024-02-05,canceled,2023-09-08
S_003920,U_002623,Basic,2024-02-24,2024-06-23,active,2024-02-24
S_003921,U_002624,Basic,2024-05-25,,active,2024-05-25
S_003922,U_002625,Basic,2022-04-08,2022-11-04,canceled,2022-04-08
S_003923,U_002626,Basic,2022-04-03,2023-01-28,canceled,2022-04-03
S_003924,U_002626,Basic,2023-02-17,2023-12-14,canceled,2023-02-17
S_003925,U_002627,Pro,2024-11-11,,active,2024-11-11
S_003926,U_002627,Pro,2024-11-11,,active,2024-11-11
S_003927,U_002628,Basic,2022-07-13,2022-09-11,canceled,2022-07-13
S_003928,U_002628,Pro,2022-09-25,2023-10-20,canceled,2022-09-25
S_003929,U_002629,Basic,2023-06-03,,active,2023-06-03
S_003930,U_002630,Basic,2022-06-17,2023-10-10,canceled,2022-06-17
S_003931,U_002631,Pro,2022-08-22,2023-06-18,canceled,2022-08-22
S_003932,U_002631,Enterprise,2023-06-23,2023-08-22,canceled,2023-06-23
S_003933,U_002632,Pro,2023-01-09,2024-01-04,canceled,2023-01-09
S_003934,U_002632,Basic,2024-01-17,,active,2024-01-17
S_003935,U_002633,Basic,2022-06-20,2024-02-10,canceled,2022-06-20
S_003936,U_002633,Basic,2024-03-11,2024-12-06,canceled,2024-03-11
S_003937,U_002634,Pro,2023-10-05,2024-01-03,canceled,2023-10-05
S_003938,U_002634,Pro,2024-01-28,2024-06-26,canceled,2024-01-28
S_003939,U_002635,Basic,2024-07-10,,active,2024-07-10
S_003940,U_002635,Basic,2024-07-10,,active,2024-07-10
S_003941,U_002636,Basic,2023-12-01,,active,2023-12-01
S_003942,U_002637,Pro,2023-01-15,2023-11-11,active,2023-01-15
S_003943,U_002637,Basic,2023-11-30,,active,2023-11-30
S_003944,U_002638,Basic,2023-06-16,2023-10-14,canceled,2023-06-16
S_003945,U_002639,Basic,2024-12-30,,active,2024-12-30
S_003946,U_002640,Enterprise,2024-03-19,2024-09-15,canceled,2024-03-19
S_003947,U_002641,Basic,2022-12-18,2023-05-17,canceled,2022-12-18
S_003948,U_002642,Basic,2024-04-09,,active,2024-04-09
S_003949,U_002642,Basic,2024-04-09,,active,2024-04-09
S_003950,U_002643,Basic,2023-09-13,2024-06-09,canceled,2023-09-13
S_003951,U_002643,Pro,2024-07-08,2024-10-06,canceled,2024-07-08
S_003952,U_002644,Pro,2024-01-09,,active,2024-01-09
S_003953,U_002645,Enterprise,2022-06-29,2024-02-19,canceled,2022-06-29
S_003954,U_002645,Basic,2024-03-01,,active,2024-03-01
S_003955,U_002646,Pro,2022-01-29,2022-03-30,active,2022-01-29
S_003956,U_002646,Pro,2022-04-19,2022-09-16,canceled,2022-04-19
S_003957,U_002647,Pro,2022-02-02,2023-04-28,canceled,2022-02-02
S_003958,U_002648,Pro,2023-03-05,2024-11-24,canceled,2023-03-05
S_003959,U_002648,Basic,2024-12-15,,active,2024-12-15
S_003960,U_002649,Basic,2023-05-11,2024-11-01,canceled,2023-05-11
S_003961,U_002649,Basic,2024-11-27,,active,2024-11-27
S_003962,U_002650,Basic,2023-01-26,2023-09-23,canceled,2023-01-26
S_003963,U_002650,Basic,2023-10-04,2024-05-01,canceled,2023-10-04
S_003964,U_002651,Enterprise,2024-08-07,2024-10-06,canceled,2024-08-07
S_003965,U_002651,Pro,2024-10-21,,active,2024-10-21
S_003966,U_002652,Pro,2024-05-14,,active,2024-05-14
S_003967,U_002652,Pro,2024-05-14,,active,2024-05-14
S_003968,U_002653,Basic,2022-12-07,2023-05-06,canceled,2022-12-07
S_003969,U_002654,Pro,2024-09-20,,active,2024-09-20
S_003970,U_002654,Basic,2024-09-20,,active,2024-09-20
S_003971,U_002655,Basic,2024-07-09,,active,2024-07-09
S_003972,U_002656,Basic,2023-02-17,2024-04-12,canceled,2023-02-17
S_003973,U_002656,Pro,2024-04-18,,active,2024-04-18
S_003974,U_002657,Basic,2024-03-13,,active,2024-03-13
S_003975,U_002658,Basic,2022-01-17,2023-09-09,canceled,2022-01-17
S_003976,U_002659,Pro,2024-05-01,,active,2024-05-01
S_003977,U_002660,Basic,2023-08-19,,active,2023-08-19
S_003978,U_002661,Basic,2024-03-29,,active,2024-03-29
S_003979,U_002662,Pro,2024-09-26,,active,2024-09-26
S_003980,U_002663,Basic,2024-12-17,,active,2024-12-17
S_003981,U_002663,Basic,2024-12-17,,active,2024-12-17
S_003982,U_002664,Basic,2023-10-09,,active,2023-10-09
S_003983,U_002664,Basic,2023-10-09,2023-12-08,canceled,2023-10-09
S_003984,U_002665,Enterprise,2023-07-03,2023-10-31,canceled,2023-07-03
S_003985,U_002666,Basic,2022-08-28,2024-06-18,canceled,2022-08-28
S_003986,U_002666,Basic,2024-06-23,,active,2024-06-23
S_003987,U_002667,Basic,2023-12-12,,active,2023-12-12
S_003988,U_002667,Basic,2023-12-12,2024-04-10,canceled,2023-12-12
S_003989,U_002668,Basic,2022-02-12,2023-03-09,canceled,2022-02-12
S_003990,U_002668,Basic,2023-04-02,2024-01-27,canceled,2023-04-02
S_003991,U_002669,Pro,2023-01-29,2023-10-26,active,2023-01-29
S_003992,U_002669,Basic,2023-11-22,,active,2023-11-22
S_003993,U_002670,Basic,2024-06-16,,active,2024-06-16
S_003994,U_002671,Basic,2023-03-26,2024-09-16,active,2023-03-26
S_003995,U_002672,Pro,2024-08-17,,active,2024-08-17
S_003996,U_002672,Basic,2024-08-17,,active,2024-08-17
S_003997,U_002673,Basic,2024-03-10,,active,2024-03-10
S_003998,U_002674,Basic,2024-08-25,,active,2024-08-25
S_003999,U_002675,Pro,2023-03-01,2024-10-21,active,2023-03-01
S_004000,U_002675,Basic,2024-11-16,,active,2024-11-16
S_004001,U_002676,Basic,2024-09-15,,active,2024-09-15
S_004002,U_002677,Pro,2023-02-13,2023-07-13,canceled,2023-02-13
S_004003,U_002677,Enterprise,2023-08-06,2024-10-29,canceled,2023-08-06
S_004004,U_002678,Pro,2024-10-04,,active,2024-10-04
S_004005,U_002678,Basic,2024-10-04,,active,2024-10-04
S_004006,U_002679,Basic,2024-10-08,,active,2024-10-08
S_004007,U_002680,Basic,2023-03-05,2023-09-01,canceled,2023-03-05
S_004008,U_002680,Enterprise,2023-09-25,,active,2023-09-25
S_004009,U_002681,Pro,2022-02-07,2023-01-03,active,2022-02-07
S_004010,U_002682,Pro,2024-01-02,2024-03-02,canceled,2024-01-02
S_004011,U_002682,Basic,2024-03-07,,active,2024-03-07
S_004012,U_002683,Enterprise,2024-10-28,,active,2024-10-28
S_004013,U_002683,Pro,2024-10-28,,active,2024-10-28
S_004014,U_002684,Basic,2023-11-23,,active,2023-11-23
S_004015,U_002684,Basic,2023-11-23,,active,2023-11-23
S_004016,U_002685,Pro,2023-04-10,2024-06-03,active,2023-04-10
S_004017,U_002686,Basic,2023-04-04,2023-10-01,canceled,2023-04-04
S_004018,U_002686,Basic,2023-10-07,2023-12-06,canceled,2023-10-07
S_004019,U_002687,Basic,2023-11-28,2024-06-25,active,2023-11-28
S_004020,U_002687,Basic,2024-07-13,,active,2024-07-13
S_004021,U_002688,Basic,2023-07-02,2024-06-26,active,2023-07-02
S_004022,U_002688,Pro,2024-07-13,,active,2024-07-13
S_004023,U_002689,Basic,2022-08-02,2024-01-24,canceled,2022-08-02
S_004024,U_002689,Pro,2024-02-13,2024-06-12,canceled,2024-02-13
S_004025,U_002690,Pro,2024-07-25,,active,2024-07-25
S_004026,U_002690,Basic,2024-07-25,,active,2024-07-25
S_004027,U_002691,Basic,2022-07-28,2024-04-18,canceled,2022-07-28
S_004028,U_002691,Enterprise,2024-04-25,2024-10-22,active,2024-04-25
S_004029,U_002692,Basic,2024-11-04,,active,2024-11-04
S_004030,U_002692,Basic,2024-11-04,,active,2024-11-04
S_004031,U_002693,Basic,2022-08-30,2024-08-19,canceled,2022-08-30
S_004032,U_002693,Basic,2024-09-12,,active,2024-09-12
S_004033,U_002694,Basic,2022-11-18,2023-10-14,canceled,2022-11-18
S_004034,U_002695,Pro,2024-11-02,,active,2024-11-02
S_004035,U_002696,Basic,2022-11-12,2023-12-07,canceled,2022-11-12
S_004036,U_002696,Basic,2024-01-05,,active,2024-01-05
S_004037,U_002697,Pro,2022-10-10,2024-02-02,canceled,2022-10-10
S_004038,U_002698,Pro,2024-06-18,,active,2024-06-18
S_004039,U_002698,Pro,2024-06-18,,active,2024-06-18
S_004040,U_002699,Pro,2023-05-18,2024-11-08,canceled,2023-05-18
S_004041,U_002699,Basic,2024-11-16,,active,2024-11-16
S_004042,U_002700,Enterprise,2023-08-11,2024-05-07,canceled,2023-08-11
S_004043,U_002700,Enterprise,2024-05-20,,active,2024-05-20
S_004044,U_002701,Basic,2022-06-24,2023-02-19,active,2022-06-24
S_004045,U_002701,Basic,2023-03-03,2024-04-26,canceled,2023-03-03
S_004046,U_002702,Basic,2024-04-29,2024-08-27,canceled,2024-04-29
S_004047,U_002702,Basic,2024-09-19,,active,2024-09-19
S_004048,U_002703,Basic,2022-11-07,2023-02-05,active,2022-11-07
S_004049,U_002704,Basic,2023-04-13,2024-07-06,canceled,2023-04-13
S_004050,U_002704,Basic,2024-07-15,,active,2024-07-15
S_004051,U_002705,Basic,2024-04-26,,active,2024-04-26
S_004052,U_002705,Enterprise,2024-04-26,,active,2024-04-26
S_004053,U_002706,Basic,2024-11-23,,active,2024-11-23
S_004054,U_002706,Basic,2024-11-23,,active,2024-11-23
S_004055,U_002707,Basic,2024-06-25,,active,2024-06-25
S_004056,U_002708,Basic,2024-11-25,,active,2024-11-25
S_004057,U_002709,Pro,2023-11-24,,active,2023-11-24
S_004058,U_002709,Basic,2023-11-24,,active,2023-11-24
S_004059,U_002710,Basic,2022-12-03,2023-07-01,canceled,2022-12-03
S_004060,U_002710,Basic,2023-07-30,2024-06-24,canceled,2023-07-30
S_004061,U_002711,Basic,2024-03-16,,active,2024-03-16
S_004062,U_002712,Basic,2022-04-29,2022-12-25,canceled,2022-04-29
S_004063,U_002713,Enterprise,2024-05-08,,active,2024-05-08
S_004064,U_002714,Basic,2023-09-16,2024-03-14,canceled,2023-09-16
S_004065,U_002715,Pro,2022-01-17,2022-12-13,canceled,2022-01-17
S_004066,U_002716,Enterprise,2022-10-28,2023-04-26,active,2022-10-28
S_004067,U_002716,Pro,2023-05-24,2023-09-21,active,2023-05-24
S_004068,U_002717,Pro,2023-02-25,2024-01-21,canceled,2023-02-25
S_004069,U_002718,Basic,2024-06-24,2024-11-21,canceled,2024-06-24
S_004070,U_002719,Basic,2023-02-09,2024-11-30,active,2023-02-09
S_004071,U_002719,Basic,2024-12-20,,active,2024-12-20
S_004072,U_002720,Pro,2022-03-17,2024-02-05,canceled,2022-03-17
S_004073,U_002720,Pro,2024-02-15,,active,2024-02-15
S_004074,U_002721,Basic,2024-03-09,2024-05-08,canceled,2024-03-09
S_004075,U_002722,Basic,2023-08-05,2024-03-02,canceled,2023-08-05
S_004076,U_002723,Basic,2024-11-13,,active,2024-11-13
S_004077,U_002724,Basic,2024-12-03,,active,2024-12-03
S_004078,U_002724,Pro,2024-12-03,,active,2024-12-03
S_004079,U_002725,Basic,2022-02-17,2023-10-10,active,2022-02-17
S_004080,U_002725,Basic,2023-11-08,2024-02-06,canceled,2023-11-08
S_004081,U_002726,Basic,2023-06-14,2023-08-13,canceled,2023-06-14
S_004082,U_002726,Basic,2023-09-08,,active,2023-09-08
S_004083,U_002727,Basic,2024-05-15,,active,2024-05-15
S_004084,U_002728,Basic,2022-05-03,2023-10-25,canceled,2022-05-03
S_004085,U_002728,Enterprise,2023-11-09,2024-05-07,canceled,2023-11-09
S_004086,U_002729,Pro,2024-11-05,,active,2024-11-05
S_004087,U_002729,Basic,2024-11-05,,active,2024-11-05
S_004088,U_002730,Basic,2022-04-08,2024-03-28,canceled,2022-04-08
S_004089,U_002730,Enterprise,2024-04-09,,active,2024-04-09
S_004090,U_002731,Basic,2023-09-03,,active,2023-09-03
S_004091,U_002732,Pro,2024-07-17,2024-12-14,canceled,2024-07-17
S_004092,U_002732,Basic,2025-01-03,,active,2025-01-03
S_004093,U_002733,Basic,2024-12-28,,active,2024-12-28
S_004094,U_002734,Basic,2023-12-19,2024-04-17,canceled,2023-12-19
S_004095,U_002735,Enterprise,2022-10-14,2023-04-12,canceled,2022-10-14
S_004096,U_002736,Basic,2023-05-23,2024-11-13,canceled,2023-05-23
S_004097,U_002737,Basic,2024-11-23,,active,2024-11-23
S_004098,U_002737,Pro,2024-11-23,,active,2024-11-23
S_004099,U_002738,Basic,2024-01-10,,active,2024-01-10
S_004100,U_002738,Basic,2024-01-10,,active,2024-01-10
S_004101,U_002739,Pro,2022-10-28,2024-03-21,canceled,2022-10-28
S_004102,U_002740,Pro,2022-06-17,2023-03-14,canceled,2022-06-17
S_004103,U_002740,Enterprise,2023-03-21,2023-05-20,canceled,2023-03-21
S_004104,U_002741,Basic,2024-05-20,,active,2024-05-20
S_004105,U_002741,Basic,2024-05-20,,active,2024-05-20
S_004106,U_002742,Enterprise,2023-03-16,,active,2023-03-16
S_004107,U_002743,Basic,2024-01-27,,active,2024-01-27
S_004108,U_002743,Basic,2024-01-27,,active,2024-01-27
S_004109,U_002744,Pro,2024-11-28,,active,2024-11-28
S_004110,U_002745,Basic,2024-10-18,,active,2024-10-18
S_004111,U_002745,Basic,2024-10-18,,active,2024-10-18
S_004112,U_002746,Pro,2024-09-29,,active,2024-09-29
S_004113,U_002747,Basic,2022-10-23,2023-11-17,canceled,2022-10-23
S_004114,U_002747,Basic,2023-12-15,2024-05-13,canceled,2023-12-15
S_004115,U_002748,Basic,2024-09-19,,active,2024-09-19
S_004116,U_002748,Basic,2024-09-19,,active,2024-09-19
S_004117,U_002749,Pro,2024-11-17,,active,2024-11-17
S_004118,U_002750,Basic,2023-03-12,2024-08-03,active,2023-03-12
S_004119,U_002750,Basic,2024-08-08,2024-10-07,canceled,2024-08-08
S_004120,U_002751,Pro,2022-03-08,2023-03-03,active,2022-03-08
S_004121,U_002752,Enterprise,2024-01-27,2024-10-23,canceled,2024-01-27
S_004122,U_002752,Pro,2024-11-22,,active,2024-11-22
S_004123,U_002753,Basic,2024-04-16,,active,2024-04-16
S_004124,U_002754,Pro,2024-01-27,,active,2024-01-27
S_004125,U_002755,Basic,2022-03-24,2022-10-20,canceled,2022-03-24
S_004126,U_002755,Pro,2022-11-17,2023-08-14,canceled,2022-11-17
S_004127,U_002756,Pro,2022-08-30,2023-06-26,canceled,2022-08-30
S_004128,U_002756,Pro,2023-07-23,,active,2023-07-23
S_004129,U_002757,Basic,2024-02-06,2024-04-06,canceled,2024-02-06
S_004130,U_002757,Basic,2024-04-21,,active,2024-04-21
S_004131,U_002758,Basic,2024-09-22,,active,2024-09-22
S_004132,U_002758,Basic,2024-09-22,,active,2024-09-22
S_004133,U_002759,Pro,2022-10-19,2023-07-16,canceled,2022-10-19
S_004134,U_002760,Basic,2022-04-10,2022-12-06,canceled,2022-04-10
S_004135,U_002761,Basic,2023-03-18,2023-05-17,canceled,2023-03-18
S_004136,U_002761,Enterprise,2023-06-07,2024-08-30,canceled,2023-06-07
S_004137,U_002762,Enterprise,2022-01-05,2022-04-05,canceled,2022-01-05
S_004138,U_002762,Enterprise,2022-04-11,2024-03-31,canceled,2022-04-11
S_004139,U_002763,Basic,2023-12-16,,active,2023-12-16
S_004140,U_002764,Pro,2024-05-05,2024-09-02,canceled,2024-05-05
S_004141,U_002764,Pro,2024-09-28,,active,2024-09-28
S_004142,U_002765,Basic,2023-09-27,2024-02-24,canceled,2023-09-27
S_004143,U_002765,Basic,2024-03-08,,active,2024-03-08
S_004144,U_002766,Basic,2023-11-23,,active,2023-11-23
S_004145,U_002767,Basic,2022-09-29,2023-02-26,canceled,2022-09-29
S_004146,U_002768,Basic,2024-08-01,,active,2024-08-01
S_004147,U_002768,Pro,2024-08-01,,active,2024-08-01
S_004148,U_002769,Basic,2022-11-02,2023-10-28,canceled,2022-11-02
S_004149,U_002770,Basic,2024-04-18,,active,2024-04-18
S_004150,U_002771,Pro,2024-03-20,,active,2024-03-20
S_004151,U_002771,Basic,2024-03-20,,active,2024-03-20
S_004152,U_002772,Pro,2022-04-04,2024-02-23,active,2022-04-04
S_004153,U_002773,Enterprise,2022-07-01,2023-02-26,canceled,2022-07-01
S_004154,U_002774,Basic,2023-09-25,2024-01-23,active,2023-09-25
S_004155,U_002775,Pro,2022-06-24,2024-02-14,canceled,2022-06-24
S_004156,U_002775,Basic,2024-03-15,,active,2024-03-15
S_004157,U_002776,Basic,2022-04-19,2023-07-13,canceled,2022-04-19
S_004158,U_002776,Pro,2023-07-28,,active,2023-07-28
S_004159,U_002777,Enterprise,2023-01-23,2024-02-17,canceled,2023-01-23
S_004160,U_002777,Basic,2024-02-22,,active,2024-02-22
S_004161,U_002778,Pro,2022-02-08,2023-01-04,canceled,2022-02-08
S_004162,U_002779,Pro,2023-01-04,2024-04-28,canceled,2023-01-04
S_004163,U_002779,Basic,2024-05-15,2024-08-13,canceled,2024-05-15
S_004164,U_002780,Basic,2023-02-26,2024-04-21,canceled,2023-02-26
S_004165,U_002780,Pro,2024-05-09,,active,2024-05-09
S_004166,U_002781,Basic,2024-06-28,,active,2024-06-28
S_004167,U_002782,Pro,2023-10-19,,active,2023-10-19
S_004168,U_002783,Pro,2022-04-03,2023-12-24,canceled,2022-04-03
S_004169,U_002783,Basic,2024-01-01,2024-08-28,canceled,2024-01-01
S_004170,U_002784,Enterprise,2023-11-28,2024-02-26,active,2023-11-28
S_004171,U_002785,Basic,2024-04-29,2024-10-26,canceled,2024-04-29
S_004172,U_002786,Basic,2023-10-12,2024-06-08,canceled,2023-10-12
S_004173,U_002786,Pro,2024-06-27,,active,2024-06-27
S_004174,U_002787,Pro,2022-07-06,2023-07-31,canceled,2022-07-06
S_004175,U_002787,Basic,2023-08-08,2024-03-05,active,2023-08-08
S_004176,U_002788,Pro,2022-12-11,2024-07-03,canceled,2022-12-11
S_004177,U_002789,Basic,2023-01-10,2024-06-03,active,2023-01-10
S_004178,U_002789,Basic,2024-06-29,,active,2024-06-29
S_004179,U_002790,Basic,2022-11-12,2023-10-08,canceled,2022-11-12
S_004180,U_002791,Pro,2022-12-13,2023-12-08,canceled,2022-12-13
S_004181,U_002791,Basic,2023-12-15,2024-02-13,canceled,2023-12-15
S_004182,U_002792,Basic,2023-10-29,2024-11-22,canceled,2023-10-29
S_004183,U_002792,Pro,2024-12-06,,active,2024-12-06
S_004184,U_002793,Basic,2022-04-30,2023-06-24,canceled,2022-04-30
S_004185,U_002793,Basic,2023-07-04,,active,2023-07-04
S_004186,U_002794,Basic,2022-07-22,2023-12-14,canceled,2022-07-22
S_004187,U_002794,Basic,2023-12-20,,active,2023-12-20
S_004188,U_002795,Basic,2024-04-25,,active,2024-04-25
S_004189,U_002795,Basic,2024-04-25,,active,2024-04-25
S_004190,U_002796,Basic,2024-02-09,,active,2024-02-09
S_004191,U_002797,Basic,2023-02-19,2024-01-15,canceled,2023-02-19
S_004192,U_002798,Pro,2023-04-30,2024-06-23,canceled,2023-04-30
S_004193,U_002799,Pro,2024-10-30,,active,2024-10-30
S_004194,U_002799,Basic,2024-10-30,,active,2024-10-30
S_004195,U_002800,Basic,2023-07-06,2024-03-02,canceled,2023-07-06
S_004196,U_002801,Basic,2024-08-09,,active,2024-08-09
S_004197,U_002801,Enterprise,2024-08-09,,active,2024-08-09
S_004198,U_002802,Pro,2022-05-15,2023-05-10,canceled,2022-05-15
S_004199,U_002802,Basic,2023-05-26,,active,2023-05-26
S_004200,U_002803,Basic,2024-04-14,2024-11-10,canceled,2024-04-14
S_004201,U_002804,Basic,2023-07-06,2024-06-30,canceled,2023-07-06
S_004202,U_002805,Basic,2022-07-27,2023-09-20,active,2022-07-27
S_004203,U_002805,Pro,2023-10-18,2024-06-14,canceled,2023-10-18
S_004204,U_002806,Pro,2022-09-15,2024-01-08,canceled,2022-09-15
S_004205,U_002806,Pro,2024-01-23,2024-06-21,canceled,2024-01-23
S_004206,U_002807,Pro,2024-04-13,,active,2024-04-13
S_004207,U_002808,Basic,2024-10-21,,active,2024-10-21
S_004208,U_002808,Pro,2024-10-21,,active,2024-10-21
S_004209,U_002809,Basic,2024-02-04,,active,2024-02-04
S_004210,U_002810,Basic,2023-05-18,2024-01-13,active,2023-05-18
S_004211,U_002811,Basic,2024-07-14,,active,2024-07-14
S_004212,U_002811,Basic,2024-07-14,,active,2024-07-14
S_004213,U_002812,Basic,2024-08-09,,active,2024-08-09
S_004214,U_002813,Pro,2022-12-09,2023-09-05,active,2022-12-09
S_004215,U_002814,Pro,2024-09-14,,active,2024-09-14
S_004216,U_002814,Basic,2024-09-14,,active,2024-09-14
S_004217,U_002815,Pro,2023-05-29,2023-10-26,canceled,2023-05-29
S_004218,U_002816,Pro,2023-03-12,2024-06-04,canceled,2023-03-12
S_004219,U_002817,Pro,2023-07-31,2024-01-27,canceled,2023-07-31
S_004220,U_002818,Basic,2024-12-29,,active,2024-12-29
S_004221,U_002818,Basic,2024-12-29,,active,2024-12-29
S_004222,U_002819,Basic,2023-09-08,2023-12-07,canceled,2023-09-08
S_004223,U_002819,Enterprise,2023-12-29,2024-12-23,canceled,2023-12-29
S_004224,U_002820,Enterprise,2022-09-09,2024-01-02,canceled,2022-09-09
S_004225,U_002820,Pro,2024-01-25,2024-11-20,canceled,2024-01-25
S_004226,U_002821,Pro,2023-07-27,,active,2023-07-27
S_004227,U_002822,Basic,2024-10-30,,active,2024-10-30
S_004228,U_002823,Pro,2023-06-20,2023-09-18,canceled,2023-06-20
S_004229,U_002823,Basic,2023-10-14,,active,2023-10-14
S_004230,U_002824,Basic,2023-05-19,2023-07-18,canceled,2023-05-19
S_004231,U_002825,Basic,2023-03-08,2023-10-04,canceled,2023-03-08
S_004232,U_002826,Basic,2023-11-04,2024-09-29,canceled,2023-11-04
S_004233,U_002827,Pro,2022-01-05,2022-03-06,canceled,2022-01-05
S_004234,U_002828,Pro,2022-01-09,2022-05-09,canceled,2022-01-09
S_004235,U_002828,Pro,2022-05-22,2022-11-18,active,2022-05-22
S_004236,U_002829,Basic,2024-04-26,,active,2024-04-26
S_004237,U_002829,Pro,2024-04-26,,active,2024-04-26
S_004238,U_002830,Basic,2024-03-15,2024-12-10,canceled,2024-03-15
S_004239,U_002831,Pro,2022-06-08,2023-03-05,canceled,2022-06-08
S_004240,U_002831,Basic,2023-03-14,2024-06-06,active,2023-03-14
S_004241,U_002832,Enterprise,2024-06-30,,active,2024-06-30
S_004242,U_002833,Basic,2024-02-10,2024-10-07,canceled,2024-02-10
S_004243,U_002833,Basic,2024-10-14,,active,2024-10-14
S_004244,U_002834,Enterprise,2024-03-03,,active,2024-03-03
S_004245,U_002835,Pro,2022-09-13,2022-11-12,active,2022-09-13
S_004246,U_002835,Basic,2022-12-01,2024-06-23,canceled,2022-12-01
S_004247,U_002836,Pro,2023-01-31,2024-01-26,canceled,2023-01-31
S_004248,U_002836,Pro,2024-02-05,2024-12-31,canceled,2024-02-05
S_004249,U_002837,Pro,2023-03-30,2023-06-28,canceled,2023-03-30
S_004250,U_002838,Pro,2024-01-03,2024-07-01,active,2024-01-03
S_004251,U_002838,Basic,2024-07-14,,active,2024-07-14
S_004252,U_002839,Basic,2023-09-13,2024-10-07,canceled,2023-09-13
S_004253,U_002839,Basic,2024-10-25,,active,2024-10-25
S_004254,U_002840,Basic,2024-10-08,2024-12-07,active,2024-10-08
S_004255,U_002840,Pro,2024-12-25,,active,2024-12-25
S_004256,U_002841,Basic,2023-07-29,2024-09-21,canceled,2023-07-29
S_004257,U_002842,Pro,2023-03-05,2024-04-28,active,2023-03-05
S_004258,U_002842,Basic,2024-05-28,,active,2024-05-28
S_004259,U_002843,Basic,2024-03-22,,active,2024-03-22
S_004260,U_002844,Basic,2024-10-21,,active,2024-10-21
S_004261,U_002844,Pro,2024-10-21,,active,2024-10-21
S_004262,U_002845,Basic,2023-02-01,2023-09-29,active,2023-02-01
S_004263,U_002846,Pro,2022-12-26,2024-07-18,canceled,2022-12-26
S_004264,U_002846,Pro,2024-08-11,,active,2024-08-11
S_004265,U_002847,Basic,2022-09-20,2024-06-11,active,2022-09-20
S_004266,U_002847,Basic,2024-06-26,,active,2024-06-26
S_004267,U_002848,Basic,2023-06-16,2024-09-08,canceled,2023-06-16
S_004268,U_002849,Basic,2024-12-07,,active,2024-12-07
S_004269,U_002849,Pro,2024-12-07,,active,2024-12-07
S_004270,U_002850,Pro,2022-02-17,2022-07-17,canceled,2022-02-17
S_004271,U_002850,Pro,2022-07-27,2024-03-18,canceled,2022-07-27
S_004272,U_002851,Pro,2023-06-02,2023-10-30,canceled,2023-06-02
S_004273,U_002852,Basic,2022-01-05,2022-03-06,canceled,2022-01-05
S_004274,U_002852,Basic,2022-03-13,2023-07-06,canceled,2022-03-13
S_004275,U_002853,Basic,2023-10-24,2024-06-20,active,2023-10-24
S_004276,U_002854,Enterprise,2023-07-16,2024-06-10,canceled,2023-07-16
S_004277,U_002854,Basic,2024-07-05,,active,2024-07-05
S_004278,U_002855,Pro,2024-08-13,,active,2024-08-13
S_004279,U_002855,Basic,2024-08-13,,active,2024-08-13
S_004280,U_002856,Enterprise,2024-11-25,,active,2024-11-25
S_004281,U_002857,Basic,2022-04-07,2024-01-27,canceled,2022-04-07
S_004282,U_002858,Basic,2024-12-26,,active,2024-12-26
S_004283,U_002859,Basic,2022-01-11,2023-07-05,canceled,2022-01-11
S_004284,U_002859,Basic,2023-08-01,2024-03-28,canceled,2023-08-01
S_004285,U_002860,Basic,2023-11-17,,active,2023-11-17
S_004286,U_002860,Pro,2023-11-17,,active,2023-11-17
S_004287,U_002861,Basic,2022-02-21,2024-01-12,canceled,2022-02-21
S_004288,U_002861,Pro,2024-01-30,,active,2024-01-30
S_004289,U_002862,Basic,2022-06-02,2023-07-27,canceled,2022-06-02
S_004290,U_002862,Basic,2023-08-22,2023-10-21,active,2023-08-22
S_004291,U_002863,Basic,2022-12-03,2023-05-02,canceled,2022-12-03
S_004292,U_002864,Basic,2022-05-09,2022-11-05,canceled,2022-05-09
S_004293,U_002865,Basic,2024-09-09,,active,2024-09-09
S_004294,U_002865,Basic,2024-09-09,,active,2024-09-09
S_004295,U_002866,Pro,2023-11-16,,active,2023-11-16
S_004296,U_002866,Basic,2023-11-16,2024-09-11,canceled,2023-11-16
S_004297,U_002867,Basic,2022-08-09,2023-09-03,active,2022-08-09
S_004298,U_002867,Basic,2023-09-19,2024-04-16,canceled,2023-09-19
S_004299,U_002868,Basic,2023-11-29,2024-02-27,canceled,2023-11-29
S_004300,U_002868,Basic,2024-03-17,,active,2024-03-17
S_004301,U_002869,Basic,2024-11-30,,active,2024-11-30
S_004302,U_002870,Basic,2024-06-17,,active,2024-06-17
S_004303,U_002870,Basic,2024-06-17,,active,2024-06-17
S_004304,U_002871,Basic,2022-09-13,2023-07-10,active,2022-09-13
S_004305,U_002872,Pro,2022-03-10,2023-10-31,canceled,2022-03-10
S_004306,U_002873,Basic,2022-05-14,2023-01-09,canceled,2022-05-14
S_004307,U_002874,Basic,2024-06-24,,active,2024-06-24
S_004308,U_002874,Pro,2024-06-24,,active,2024-06-24
S_004309,U_002875,Pro,2024-06-03,,active,2024-06-03
S_004310,U_002876,Enterprise,2022-04-25,2023-07-19,canceled,2022-04-25
S_004311,U_002877,Pro,2023-08-27,2024-06-22,canceled,2023-08-27
S_004312,U_002877,Basic,2024-07-03,,active,2024-07-03
S_004313,U_002878,Basic,2022-07-16,2024-07-05,canceled,2022-07-16
S_004314,U_002879,Basic,2023-04-23,,active,2023-04-23
S_004315,U_002880,Pro,2022-01-22,2022-09-19,canceled,2022-01-22
S_004316,U_002880,Basic,2022-10-12,2024-01-05,canceled,2022-10-12
S_004317,U_002881,Basic,2024-08-08,,active,2024-08-08
S_004318,U_002881,Pro,2024-08-08,,active,2024-08-08
S_004319,U_002882,Basic,2022-07-27,2023-01-23,canceled,2022-07-27
S_004320,U_002882,Basic,2023-01-31,2024-03-26,canceled,2023-01-31
S_004321,U_002883,Basic,2024-07-18,2024-10-16,canceled,2024-07-18
S_004322,U_002884,Pro,2023-01-30,2024-06-23,canceled,2023-01-30
S_004323,U_002884,Enterprise,2024-07-14,2024-09-12,canceled,2024-07-14
S_004324,U_002885,Basic,2022-01-26,2023-12-17,canceled,2022-01-26
S_004325,U_002886,Basic,2023-02-01,2024-04-26,canceled,2023-02-01
S_004326,U_002887,Basic,2024-11-08,,active,2024-11-08
S_004327,U_002887,Pro,2024-11-08,,active,2024-11-08
S_004328,U_002888,Enterprise,2024-05-12,,active,2024-05-12
S_004329,U_002889,Basic,2024-06-29,,active,2024-06-29
S_004330,U_002890,Basic,2022-10-09,2023-09-04,canceled,2022-10-09
S_004331,U_002891,Basic,2022-09-19,2024-01-12,canceled,2022-09-19
S_004332,U_002892,Basic,2024-06-11,,active,2024-06-11
S_004333,U_002892,Basic,2024-06-11,,active,2024-06-11
S_004334,U_002893,Pro,2023-09-30,2024-01-28,canceled,2023-09-30
S_004335,U_002894,Enterprise,2022-10-26,2024-09-15,canceled,2022-10-26
S_004336,U_002894,Basic,2024-09-25,,active,2024-09-25
S_004337,U_002895,Pro,2023-09-25,2024-09-19,canceled,2023-09-25
S_004338,U_002896,Pro,2023-08-20,2024-06-15,canceled,2023-08-20
S_004339,U_002896,Basic,2024-07-03,,active,2024-07-03
S_004340,U_002897,Basic,2024-11-26,,active,2024-11-26
S_004341,U_002898,Pro,2022-04-28,2023-05-23,canceled,2022-04-28
S_004342,U_002899,Basic,2022-04-22,2023-07-16,active,2022-04-22
S_004343,U_002899,Enterprise,2023-07-30,2024-03-26,canceled,2023-07-30
S_004344,U_002900,Pro,2023-02-05,2024-03-31,canceled,2023-02-05
S_004345,U_002901,Pro,2022-05-21,2024-03-11,active,2022-05-21
S_004346,U_002902,Basic,2024-09-01,,active,2024-09-01
S_004347,U_002902,Enterprise,2024-09-01,2024-12-30,canceled,2024-09-01
S_004348,U_002903,Basic,2023-11-10,2024-05-08,active,2023-11-10
S_004349,U_002904,Basic,2023-11-19,,active,2023-11-19
S_004350,U_002904,Pro,2023-11-19,,active,2023-11-19
S_004351,U_002905,Enterprise,2024-05-07,2024-11-03,canceled,2024-05-07
S_004352,U_002906,Basic,2022-08-03,2023-12-26,canceled,2022-08-03
S_004353,U_002907,Enterprise,2024-10-12,,active,2024-10-12
S_004354,U_002908,Basic,2023-04-02,2024-11-22,canceled,2023-04-02
S_004355,U_002909,Basic,2023-03-13,2024-01-07,active,2023-03-13
S_004356,U_002909,Basic,2024-02-03,,active,2024-02-03
S_004357,U_002910,Basic,2023-11-10,,active,2023-11-10
S_004358,U_002910,Basic,2023-11-10,,active,2023-11-10
S_004359,U_002911,Basic,2024-03-30,,active,2024-03-30
S_004360,U_002911,Basic,2024-03-30,,active,2024-03-30
S_004361,U_002912,Basic,2024-01-14,,active,2024-01-14
S_004362,U_002912,Basic,2024-01-14,,active,2024-01-14
S_004363,U_002913,Enterprise,2024-01-03,,active,2024-01-03
S_004364,U_002914,Pro,2022-08-24,2023-04-21,canceled,2022-08-24
S_004365,U_002915,Basic,2024-06-20,,active,2024-06-20
S_004366,U_002915,Basic,2024-06-20,2024-09-18,canceled,2024-06-20
S_004367,U_002916,Basic,2024-01-08,,active,2024-01-08
S_004368,U_002916,Pro,2024-01-08,,active,2024-01-08
S_004369,U_002917,Basic,2023-02-12,2024-09-04,canceled,2023-02-12
S_004370,U_002917,Basic,2024-09-17,,active,2024-09-17
S_004371,U_002918,Basic,2022-12-23,2023-02-21,active,2022-12-23
S_004372,U_002918,Pro,2023-02-26,2024-04-21,canceled,2023-02-26
S_004373,U_002919,Pro,2022-12-23,2023-07-21,canceled,2022-12-23
S_004374,U_002919,Pro,2023-08-15,,active,2023-08-15
S_004375,U_002920,Pro,2023-05-19,2024-05-13,canceled,2023-05-19
S_004376,U_002921,Basic,2022-02-14,2023-10-07,canceled,2022-02-14
S_004377,U_002922,Pro,2022-07-27,2022-12-24,canceled,2022-07-27
S_004378,U_002922,Pro,2023-01-02,2023-03-03,canceled,2023-01-02
S_004379,U_002923,Enterprise,2024-02-16,,active,2024-02-16
S_004380,U_002924,Pro,2023-03-07,2023-06-05,canceled,2023-03-07
S_004381,U_002925,Basic,2023-05-07,2023-11-03,canceled,2023-05-07
S_004382,U_002926,Basic,2022-12-17,2023-09-13,canceled,2022-12-17
S_004383,U_002926,Basic,2023-10-10,,active,2023-10-10
S_004384,U_002927,Pro,2024-06-07,,active,2024-06-07
S_004385,U_002927,Enterprise,2024-06-07,,active,2024-06-07
S_004386,U_002928,Basic,2022-10-23,2024-03-16,canceled,2022-10-23
S_004387,U_002928,Pro,2024-04-06,,active,2024-04-06
S_004388,U_002929,Enterprise,2023-01-28,2023-09-25,canceled,2023-01-28
S_004389,U_002930,Basic,2024-02-06,,active,2024-02-06
S_004390,U_002930,Basic,2024-02-06,2024-07-05,canceled,2024-02-06
S_004391,U_002931,Basic,2024-05-29,,active,2024-05-29
S_004392,U_002932,Pro,2023-01-23,2024-12-13,active,2023-01-23
S_004393,U_002932,Basic,2024-12-28,,active,2024-12-28
S_004394,U_002933,Basic,2022-11-01,2023-03-01,canceled,2022-11-01
S_004395,U_002933,Pro,2023-03-25,2023-12-20,canceled,2023-03-25
S_004396,U_002934,Basic,2022-04-20,2023-03-16,canceled,2022-04-20
S_004397,U_002934,Basic,2023-04-06,2023-09-03,active,2023-04-06
S_004398,U_002935,Basic,2024-11-06,,active,2024-11-06
S_004399,U_002936,Pro,2023-03-05,,active,2023-03-05
S_004400,U_002937,Pro,2022-05-13,2023-02-07,active,2022-05-13
S_004401,U_002938,Pro,2024-03-05,2024-10-31,canceled,2024-03-05
S_004402,U_002938,Basic,2024-11-19,,active,2024-11-19
S_004403,U_002939,Pro,2024-10-18,,active,2024-10-18
S_004404,U_002939,Pro,2024-10-18,,active,2024-10-18
S_004405,U_002940,Pro,2023-01-02,2024-04-26,canceled,2023-01-02
S_004406,U_002940,Basic,2024-05-18,2024-11-14,canceled,2024-05-18
S_004407,U_002941,Basic,2024-12-12,,active,2024-12-12
S_004408,U_002941,Basic,2024-12-12,,active,2024-12-12
S_004409,U_002942,Basic,2024-08-28,,active,2024-08-28
S_004410,U_002942,Basic,2024-08-28,,active,2024-08-28
S_004411,U_002943,Pro,2024-04-01,,active,2024-04-01
S_004412,U_002943,Enterprise,2024-04-01,2024-05-31,canceled,2024-04-01
S_004413,U_002944,Pro,2023-03-01,2024-07-23,canceled,2023-03-01
S_004414,U_002945,Pro,2024-07-14,,active,2024-07-14
S_004415,U_002946,Basic,2023-03-24,,active,2023-03-24
S_004416,U_002946,Enterprise,2023-03-24,2024-12-13,active,2023-03-24
S_004417,U_002947,Pro,2024-02-12,2024-11-08,canceled,2024-02-12
S_004418,U_002948,Pro,2024-02-06,2024-08-04,canceled,2024-02-06
S_004419,U_002949,Basic,2022-06-23,2024-06-12,canceled,2022-06-23
S_004420,U_002949,Basic,2024-07-07,,active,2024-07-07
S_004421,U_002950,Basic,2023-08-28,2023-12-26,canceled,2023-08-28
S_004422,U_002951,Basic,2023-12-22,,active,2023-12-22
S_004423,U_002951,Pro,2023-12-22,2024-10-17,canceled,2023-12-22
S_004424,U_002952,Pro,2022-03-26,2022-05-25,active,2022-03-26
S_004425,U_002952,Basic,2022-06-05,2023-07-30,active,2022-06-05
S_004426,U_002953,Basic,2023-11-20,2024-04-18,canceled,2023-11-20
S_004427,U_002953,Basic,2024-05-13,,active,2024-05-13
S_004428,U_002954,Pro,2024-08-15,,active,2024-08-15
S_004429,U_002954,Basic,2024-08-15,,active,2024-08-15
S_004430,U_002955,Basic,2024-01-23,,active,2024-01-23
S_004431,U_002956,Basic,2023-07-14,2024-02-09,active,2023-07-14
S_004432,U_002957,Basic,2023-01-03,2024-07-26,canceled,2023-01-03
S_004433,U_002958,Basic,2023-06-28,2024-05-23,active,2023-06-28
S_004434,U_002959,Basic,2022-06-18,2022-09-16,canceled,2022-06-18
S_004435,U_002959,Pro,2022-09-29,2023-05-27,canceled,2022-09-29
S_004436,U_002960,Basic,2024-11-16,,active,2024-11-16
S_004437,U_002960,Basic,2024-11-16,,active,2024-11-16
S_004438,U_002961,Basic,2023-07-21,,active,2023-07-21
S_004439,U_002961,Enterprise,2023-07-21,2024-03-17,canceled,2023-07-21
S_004440,U_002962,Basic,2022-08-31,2024-06-21,canceled,2022-08-31
S_004441,U_002963,Basic,2022-03-20,2024-01-09,canceled,2022-03-20
S_004442,U_002964,Basic,2023-11-15,2024-07-12,canceled,2023-11-15
S_004443,U_002965,Basic,2023-05-28,2024-07-21,active,2023-05-28
S_004444,U_002965,Basic,2024-08-08,2024-12-06,canceled,2024-08-08
S_004445,U_002966,Enterprise,2023-01-26,2023-11-22,canceled,2023-01-26
S_004446,U_002966,Basic,2023-11-28,2024-05-26,canceled,2023-11-28
S_004447,U_002967,Basic,2023-06-19,,active,2023-06-19
S_004448,U_002968,Basic,2023-08-01,2024-03-28,canceled,2023-08-01
S_004449,U_002969,Pro,2024-04-10,,active,2024-04-10
S_004450,U_002970,Pro,2024-08-24,2024-10-23,canceled,2024-08-24
S_004451,U_002970,Pro,2024-11-11,,active,2024-11-11
S_004452,U_002971,Pro,2024-03-25,,active,2024-03-25
S_004453,U_002972,Basic,2023-03-06,2024-01-30,canceled,2023-03-06
S_004454,U_002972,Basic,2024-02-09,,active,2024-02-09
S_004455,U_002973,Basic,2024-11-22,,active,2024-11-22
S_004456,U_002974,Basic,2024-08-17,,active,2024-08-17
S_004457,U_002974,Basic,2024-08-17,,active,2024-08-17
S_004458,U_002975,Basic,2022-06-25,2023-08-19,canceled,2022-06-25
S_004459,U_002976,Basic,2024-05-28,2024-09-25,canceled,2024-05-28
S_004460,U_002977,Pro,2024-06-17,,active,2024-06-17
S_004461,U_002977,Basic,2024-06-17,,active,2024-06-17
S_004462,U_002978,Basic,2022-03-03,2022-09-29,canceled,2022-03-03
S_004463,U_002978,Pro,2022-10-19,2023-12-13,active,2022-10-19
S_004464,U_002979,Basic,2022-09-20,2022-12-19,canceled,2022-09-20
S_004465,U_002980,Basic,2024-10-20,,active,2024-10-20
S_004466,U_002980,Pro,2024-10-20,,active,2024-10-20
S_004467,U_002981,Basic,2023-04-07,2023-12-03,active,2023-04-07
S_004468,U_002981,Enterprise,2024-01-02,2024-11-27,active,2024-01-02
S_004469,U_002982,Basic,2024-04-06,2024-11-02,canceled,2024-04-06
S_004470,U_002982,Basic,2024-11-24,,active,2024-11-24
S_004471,U_002983,Basic,2023-10-30,2024-07-26,active,2023-10-30
S_004472,U_002983,Basic,2024-08-02,,active,2024-08-02
S_004473,U_002984,Basic,2022-03-07,2024-02-25,canceled,2022-03-07
S_004474,U_002984,Basic,2024-03-22,,active,2024-03-22
S_004475,U_002985,Basic,2023-11-08,2024-03-07,canceled,2023-11-08
S_004476,U_002986,Basic,2024-03-11,,active,2024-03-11
S_004477,U_002986,Basic,2024-03-11,,active,2024-03-11
S_004478,U_002987,Basic,2024-03-11,,active,2024-03-11
S_004479,U_002988,Basic,2024-03-02,,active,2024-03-02
S_004480,U_002989,Basic,2022-08-11,2023-12-04,canceled,2022-08-11
S_004481,U_002989,Basic,2023-12-22,,active,2023-12-22
S_004482,U_002990,Basic,2024-07-13,,active,2024-07-13
S_004483,U_002991,Basic,2022-12-18,2023-03-18,canceled,2022-12-18
S_004484,U_002991,Basic,2023-04-14,2024-01-09,canceled,2023-04-14
S_004485,U_002992,Basic,2022-12-30,2023-04-29,canceled,2022-12-30
S_004486,U_002993,Basic,2024-09-27,,active,2024-09-27
S_004487,U_002993,Pro,2024-09-27,2024-11-26,canceled,2024-09-27
S_004488,U_002994,Basic,2023-02-12,2023-07-12,canceled,2023-02-12
S_004489,U_002995,Pro,2023-08-05,2024-07-30,canceled,2023-08-05
S_004490,U_002995,Basic,2024-08-08,,active,2024-08-08
S_004491,U_002996,Basic,2023-08-20,,active,2023-08-20
S_004492,U_002997,Basic,2024-07-20,,active,2024-07-20
S_004493,U_002998,Basic,2024-11-27,,active,2024-11-27
S_004494,U_002999,Enterprise,2023-11-01,2024-05-29,canceled,2023-11-01
S_004495,U_002999,Basic,2024-06-09,2024-09-07,canceled,2024-06-09
S_004496,U_003000,Basic,2022-11-18,2024-05-11,canceled,2022-11-18
